feature,importance
f_132,0.04286956492115853
f_059,0.03344100801856523
f_078,0.02614947631643599
f_511,0.02187555353553938
f_064,0.02089850525562259
f_086,0.020095281737041594
f_305,0.01955644279404041
f_129,0.019178671741701254
f_563,0.018919304077015336
f_120,0.017960548063526136
f_103,0.017782999910868784
f_060,0.01749692741054677
f_058,0.016961091787708486
f_068,0.01585174313918076
f_216,0.015222672166835044
f_169,0.015222583993539809
f_480,0.014840255579535926
f_562,0.01474897190911751
f_082,0.014474181557554077
f_301,0.01444645994929282
f_440,0.014443838006172683
f_548,0.01443562646441557
f_018,0.014277880210930197
f_056,0.013918601760586397
f_080,0.013827150660642442
f_047,0.01349180043118626
f_214,0.01306249027667275
f_500,0.013038293603712609
f_014,0.012985350686930672
f_017,0.012984239403259885
f_126,0.012593787994477523
f_045,0.012185783194733336
f_061,0.012031768663943586
f_020,0.011925746798090626
f_491,0.011805734597994551
f_488,0.011627004990411303
f_075,0.011575711099828008
f_124,0.01107242527481457
f_542,0.010868000522355195
f_091,0.01082374445735885
f_127,0.010418704533135542
f_030,0.010338946334814197
f_071,0.010337570050313223
f_303,0.010299916143464838
f_365,0.010254040045795922
f_037,0.010178772834272388
f_168,0.009952817680334026
f_490,0.009941183934279993
f_271,0.009731231719228184
f_419,0.009723059815024812
f_100,0.009711122705127412
f_415,0.009572734304157744
f_356,0.009541517193763763
f_011,0.009478852491985837
f_472,0.009440790753721263
f_118,0.009342206964800502
f_363,0.009220729795542951
f_104,0.009196483490989477
f_161,0.0091609550959365
f_028,0.009011836066629565
f_123,0.009006121025013396
f_121,0.008936770541320273
f_142,0.008856863404035511
f_348,0.008797961621961139
f_122,0.008774778414018391
f_062,0.008697668304146445
f_405,0.008659042583732124
f_423,0.00862201282503185
f_453,0.008527132621258416
f_188,0.008458812635069469
f_027,0.008457151656963594
f_213,0.008359182022718393
f_485,0.00835469125361262
f_311,0.008283731628038965
f_181,0.008127217715123635
f_413,0.008070771827917007
f_022,0.008064781118272924
f_272,0.007979711111378036
f_308,0.007958702976065688
f_349,0.007955585311425255
f_566,0.007948709920210146
f_587,0.007771215189644862
f_352,0.007715806897109752
f_588,0.007686290917453083
f_366,0.007641599436670829
f_296,0.007594648470287917
f_159,0.007562539715686057
f_145,0.0075319698103434125
f_499,0.007491468472475577
f_432,0.007393322653020906
f_051,0.007391337052137133
f_239,0.007360058761726226
f_025,0.007303036255674167
f_454,0.007236473774950823
f_139,0.0071378656289957315
f_357,0.007067586521493796
f_055,0.0070609192341781575
f_012,0.007048339394902478
f_254,0.007013317319065524
f_316,0.007002129936119101
f_094,0.006994940596132397
f_324,0.006989219629115057
f_571,0.006857544886386051
f_553,0.006813295055049136
f_162,0.006705584022715748
f_084,0.006668429732179715
f_268,0.006622725030218868
f_006,0.0066155162672569675
f_367,0.0065665794043565755
f_448,0.006445240536728957
f_439,0.00639105864953534
f_540,0.006356108191058108
f_029,0.006286192917151004
f_133,0.006247116908424328
f_526,0.006229714987354678
f_177,0.00622408497436196
f_438,0.006223666408816796
f_577,0.006203763574708877
f_211,0.006159063640700225
f_099,0.006158330713578682
f_115,0.006156299997190404
f_024,0.0061422286225527815
f_319,0.00605606028635649
f_096,0.005838042927956645
f_182,0.005827336810752845
f_138,0.005824090122587951
f_547,0.005753752606181405
f_417,0.005705629517485124
f_201,0.0057004963664250155
f_406,0.00567847475336472
f_021,0.005654860093070464
f_302,0.0055756535957323695
f_310,0.005563437998752245
f_095,0.005515161465953149
f_573,0.0054830442260191585
f_484,0.005455438751774835
f_000,0.005328812666652931
f_493,0.005309312372779683
f_087,0.005263133968522198
f_474,0.005229175401137349
f_344,0.005219103419122587
f_143,0.005216070537838275
f_564,0.005201175991910296
f_312,0.0052004549302509225
f_294,0.005159534609932184
f_048,0.005112497242368285
f_354,0.005110396963098025
f_043,0.005040757439515314
f_455,0.005003628724087788
f_495,0.0049094261909934
f_183,0.0048923785462180805
f_223,0.00488107768933052
f_102,0.0048001357184214045
f_046,0.004788408704738623
f_274,0.004748282880349865
f_221,0.004741867949542259
f_460,0.004715235928697875
f_098,0.0046470422498652575
f_377,0.004615419527461014
f_003,0.0046152625128538785
f_569,0.004500917759760118
f_575,0.004472974159305121
f_038,0.0044320202196075804
f_280,0.004423140983892103
f_093,0.00441416595337489
f_568,0.004405727852400062
f_565,0.004361880533758982
f_392,0.004339743069189973
f_456,0.004198437470251717
f_219,0.00418649281394162
f_101,0.004120659580751439
f_361,0.004084821096191814
f_486,0.004071772949788198
f_433,0.004031642411937244
f_050,0.0038795221756174306
f_545,0.003826234023760264
f_144,0.0038186034518563907
f_164,0.0038064885013973327
f_070,0.0037925628933782613
f_445,0.0037313180992233296
f_483,0.0036534750053472008
f_166,0.0036219823720735978
f_482,0.003560351228988666
f_173,0.0035527424506428627
f_113,0.0035007831301491063
f_174,0.0034563070842547165
f_023,0.003450318864270594
f_076,0.003440773139641031
f_172,0.0034261594475226316
f_270,0.0033848777497420255
f_510,0.0033804541261314397
f_549,0.003363020048873146
f_487,0.0033359079674809096
f_238,0.0033352853506176
f_555,0.0032948532503246303
f_376,0.003274279514676048
f_468,0.0032701301888630433
f_586,0.0032192179934049337
f_165,0.0032132108550519405
f_044,0.0032036064295321316
f_146,0.003146912899974419
f_215,0.003144446543031552
f_063,0.0031342896074569174
f_299,0.003134007916690523
f_560,0.0030804865536134016
f_039,0.0030796944747750136
f_443,0.003037250619096297
f_089,0.0030346727881385856
f_054,0.0030023941485206487
f_205,0.0029919761462408436
f_300,0.002963759562869897
f_430,0.00293479529000316
f_171,0.0029240751505296967
f_559,0.0029121065027627032
f_128,0.0028918051458153445
f_125,0.002762512695997262
f_291,0.0027621676603664653
f_210,0.0027420431045564572
f_053,0.002737417265006341
f_167,0.0027243932534011823
f_289,0.0027170928072558238
f_444,0.0026970553914760806
f_304,0.002685245681627871
f_273,0.0026755853545280183
f_368,0.0026474297403319205
f_359,0.002623637653423057
f_278,0.0025880329497187473
f_279,0.0025690116956619893
f_255,0.0025502845952855226
f_317,0.002504502484913522
f_452,0.002478434411107505
f_407,0.0024251814021527826
f_200,0.0023609728040465596
f_010,0.0023250028012564137
f_066,0.0023222710732592054
f_281,0.0023185307735319708
f_116,0.002254421643219503
f_411,0.002241568193130394
f_355,0.00221560181149415
f_077,0.0021853739456778286
f_416,0.002140580695969009
f_388,0.0021350259389549963
f_008,0.002134329278330584
f_306,0.0021001105591517003
f_180,0.002085365471844775
f_154,0.0020726583876443535
f_106,0.0020498376384354097
f_163,0.0019585172187943987
f_033,0.0019518419534518862
f_297,0.0019418248786782176
f_107,0.0019198625524698264
f_250,0.0019100425347243514
f_558,0.0018935177733176403
f_041,0.0018902086551597144
f_184,0.0018867381737822165
f_321,0.0018854314261703843
f_527,0.001869384491207485
f_218,0.0018616309348099909
f_198,0.0018514627061972193
f_002,0.001812389363789791
f_470,0.001811274978387344
f_341,0.0017874706103528308
f_031,0.001774720293353385
f_393,0.0017743955796086922
f_424,0.001766948110104281
f_160,0.0017531885282729143
f_408,0.0017517647033523083
f_334,0.0017386506708643532
f_151,0.001697554321846924
f_582,0.0016566645181515722
f_227,0.0016464295334846326
f_427,0.001641042965365668
f_286,0.0016310947423610331
f_288,0.0016096575476524468
f_153,0.0015936599536405562
f_409,0.0015753190725854378
f_471,0.0015691798471306622
f_425,0.00154934642295984
f_554,0.0015206207008692629
f_543,0.0015169752160479719
f_426,0.001502469402405035
f_015,0.001479712576098519
f_477,0.0014706595526499805
f_525,0.0014633768169154775
f_332,0.0014176066074381851
f_285,0.001414265603530426
f_473,0.0014036163847365468
f_001,0.0013662507097874789
f_522,0.0013595305922048172
f_026,0.0013526887481764133
f_496,0.0013375923246293617
f_083,0.0013308361932749507
f_337,0.001322512766572814
f_217,0.0012962451800294344
f_391,0.0012757552335477364
f_228,0.0012730086582342821
f_150,0.0012518973458518923
f_351,0.0012426382090991717
f_589,0.0012215105085742557
f_457,0.0012152015412732005
f_539,0.0012067638661382015
f_552,0.0011956473549293086
f_497,0.0011612969952716505
f_079,0.0011438743923645079
f_550,0.0011374237307217486
f_431,0.0011341663910761322
f_350,0.001130317688739723
f_137,0.0010769004730036727
f_556,0.0010665844951302126
f_175,0.0010581612126066473
f_476,0.001054354829903399
f_170,0.001047960659648824
f_386,0.0010351695862444482
f_135,0.0010216379108739053
f_212,0.00098254948979401
f_437,0.0009711362670438723
f_119,0.0009707188570191599
f_331,0.0009650238663759672
f_117,0.0009560263146680606
f_253,0.0009435225290282851
f_295,0.0009308684108553753
f_185,0.0009176490483366254
f_318,0.000873439658212522
f_343,0.0008614783270766406
f_489,0.0008535221536915834
f_134,0.0008461807164746644
f_307,0.0008301917278222008
f_224,0.0008237968943471721
f_520,0.0008080691227765848
f_557,0.0008068786507537612
f_418,0.0007966466255308433
f_309,0.0007945180981333824
f_248,0.0007734591269172761
f_323,0.0007504256497781182
f_475,0.000727569208218684
f_155,0.0007274010747975815
f_567,0.0007199687594328979
f_065,0.0007148503020105944
f_040,0.0006950822825108693
f_298,0.0006943097144156801
f_576,0.0006742530866961795
f_446,0.0006722539782571148
f_203,0.0006562607151261706
f_092,0.0006528526756867062
f_412,0.000646872329400576
f_156,0.0006366609937529684
f_131,0.0006040698105855234
f_459,0.0005904846203418524
f_207,0.0005676943723675002
f_428,0.000556153660104763
f_572,0.0005256820428064308
f_196,0.0005203368046654769
f_338,0.0005096043111705504
f_187,0.0005024474144516071
f_429,0.000494657249574584
f_434,0.0004895669022514022
f_267,0.0004871405265901701
f_199,0.00048139779736723636
f_421,0.00047458578723480677
f_081,0.00046528396585734304
f_035,0.0004648856531148561
f_561,0.0004622155182240048
f_007,0.00044801341412872153
f_136,0.0004305861013879049
f_469,0.0004302054147487369
f_544,0.00041947552631259777
f_032,0.0004129597470626021
f_479,0.0004060848340608406
f_269,0.00038920359158422396
f_551,0.0003757406949759912
f_333,0.0003732924155861193
f_108,0.00036635239462476854
f_362,0.0003634566624387337
f_290,0.00035271867629601227
f_202,0.00033154400894239795
f_088,0.0003194358097394989
f_277,0.00031796416077134096
f_225,0.0003125283517688392
f_353,0.0002971418621423555
f_467,0.000276328230507151
f_570,0.0002762320709840106
f_016,0.00027129881496142333
f_283,0.0002606353671609883
f_574,0.0002599021907135508
f_148,0.00025726515937176493
f_447,0.00022686728649294944
f_004,0.00022234691731997218
f_009,0.00020900983192710556
f_275,0.00020253871667360996
f_140,0.000201965436535806
f_057,0.00018450813267129355
f_195,0.00018326240150845496
f_336,0.00017259203112159532
f_130,0.0001555392020640828
f_176,0.00015035172528022846
f_208,0.00014350682284830566
f_494,0.00012531873409860457
f_339,0.00012115060867025452
f_360,0.0001182643845150778
f_147,9.8644281364248e-05
f_251,9.629053623757342e-05
f_335,9.524848937217684e-05
f_389,9.344303916331671e-05
f_282,8.86745813043011e-05
f_523,8.734050295647207e-05
f_410,8.39881251904962e-05
f_420,8.018346522577526e-05
f_320,7.544811527287274e-05
f_583,7.362464016697656e-05
f_222,7.336940446375938e-05
f_197,6.728371572107628e-05
f_105,6.589241270729881e-05
f_541,6.133069666728434e-05
f_584,5.7958578562815125e-05
f_585,4.9370840334653076e-05
f_090,4.0084432303365195e-05
f_442,2.2418700683138326e-05
f_152,1.5365956375283647e-05
f_546,1.3935491022075397e-05
f_019,1.3030698396635426e-05
f_287,1.219227536102338e-05
f_436,9.478406908043907e-06
f_435,9.170281000494092e-06
f_521,7.395715074470011e-06
f_524,6.899780462778146e-06
f_034,6.411289998782463e-06
f_036,6.391669740748161e-06
f_067,4.4605164580155025e-06
f_390,3.1833040107810097e-06
f_252,2.2396812164988943e-06
f_204,1.4471910149160133e-06
f_340,1.025370514271839e-06
f_441,8.819706098278338e-07
f_387,1.0017499017830782e-07
f_249,9.985924060773282e-08
f_114,4.981884343603706e-08
f_342,0.0
f_209,0.0
f_074,0.0
f_206,0.0
f_478,0.0
f_347,0.0
