outer_fold,model,row_index,actual_fail,risk_score,threshold
0,balanced_rf,8,0,0.5119999999999999,0.42466666666666675
0,balanced_rf,33,0,0.4686666666666666,0.42466666666666675
0,balanced_rf,35,0,0.434,0.42466666666666675
0,balanced_rf,46,0,0.532,0.42466666666666675
0,balanced_rf,47,0,0.628,0.42466666666666675
0,balanced_rf,55,0,0.4786666666666667,0.42466666666666675
0,balanced_rf,59,0,0.4753333333333333,0.42466666666666675
0,balanced_rf,86,0,0.44333333333333336,0.42466666666666675
0,balanced_rf,87,0,0.3773333333333333,0.42466666666666675
0,balanced_rf,94,0,0.408,0.42466666666666675
0,balanced_rf,103,0,0.2953333333333334,0.42466666666666675
0,balanced_rf,105,0,0.418,0.42466666666666675
0,balanced_rf,128,0,0.42933333333333334,0.42466666666666675
0,balanced_rf,134,0,0.4266666666666667,0.42466666666666675
0,balanced_rf,157,1,0.3273333333333333,0.42466666666666675
0,balanced_rf,159,0,0.49466666666666675,0.42466666666666675
0,balanced_rf,163,0,0.43799999999999994,0.42466666666666675
0,balanced_rf,167,1,0.5493333333333333,0.42466666666666675
0,balanced_rf,180,1,0.486,0.42466666666666675
0,balanced_rf,182,1,0.45866666666666667,0.42466666666666675
0,balanced_rf,185,0,0.398,0.42466666666666675
0,balanced_rf,186,1,0.5226666666666666,0.42466666666666675
0,balanced_rf,212,0,0.5646666666666667,0.42466666666666675
0,balanced_rf,226,0,0.31199999999999994,0.42466666666666675
0,balanced_rf,236,1,0.5786666666666666,0.42466666666666675
0,balanced_rf,237,0,0.5506666666666667,0.42466666666666675
0,balanced_rf,241,1,0.5573333333333333,0.42466666666666675
0,balanced_rf,244,1,0.3613333333333334,0.42466666666666675
0,balanced_rf,247,0,0.5243333333333333,0.42466666666666675
0,balanced_rf,273,1,0.39133333333333326,0.42466666666666675
0,balanced_rf,275,0,0.552,0.42466666666666675
0,balanced_rf,291,1,0.4473333333333333,0.42466666666666675
0,balanced_rf,293,0,0.38533333333333336,0.42466666666666675
0,balanced_rf,295,0,0.4293333333333333,0.42466666666666675
0,balanced_rf,299,0,0.36333333333333334,0.42466666666666675
0,balanced_rf,300,0,0.548,0.42466666666666675
0,balanced_rf,303,0,0.4506666666666666,0.42466666666666675
0,balanced_rf,308,0,0.44266666666666665,0.42466666666666675
0,balanced_rf,315,0,0.372,0.42466666666666675
0,balanced_rf,316,0,0.408,0.42466666666666675
0,balanced_rf,322,0,0.48733333333333334,0.42466666666666675
0,balanced_rf,324,0,0.43399999999999994,0.42466666666666675
0,balanced_rf,330,0,0.364,0.42466666666666675
0,balanced_rf,348,0,0.3466666666666666,0.42466666666666675
0,balanced_rf,350,0,0.4693333333333333,0.42466666666666675
0,balanced_rf,353,0,0.338,0.42466666666666675
0,balanced_rf,356,0,0.39066666666666666,0.42466666666666675
0,balanced_rf,384,0,0.40733333333333327,0.42466666666666675
0,balanced_rf,391,0,0.4206666666666667,0.42466666666666675
0,balanced_rf,398,0,0.3266666666666666,0.42466666666666675
0,balanced_rf,412,0,0.3373333333333333,0.42466666666666675
0,balanced_rf,419,0,0.31933333333333336,0.42466666666666675
0,balanced_rf,420,0,0.32199999999999995,0.42466666666666675
0,balanced_rf,427,0,0.3663333333333333,0.42466666666666675
0,balanced_rf,432,0,0.3533333333333334,0.42466666666666675
0,balanced_rf,436,0,0.42533333333333334,0.42466666666666675
0,balanced_rf,443,0,0.34800000000000003,0.42466666666666675
0,balanced_rf,463,0,0.336,0.42466666666666675
0,balanced_rf,471,0,0.4099999999999999,0.42466666666666675
0,balanced_rf,474,0,0.324,0.42466666666666675
0,balanced_rf,475,0,0.40266666666666673,0.42466666666666675
0,balanced_rf,477,0,0.3866666666666666,0.42466666666666675
0,balanced_rf,478,0,0.32133333333333325,0.42466666666666675
0,balanced_rf,479,0,0.3446666666666667,0.42466666666666675
0,balanced_rf,489,0,0.3803333333333333,0.42466666666666675
0,balanced_rf,492,0,0.38266666666666677,0.42466666666666675
0,balanced_rf,495,1,0.40133333333333326,0.42466666666666675
0,balanced_rf,504,0,0.366,0.42466666666666675
0,balanced_rf,505,0,0.43933333333333324,0.42466666666666675
0,balanced_rf,517,0,0.42399999999999993,0.42466666666666675
0,balanced_rf,521,0,0.43666666666666665,0.42466666666666675
0,balanced_rf,526,0,0.348,0.42466666666666675
0,balanced_rf,542,0,0.5536666666666666,0.42466666666666675
0,balanced_rf,544,0,0.332,0.42466666666666675
0,balanced_rf,556,0,0.428,0.42466666666666675
0,balanced_rf,558,0,0.3843333333333333,0.42466666666666675
0,balanced_rf,559,0,0.2673333333333333,0.42466666666666675
0,balanced_rf,560,0,0.3946666666666666,0.42466666666666675
0,balanced_rf,564,0,0.36233333333333334,0.42466666666666675
0,balanced_rf,573,0,0.3673333333333333,0.42466666666666675
0,balanced_rf,577,0,0.46199999999999997,0.42466666666666675
0,balanced_rf,589,0,0.3426666666666666,0.42466666666666675
0,balanced_rf,592,0,0.2913333333333334,0.42466666666666675
0,balanced_rf,598,0,0.3173333333333333,0.42466666666666675
0,balanced_rf,601,1,0.37400000000000005,0.42466666666666675
0,balanced_rf,617,0,0.4243333333333334,0.42466666666666675
0,balanced_rf,625,0,0.43266666666666664,0.42466666666666675
0,balanced_rf,632,0,0.3773333333333333,0.42466666666666675
0,balanced_rf,641,0,0.492,0.42466666666666675
0,balanced_rf,663,0,0.2593333333333333,0.42466666666666675
0,balanced_rf,665,0,0.2773333333333333,0.42466666666666675
0,balanced_rf,669,0,0.3519999999999999,0.42466666666666675
0,balanced_rf,682,0,0.3046666666666667,0.42466666666666675
0,balanced_rf,697,0,0.3106666666666667,0.42466666666666675
0,balanced_rf,702,0,0.33033333333333337,0.42466666666666675
0,balanced_rf,710,0,0.4033333333333333,0.42466666666666675
0,balanced_rf,711,0,0.26799999999999996,0.42466666666666675
0,balanced_rf,717,0,0.312,0.42466666666666675
0,balanced_rf,722,0,0.2966666666666667,0.42466666666666675
0,balanced_rf,728,0,0.3393333333333333,0.42466666666666675
0,balanced_rf,731,0,0.3473333333333333,0.42466666666666675
0,balanced_rf,733,0,0.36266666666666664,0.42466666666666675
0,balanced_rf,735,0,0.3486666666666666,0.42466666666666675
0,balanced_rf,739,0,0.3293333333333333,0.42466666666666675
0,balanced_rf,740,0,0.32133333333333336,0.42466666666666675
0,balanced_rf,743,0,0.28800000000000003,0.42466666666666675
0,balanced_rf,745,0,0.4,0.42466666666666675
0,balanced_rf,756,0,0.24199999999999997,0.42466666666666675
0,balanced_rf,761,0,0.3806666666666666,0.42466666666666675
0,balanced_rf,764,0,0.3666666666666667,0.42466666666666675
0,balanced_rf,771,0,0.2653333333333333,0.42466666666666675
0,balanced_rf,773,0,0.4,0.42466666666666675
0,balanced_rf,774,0,0.3853333333333334,0.42466666666666675
0,balanced_rf,780,0,0.30066666666666664,0.42466666666666675
0,balanced_rf,781,0,0.4073333333333333,0.42466666666666675
0,balanced_rf,783,0,0.34133333333333327,0.42466666666666675
0,balanced_rf,790,0,0.36266666666666664,0.42466666666666675
0,balanced_rf,803,0,0.312,0.42466666666666675
0,balanced_rf,805,0,0.37799999999999995,0.42466666666666675
0,balanced_rf,822,0,0.30666666666666664,0.42466666666666675
0,balanced_rf,826,1,0.41,0.42466666666666675
0,balanced_rf,827,0,0.44900000000000007,0.42466666666666675
0,balanced_rf,833,0,0.48200000000000004,0.42466666666666675
0,balanced_rf,835,0,0.3686666666666667,0.42466666666666675
0,balanced_rf,838,0,0.432,0.42466666666666675
0,balanced_rf,842,0,0.3413333333333334,0.42466666666666675
0,balanced_rf,858,0,0.32966666666666655,0.42466666666666675
0,balanced_rf,861,0,0.3393333333333333,0.42466666666666675
0,balanced_rf,864,0,0.3346666666666666,0.42466666666666675
0,balanced_rf,867,0,0.34033333333333327,0.42466666666666675
0,balanced_rf,870,0,0.4106666666666667,0.42466666666666675
0,balanced_rf,871,1,0.38599999999999995,0.42466666666666675
0,balanced_rf,873,0,0.39599999999999996,0.42466666666666675
0,balanced_rf,879,0,0.39533333333333337,0.42466666666666675
0,balanced_rf,883,0,0.4506666666666666,0.42466666666666675
0,balanced_rf,886,0,0.3499999999999999,0.42466666666666675
0,balanced_rf,891,0,0.39533333333333337,0.42466666666666675
0,balanced_rf,892,0,0.3886666666666666,0.42466666666666675
0,balanced_rf,895,0,0.35,0.42466666666666675
0,balanced_rf,896,0,0.3666666666666667,0.42466666666666675
0,balanced_rf,918,0,0.32066666666666666,0.42466666666666675
0,balanced_rf,922,0,0.324,0.42466666666666675
0,balanced_rf,925,0,0.3469999999999999,0.42466666666666675
0,balanced_rf,931,0,0.41566666666666663,0.42466666666666675
0,balanced_rf,935,0,0.2313333333333333,0.42466666666666675
0,balanced_rf,944,0,0.33566666666666667,0.42466666666666675
0,balanced_rf,960,0,0.30666666666666664,0.42466666666666675
0,balanced_rf,966,0,0.4393333333333333,0.42466666666666675
0,balanced_rf,975,0,0.21600000000000003,0.42466666666666675
0,balanced_rf,983,0,0.33666666666666667,0.42466666666666675
0,balanced_rf,991,0,0.2653333333333333,0.42466666666666675
0,balanced_rf,993,0,0.3446666666666667,0.42466666666666675
0,balanced_rf,995,0,0.33866666666666667,0.42466666666666675
0,balanced_rf,1000,0,0.29666666666666663,0.42466666666666675
0,balanced_rf,1009,0,0.30266666666666675,0.42466666666666675
0,balanced_rf,1010,0,0.4313333333333333,0.42466666666666675
0,balanced_rf,1011,0,0.3486666666666666,0.42466666666666675
0,balanced_rf,1012,0,0.32133333333333336,0.42466666666666675
0,balanced_rf,1014,0,0.43,0.42466666666666675
0,balanced_rf,1015,0,0.3783333333333333,0.42466666666666675
0,balanced_rf,1019,0,0.33533333333333326,0.42466666666666675
0,balanced_rf,1024,0,0.44666666666666666,0.42466666666666675
0,balanced_rf,1045,0,0.36333333333333334,0.42466666666666675
0,balanced_rf,1050,0,0.3733333333333333,0.42466666666666675
0,balanced_rf,1059,0,0.43733333333333335,0.42466666666666675
0,balanced_rf,1065,0,0.4703333333333333,0.42466666666666675
0,balanced_rf,1069,0,0.3973333333333333,0.42466666666666675
0,balanced_rf,1078,0,0.308,0.42466666666666675
0,balanced_rf,1083,0,0.3673333333333333,0.42466666666666675
0,balanced_rf,1091,0,0.36066666666666664,0.42466666666666675
0,balanced_rf,1108,0,0.402,0.42466666666666675
0,balanced_rf,1117,0,0.28,0.42466666666666675
0,balanced_rf,1124,0,0.45533333333333337,0.42466666666666675
0,balanced_rf,1128,0,0.3093333333333333,0.42466666666666675
0,balanced_rf,1131,0,0.44333333333333325,0.42466666666666675
0,balanced_rf,1139,0,0.3786666666666667,0.42466666666666675
0,balanced_rf,1143,0,0.3400000000000001,0.42466666666666675
0,balanced_rf,1154,0,0.40166666666666667,0.42466666666666675
0,balanced_rf,1160,0,0.3886666666666666,0.42466666666666675
0,balanced_rf,1177,0,0.2853333333333334,0.42466666666666675
0,balanced_rf,1178,0,0.3433333333333333,0.42466666666666675
0,balanced_rf,1179,0,0.31266666666666665,0.42466666666666675
0,balanced_rf,1181,0,0.29799999999999993,0.42466666666666675
0,balanced_rf,1192,0,0.43333333333333324,0.42466666666666675
0,balanced_rf,1196,0,0.49733333333333335,0.42466666666666675
0,balanced_rf,1199,0,0.35666666666666663,0.42466666666666675
0,balanced_rf,1202,0,0.3846666666666666,0.42466666666666675
0,balanced_rf,1206,0,0.37533333333333335,0.42466666666666675
0,balanced_rf,1207,0,0.36266666666666664,0.42466666666666675
0,balanced_rf,1220,0,0.3893333333333333,0.42466666666666675
0,balanced_rf,1228,0,0.48199999999999993,0.42466666666666675
0,balanced_rf,1233,0,0.44533333333333336,0.42466666666666675
0,balanced_rf,1252,0,0.452,0.42466666666666675
0,balanced_rf,1253,0,0.4053333333333334,0.42466666666666675
0,balanced_rf,1256,0,0.38166666666666665,0.42466666666666675
0,balanced_rf,1269,0,0.34933333333333333,0.42466666666666675
0,balanced_rf,1270,0,0.3703333333333333,0.42466666666666675
0,balanced_rf,1273,0,0.38066666666666676,0.42466666666666675
0,balanced_rf,1286,0,0.426,0.42466666666666675
0,balanced_rf,1289,0,0.441,0.42466666666666675
0,balanced_rf,1290,0,0.42,0.42466666666666675
0,balanced_rf,1301,0,0.4413333333333333,0.42466666666666675
0,balanced_rf,1317,0,0.3453333333333333,0.42466666666666675
0,balanced_rf,1319,0,0.4146666666666667,0.42466666666666675
0,balanced_rf,1320,0,0.4186666666666667,0.42466666666666675
0,balanced_rf,1346,0,0.372,0.42466666666666675
0,balanced_rf,1348,0,0.5026666666666667,0.42466666666666675
0,balanced_rf,1349,0,0.31533333333333335,0.42466666666666675
0,balanced_rf,1355,0,0.4026666666666666,0.42466666666666675
0,balanced_rf,1376,0,0.342,0.42466666666666675
0,balanced_rf,1388,0,0.352,0.42466666666666675
0,balanced_rf,1389,0,0.29,0.42466666666666675
0,balanced_rf,1393,0,0.37533333333333335,0.42466666666666675
0,balanced_rf,1395,0,0.4186666666666667,0.42466666666666675
0,balanced_rf,1400,1,0.5473333333333333,0.42466666666666675
0,balanced_rf,1405,0,0.3853333333333333,0.42466666666666675
0,balanced_rf,1415,0,0.3913333333333333,0.42466666666666675
0,balanced_rf,1418,0,0.32199999999999995,0.42466666666666675
0,balanced_rf,1423,0,0.36266666666666675,0.42466666666666675
0,balanced_rf,1430,0,0.2826666666666666,0.42466666666666675
0,balanced_rf,1440,0,0.4366666666666667,0.42466666666666675
0,balanced_rf,1451,0,0.33866666666666667,0.42466666666666675
0,balanced_rf,1481,0,0.3786666666666667,0.42466666666666675
0,balanced_rf,1490,0,0.32066666666666666,0.42466666666666675
0,balanced_rf,1492,0,0.276,0.42466666666666675
0,balanced_rf,1494,0,0.264,0.42466666666666675
0,balanced_rf,1503,0,0.3573333333333334,0.42466666666666675
0,balanced_rf,1508,0,0.29166666666666663,0.42466666666666675
0,balanced_rf,1513,0,0.33133333333333337,0.42466666666666675
0,balanced_rf,1517,0,0.3566666666666667,0.42466666666666675
0,balanced_rf,1521,0,0.29733333333333334,0.42466666666666675
0,balanced_rf,1523,0,0.31400000000000006,0.42466666666666675
0,balanced_rf,1549,0,0.32933333333333337,0.42466666666666675
0,balanced_rf,1551,0,0.2720000000000001,0.42466666666666675
0,balanced_rf,1556,0,0.388,0.42466666666666675
1,rf_missing,0,0,0.10513654716864317,0.0974857869905633
1,rf_missing,4,0,0.11962230971082712,0.0974857869905633
1,rf_missing,12,0,0.10621276989743063,0.0974857869905633
1,rf_missing,15,0,0.18455843975111313,0.0974857869905633
1,rf_missing,38,1,0.12375918005276579,0.0974857869905633
1,rf_missing,45,1,0.13935800929436085,0.0974857869905633
1,rf_missing,49,1,0.10911558945196857,0.0974857869905633
1,rf_missing,53,0,0.04337956787898102,0.0974857869905633
1,rf_missing,67,0,0.15811116136168357,0.0974857869905633
1,rf_missing,69,0,0.0717201600193963,0.0974857869905633
1,rf_missing,80,0,0.0744316967633659,0.0974857869905633
1,rf_missing,81,0,0.12909107591098604,0.0974857869905633
1,rf_missing,83,0,0.0972443253863344,0.0974857869905633
1,rf_missing,85,0,0.03519234042553191,0.0974857869905633
1,rf_missing,91,0,0.14551217079161435,0.0974857869905633
1,rf_missing,95,0,0.12300562364467396,0.0974857869905633
1,rf_missing,97,0,0.05047860422625157,0.0974857869905633
1,rf_missing,98,0,0.060722238351269484,0.0974857869905633
1,rf_missing,100,0,0.034917755977406886,0.0974857869905633
1,rf_missing,101,0,0.05468108660611383,0.0974857869905633
1,rf_missing,113,0,0.10026448493411488,0.0974857869905633
1,rf_missing,114,0,0.038870681389075845,0.0974857869905633
1,rf_missing,115,1,0.12201240109458858,0.0974857869905633
1,rf_missing,119,0,0.09712504114223039,0.0974857869905633
1,rf_missing,122,0,0.12000439719180632,0.0974857869905633
1,rf_missing,124,0,0.08158619425548967,0.0974857869905633
1,rf_missing,125,0,0.11766271431289296,0.0974857869905633
1,rf_missing,126,0,0.08406569754262867,0.0974857869905633
1,rf_missing,129,0,0.08961211919976071,0.0974857869905633
1,rf_missing,132,0,0.1476460351463158,0.0974857869905633
1,rf_missing,137,0,0.08166914580418852,0.0974857869905633
1,rf_missing,142,0,0.08074166918081963,0.0974857869905633
1,rf_missing,144,0,0.23829650305200262,0.0974857869905633
1,rf_missing,147,0,0.11601870570150272,0.0974857869905633
1,rf_missing,151,0,0.10204144667287553,0.0974857869905633
1,rf_missing,161,0,0.2209621703912493,0.0974857869905633
1,rf_missing,166,0,0.12529767216483975,0.0974857869905633
1,rf_missing,169,1,0.19125993729274995,0.0974857869905633
1,rf_missing,191,0,0.11916633752770843,0.0974857869905633
1,rf_missing,198,0,0.0500644244428555,0.0974857869905633
1,rf_missing,207,0,0.09867406799517522,0.0974857869905633
1,rf_missing,217,0,0.06138857531584075,0.0974857869905633
1,rf_missing,218,1,0.12593423100650028,0.0974857869905633
1,rf_missing,221,0,0.09183888434956736,0.0974857869905633
1,rf_missing,222,1,0.13033737566337308,0.0974857869905633
1,rf_missing,235,1,0.12074805575819786,0.0974857869905633
1,rf_missing,249,0,0.06166566295939097,0.0974857869905633
1,rf_missing,252,0,0.058183301428476344,0.0974857869905633
1,rf_missing,263,0,0.08575782852573922,0.0974857869905633
1,rf_missing,265,0,0.042366252139238544,0.0974857869905633
1,rf_missing,278,0,0.09400327614030261,0.0974857869905633
1,rf_missing,279,0,0.07072639617189586,0.0974857869905633
1,rf_missing,281,0,0.08733760004739252,0.0974857869905633
1,rf_missing,282,1,0.12080472625227616,0.0974857869905633
1,rf_missing,294,1,0.10576250013452838,0.0974857869905633
1,rf_missing,317,0,0.08128911341938067,0.0974857869905633
1,rf_missing,321,1,0.1217662651039703,0.0974857869905633
1,rf_missing,323,1,0.053851493690644806,0.0974857869905633
1,rf_missing,333,0,0.06606329441743393,0.0974857869905633
1,rf_missing,341,0,0.07422738448676255,0.0974857869905633
1,rf_missing,370,0,0.05522239147527901,0.0974857869905633
1,rf_missing,374,0,0.08246114927123471,0.0974857869905633
1,rf_missing,375,0,0.08890716358059987,0.0974857869905633
1,rf_missing,376,0,0.0420829747759839,0.0974857869905633
1,rf_missing,381,0,0.04870815797397244,0.0974857869905633
1,rf_missing,407,0,0.05388182176050612,0.0974857869905633
1,rf_missing,408,0,0.05810065825215755,0.0974857869905633
1,rf_missing,410,0,0.05540425531914893,0.0974857869905633
1,rf_missing,413,0,0.049686712163789636,0.0974857869905633
1,rf_missing,414,0,0.06275801123646434,0.0974857869905633
1,rf_missing,417,0,0.08954468085106383,0.0974857869905633
1,rf_missing,426,0,0.04471139043485242,0.0974857869905633
1,rf_missing,428,0,0.027616240658765293,0.0974857869905633
1,rf_missing,429,0,0.05760382266781274,0.0974857869905633
1,rf_missing,433,0,0.09894460584292186,0.0974857869905633
1,rf_missing,437,0,0.12099794709881162,0.0974857869905633
1,rf_missing,438,0,0.04693562658168526,0.0974857869905633
1,rf_missing,470,0,0.10059113661620232,0.0974857869905633
1,rf_missing,481,0,0.08884720222577301,0.0974857869905633
1,rf_missing,486,0,0.030859574468085106,0.0974857869905633
1,rf_missing,493,0,0.08912041860065463,0.0974857869905633
1,rf_missing,506,0,0.11642270397102901,0.0974857869905633
1,rf_missing,519,0,0.07004431617210541,0.0974857869905633
1,rf_missing,522,0,0.0928086549307449,0.0974857869905633
1,rf_missing,532,0,0.06617394735146166,0.0974857869905633
1,rf_missing,538,0,0.15961584427938977,0.0974857869905633
1,rf_missing,552,0,0.12636070254142803,0.0974857869905633
1,rf_missing,565,0,0.11068428450087266,0.0974857869905633
1,rf_missing,566,0,0.04556530902340265,0.0974857869905633
1,rf_missing,567,0,0.08557023955136997,0.0974857869905633
1,rf_missing,574,0,0.04280885277451085,0.0974857869905633
1,rf_missing,583,1,0.11580137683381687,0.0974857869905633
1,rf_missing,590,0,0.06290555849819353,0.0974857869905633
1,rf_missing,591,0,0.04159181604142652,0.0974857869905633
1,rf_missing,595,0,0.057344100531259094,0.0974857869905633
1,rf_missing,612,0,0.09688492702893581,0.0974857869905633
1,rf_missing,618,0,0.10619877064564638,0.0974857869905633
1,rf_missing,633,0,0.015104935249691415,0.0974857869905633
1,rf_missing,642,0,0.1338854160547439,0.0974857869905633
1,rf_missing,647,0,0.08512132914019507,0.0974857869905633
1,rf_missing,650,0,0.046785212130913995,0.0974857869905633
1,rf_missing,654,0,0.03160340144033404,0.0974857869905633
1,rf_missing,659,0,0.04358471410672256,0.0974857869905633
1,rf_missing,683,0,0.0662462027586152,0.0974857869905633
1,rf_missing,684,0,0.05454468085106382,0.0974857869905633
1,rf_missing,685,0,0.08271621774827041,0.0974857869905633
1,rf_missing,694,0,0.05575432400417079,0.0974857869905633
1,rf_missing,700,0,0.03107646369774029,0.0974857869905633
1,rf_missing,721,0,0.057323198055591995,0.0974857869905633
1,rf_missing,737,0,0.06952225545747713,0.0974857869905633
1,rf_missing,741,0,0.05345620876970548,0.0974857869905633
1,rf_missing,777,0,0.0703531029726858,0.0974857869905633
1,rf_missing,782,0,0.06746808510638298,0.0974857869905633
1,rf_missing,787,0,0.05820696492390885,0.0974857869905633
1,rf_missing,788,0,0.05447305318459887,0.0974857869905633
1,rf_missing,800,0,0.07116602818180198,0.0974857869905633
1,rf_missing,804,0,0.023517303709282622,0.0974857869905633
1,rf_missing,806,0,0.0462253883073202,0.0974857869905633
1,rf_missing,807,0,0.026108690518810925,0.0974857869905633
1,rf_missing,810,0,0.06465346941744006,0.0974857869905633
1,rf_missing,819,0,0.08617794047058681,0.0974857869905633
1,rf_missing,829,0,0.0908140682927011,0.0974857869905633
1,rf_missing,839,0,0.05147572815533981,0.0974857869905633
1,rf_missing,860,0,0.03842976484223236,0.0974857869905633
1,rf_missing,863,0,0.05346338063427997,0.0974857869905633
1,rf_missing,869,0,0.11311156882894371,0.0974857869905633
1,rf_missing,881,0,0.0536338669562795,0.0974857869905633
1,rf_missing,888,0,0.07024250379265798,0.0974857869905633
1,rf_missing,890,0,0.05764402638055241,0.0974857869905633
1,rf_missing,901,0,0.02985565064742859,0.0974857869905633
1,rf_missing,904,0,0.10938140684974591,0.0974857869905633
1,rf_missing,906,0,0.04639925572518732,0.0974857869905633
1,rf_missing,908,0,0.045041082418232466,0.0974857869905633
1,rf_missing,910,0,0.06061616307559964,0.0974857869905633
1,rf_missing,915,0,0.039307240567686606,0.0974857869905633
1,rf_missing,916,0,0.042541690164914985,0.0974857869905633
1,rf_missing,919,0,0.0571094736137527,0.0974857869905633
1,rf_missing,926,1,0.14116946192160928,0.0974857869905633
1,rf_missing,927,0,0.0314595744680851,0.0974857869905633
1,rf_missing,940,0,0.051227734266629674,0.0974857869905633
1,rf_missing,941,0,0.05799435172208774,0.0974857869905633
1,rf_missing,957,0,0.06620126463300008,0.0974857869905633
1,rf_missing,964,0,0.035546740180485856,0.0974857869905633
1,rf_missing,974,0,0.04506092164872232,0.0974857869905633
1,rf_missing,986,0,0.0456517056053119,0.0974857869905633
1,rf_missing,987,0,0.0423999658198893,0.0974857869905633
1,rf_missing,998,0,0.05688388022117102,0.0974857869905633
1,rf_missing,999,0,0.05769291937991117,0.0974857869905633
1,rf_missing,1001,0,0.062403677804090264,0.0974857869905633
1,rf_missing,1021,0,0.09438739860306788,0.0974857869905633
1,rf_missing,1040,0,0.06985543610511764,0.0974857869905633
1,rf_missing,1042,0,0.07282612971351686,0.0974857869905633
1,rf_missing,1043,0,0.045349258088373645,0.0974857869905633
1,rf_missing,1044,0,0.08267067611255705,0.0974857869905633
1,rf_missing,1047,0,0.05802252318874263,0.0974857869905633
1,rf_missing,1051,0,0.038992759298601645,0.0974857869905633
1,rf_missing,1054,0,0.02674575335925045,0.0974857869905633
1,rf_missing,1060,0,0.07648436296512505,0.0974857869905633
1,rf_missing,1063,0,0.09122127659574468,0.0974857869905633
1,rf_missing,1066,0,0.0891231321995159,0.0974857869905633
1,rf_missing,1068,0,0.06514606787636441,0.0974857869905633
1,rf_missing,1072,0,0.02750499001996008,0.0974857869905633
1,rf_missing,1085,0,0.061982842610425685,0.0974857869905633
1,rf_missing,1086,0,0.07056692089975679,0.0974857869905633
1,rf_missing,1093,0,0.054032267785763574,0.0974857869905633
1,rf_missing,1104,0,0.09866130799318298,0.0974857869905633
1,rf_missing,1120,0,0.019723404255319148,0.0974857869905633
1,rf_missing,1141,0,0.09784725871621819,0.0974857869905633
1,rf_missing,1147,0,0.10326934436509105,0.0974857869905633
1,rf_missing,1159,0,0.05354316730103767,0.0974857869905633
1,rf_missing,1161,0,0.0821870216990665,0.0974857869905633
1,rf_missing,1163,0,0.0750738623690713,0.0974857869905633
1,rf_missing,1167,0,0.04626198721128794,0.0974857869905633
1,rf_missing,1174,0,0.140134759120399,0.0974857869905633
1,rf_missing,1183,0,0.09734649224502616,0.0974857869905633
1,rf_missing,1185,1,0.038863508318842624,0.0974857869905633
1,rf_missing,1186,0,0.046340862198670445,0.0974857869905633
1,rf_missing,1190,0,0.08416501732950542,0.0974857869905633
1,rf_missing,1194,0,0.02304716922481288,0.0974857869905633
1,rf_missing,1203,0,0.09296895546335511,0.0974857869905633
1,rf_missing,1217,0,0.1556622842095904,0.0974857869905633
1,rf_missing,1221,0,0.07735639005749863,0.0974857869905633
1,rf_missing,1223,0,0.1927014025563786,0.0974857869905633
1,rf_missing,1230,0,0.12197175466965196,0.0974857869905633
1,rf_missing,1247,0,0.043271240353046525,0.0974857869905633
1,rf_missing,1248,0,0.1017125992711322,0.0974857869905633
1,rf_missing,1251,0,0.05847521996480563,0.0974857869905633
1,rf_missing,1257,0,0.08824589627368531,0.0974857869905633
1,rf_missing,1262,0,0.09288848675832963,0.0974857869905633
1,rf_missing,1267,0,0.13635694764379128,0.0974857869905633
1,rf_missing,1278,0,0.06125669596197003,0.0974857869905633
1,rf_missing,1279,0,0.1295121568589919,0.0974857869905633
1,rf_missing,1287,0,0.05070712597095576,0.0974857869905633
1,rf_missing,1296,0,0.09456474438018066,0.0974857869905633
1,rf_missing,1306,0,0.09410102758708908,0.0974857869905633
1,rf_missing,1322,0,0.057761545587392105,0.0974857869905633
1,rf_missing,1323,0,0.10877859776477389,0.0974857869905633
1,rf_missing,1326,0,0.17369195069889143,0.0974857869905633
1,rf_missing,1339,0,0.05441988363698136,0.0974857869905633
1,rf_missing,1347,0,0.07738154736116508,0.0974857869905633
1,rf_missing,1356,0,0.04301021924564836,0.0974857869905633
1,rf_missing,1362,0,0.07982352404783716,0.0974857869905633
1,rf_missing,1368,0,0.0667150124888727,0.0974857869905633
1,rf_missing,1369,0,0.09416240448607786,0.0974857869905633
1,rf_missing,1373,0,0.04279653105875638,0.0974857869905633
1,rf_missing,1378,0,0.047753191489361704,0.0974857869905633
1,rf_missing,1381,0,0.10085862733313665,0.0974857869905633
1,rf_missing,1384,0,0.027394296951819077,0.0974857869905633
1,rf_missing,1402,0,0.05463105186704264,0.0974857869905633
1,rf_missing,1406,0,0.08075399948146687,0.0974857869905633
1,rf_missing,1409,0,0.0419889279594881,0.0974857869905633
1,rf_missing,1414,0,0.07312650877665121,0.0974857869905633
1,rf_missing,1416,0,0.022837450165764404,0.0974857869905633
1,rf_missing,1420,0,0.09605125164187203,0.0974857869905633
1,rf_missing,1426,0,0.034537761154389605,0.0974857869905633
1,rf_missing,1429,0,0.057496698135362366,0.0974857869905633
1,rf_missing,1445,0,0.05864035720176245,0.0974857869905633
1,rf_missing,1462,0,0.04206256583105119,0.0974857869905633
1,rf_missing,1464,0,0.0541717373677908,0.0974857869905633
1,rf_missing,1471,0,0.04149610540588796,0.0974857869905633
1,rf_missing,1473,0,0.04914546707318006,0.0974857869905633
1,rf_missing,1500,0,0.07421431592968368,0.0974857869905633
1,rf_missing,1501,0,0.023567415001698424,0.0974857869905633
1,rf_missing,1502,0,0.030099345161285342,0.0974857869905633
1,rf_missing,1504,0,0.019251396648044695,0.0974857869905633
1,rf_missing,1505,0,0.05830402943565539,0.0974857869905633
1,rf_missing,1520,0,0.07554077636648958,0.0974857869905633
1,rf_missing,1545,0,0.07060768997932994,0.0974857869905633
1,rf_missing,1548,0,0.06612526411235055,0.0974857869905633
1,rf_missing,1554,0,0.04609432978034355,0.0974857869905633
1,rf_missing,1555,0,0.07295844645754018,0.0974857869905633
1,rf_missing,1559,0,0.02251225785963798,0.0974857869905633
1,rf_missing,1560,0,0.03469787234042553,0.0974857869905633
1,rf_missing,1562,0,0.02371063829787234,0.0974857869905633
1,rf_missing,1566,0,0.05402848419395212,0.0974857869905633
2,rf_missing_pruned,3,0,0.14775242882242742,0.10085542150140893
2,rf_missing_pruned,7,0,0.12897432462165692,0.10085542150140893
2,rf_missing_pruned,16,0,0.061868720840891685,0.10085542150140893
2,rf_missing_pruned,27,0,0.17998354627583305,0.10085542150140893
2,rf_missing_pruned,28,0,0.16692109905958571,0.10085542150140893
2,rf_missing_pruned,30,0,0.11267920054121382,0.10085542150140893
2,rf_missing_pruned,32,0,0.09249555784687272,0.10085542150140893
2,rf_missing_pruned,39,0,0.11728594919286005,0.10085542150140893
2,rf_missing_pruned,56,0,0.08351248751248751,0.10085542150140893
2,rf_missing_pruned,60,0,0.21202483311696987,0.10085542150140893
2,rf_missing_pruned,71,0,0.13717397392732017,0.10085542150140893
2,rf_missing_pruned,74,0,0.08187457205970654,0.10085542150140893
2,rf_missing_pruned,89,0,0.08958805108510212,0.10085542150140893
2,rf_missing_pruned,90,0,0.09621154666435691,0.10085542150140893
2,rf_missing_pruned,92,0,0.15270747465385096,0.10085542150140893
2,rf_missing_pruned,93,0,0.15873200123275663,0.10085542150140893
2,rf_missing_pruned,99,0,0.19087574183972084,0.10085542150140893
2,rf_missing_pruned,106,0,0.07684212726690672,0.10085542150140893
2,rf_missing_pruned,110,0,0.17553114856312546,0.10085542150140893
2,rf_missing_pruned,120,0,0.11638877334797125,0.10085542150140893
2,rf_missing_pruned,127,0,0.12613479443289072,0.10085542150140893
2,rf_missing_pruned,135,0,0.1393552485752875,0.10085542150140893
2,rf_missing_pruned,136,0,0.09602259086560985,0.10085542150140893
2,rf_missing_pruned,143,0,0.16043733233382307,0.10085542150140893
2,rf_missing_pruned,148,0,0.1307861532015051,0.10085542150140893
2,rf_missing_pruned,155,0,0.056139446828359384,0.10085542150140893
2,rf_missing_pruned,156,0,0.1572381693717196,0.10085542150140893
2,rf_missing_pruned,158,1,0.06673102329593208,0.10085542150140893
2,rf_missing_pruned,160,0,0.11558265307762103,0.10085542150140893
2,rf_missing_pruned,164,0,0.11713751314822342,0.10085542150140893
2,rf_missing_pruned,188,1,0.23070031072184735,0.10085542150140893
2,rf_missing_pruned,196,0,0.12049294717293864,0.10085542150140893
2,rf_missing_pruned,197,0,0.10959922630560927,0.10085542150140893
2,rf_missing_pruned,200,0,0.16277123136193072,0.10085542150140893
2,rf_missing_pruned,203,0,0.16969717709185111,0.10085542150140893
2,rf_missing_pruned,210,0,0.10477311784163454,0.10085542150140893
2,rf_missing_pruned,211,0,0.07325600742599006,0.10085542150140893
2,rf_missing_pruned,214,0,0.1933684272159872,0.10085542150140893
2,rf_missing_pruned,225,0,0.11536566627325037,0.10085542150140893
2,rf_missing_pruned,227,0,0.15893604730274552,0.10085542150140893
2,rf_missing_pruned,239,0,0.06638711618999517,0.10085542150140893
2,rf_missing_pruned,243,1,0.27205552565552993,0.10085542150140893
2,rf_missing_pruned,251,0,0.1317699403084115,0.10085542150140893
2,rf_missing_pruned,253,0,0.13035018439312945,0.10085542150140893
2,rf_missing_pruned,257,0,0.06477939440056699,0.10085542150140893
2,rf_missing_pruned,260,0,0.04749361702127659,0.10085542150140893
2,rf_missing_pruned,271,0,0.09348478199259747,0.10085542150140893
2,rf_missing_pruned,274,0,0.09329377065276616,0.10085542150140893
2,rf_missing_pruned,276,0,0.10048836394912368,0.10085542150140893
2,rf_missing_pruned,286,0,0.06935685282342098,0.10085542150140893
2,rf_missing_pruned,292,0,0.10524348773933738,0.10085542150140893
2,rf_missing_pruned,301,0,0.12781284027520057,0.10085542150140893
2,rf_missing_pruned,311,0,0.11304585951384706,0.10085542150140893
2,rf_missing_pruned,327,1,0.06812083916026554,0.10085542150140893
2,rf_missing_pruned,339,0,0.05050670373323663,0.10085542150140893
2,rf_missing_pruned,347,0,0.10637859135731476,0.10085542150140893
2,rf_missing_pruned,360,0,0.12773345891709872,0.10085542150140893
2,rf_missing_pruned,361,0,0.04106166643088669,0.10085542150140893
2,rf_missing_pruned,368,1,0.09530674839867673,0.10085542150140893
2,rf_missing_pruned,371,0,0.09177018526097937,0.10085542150140893
2,rf_missing_pruned,378,0,0.08548744952778328,0.10085542150140893
2,rf_missing_pruned,379,0,0.1406173434013574,0.10085542150140893
2,rf_missing_pruned,396,0,0.07293725763374784,0.10085542150140893
2,rf_missing_pruned,401,0,0.05493304653133969,0.10085542150140893
2,rf_missing_pruned,409,0,0.027438180019782394,0.10085542150140893
2,rf_missing_pruned,411,0,0.06964706504503505,0.10085542150140893
2,rf_missing_pruned,415,0,0.08577133150537593,0.10085542150140893
2,rf_missing_pruned,418,0,0.08170676240342334,0.10085542150140893
2,rf_missing_pruned,441,1,0.0477404255319149,0.10085542150140893
2,rf_missing_pruned,451,0,0.050973690871285414,0.10085542150140893
2,rf_missing_pruned,454,0,0.0655374335892674,0.10085542150140893
2,rf_missing_pruned,466,0,0.08457934694118022,0.10085542150140893
2,rf_missing_pruned,467,0,0.0854634364147864,0.10085542150140893
2,rf_missing_pruned,468,0,0.0578608391010852,0.10085542150140893
2,rf_missing_pruned,482,0,0.01896757700857415,0.10085542150140893
2,rf_missing_pruned,483,0,0.1208379303911958,0.10085542150140893
2,rf_missing_pruned,491,0,0.06444694497151907,0.10085542150140893
2,rf_missing_pruned,494,0,0.07138845724786552,0.10085542150140893
2,rf_missing_pruned,508,1,0.07427721162674876,0.10085542150140893
2,rf_missing_pruned,511,0,0.05841932422294526,0.10085542150140893
2,rf_missing_pruned,514,0,0.06960677574877608,0.10085542150140893
2,rf_missing_pruned,516,0,0.08068605889632118,0.10085542150140893
2,rf_missing_pruned,529,0,0.06958271971520022,0.10085542150140893
2,rf_missing_pruned,543,0,0.05856170212765958,0.10085542150140893
2,rf_missing_pruned,546,0,0.05057863508866784,0.10085542150140893
2,rf_missing_pruned,547,0,0.034751921051612185,0.10085542150140893
2,rf_missing_pruned,554,0,0.057724720458438086,0.10085542150140893
2,rf_missing_pruned,562,0,0.06486132322518828,0.10085542150140893
2,rf_missing_pruned,568,0,0.046077584607342195,0.10085542150140893
2,rf_missing_pruned,578,0,0.09020590446768108,0.10085542150140893
2,rf_missing_pruned,585,0,0.058902873538360996,0.10085542150140893
2,rf_missing_pruned,599,0,0.08867947256868437,0.10085542150140893
2,rf_missing_pruned,602,0,0.07436013685661198,0.10085542150140893
2,rf_missing_pruned,608,0,0.023753191489361704,0.10085542150140893
2,rf_missing_pruned,610,0,0.043273919910805536,0.10085542150140893
2,rf_missing_pruned,614,0,0.04976265020269633,0.10085542150140893
2,rf_missing_pruned,616,0,0.10816127068032183,0.10085542150140893
2,rf_missing_pruned,623,0,0.029617739897011667,0.10085542150140893
2,rf_missing_pruned,624,0,0.05097872340425533,0.10085542150140893
2,rf_missing_pruned,626,0,0.0416354745245652,0.10085542150140893
2,rf_missing_pruned,634,1,0.10003801089887364,0.10085542150140893
2,rf_missing_pruned,637,0,0.04133285315051419,0.10085542150140893
2,rf_missing_pruned,638,0,0.04244645143038526,0.10085542150140893
2,rf_missing_pruned,645,0,0.04223823269580764,0.10085542150140893
2,rf_missing_pruned,646,0,0.019283932177915554,0.10085542150140893
2,rf_missing_pruned,651,0,0.06537464644776256,0.10085542150140893
2,rf_missing_pruned,653,0,0.0347279865473994,0.10085542150140893
2,rf_missing_pruned,656,0,0.02961036899009453,0.10085542150140893
2,rf_missing_pruned,657,0,0.06999154695825356,0.10085542150140893
2,rf_missing_pruned,667,0,0.07939400467383155,0.10085542150140893
2,rf_missing_pruned,670,0,0.051506382978723404,0.10085542150140893
2,rf_missing_pruned,673,0,0.049624936339410355,0.10085542150140893
2,rf_missing_pruned,686,0,0.06126904300228065,0.10085542150140893
2,rf_missing_pruned,690,0,0.08857580699682624,0.10085542150140893
2,rf_missing_pruned,696,0,0.062142274746530064,0.10085542150140893
2,rf_missing_pruned,699,0,0.04966965990953259,0.10085542150140893
2,rf_missing_pruned,716,0,0.08249489730484202,0.10085542150140893
2,rf_missing_pruned,723,0,0.035861309851403414,0.10085542150140893
2,rf_missing_pruned,727,0,0.0711560291748493,0.10085542150140893
2,rf_missing_pruned,732,0,0.02982955152892649,0.10085542150140893
2,rf_missing_pruned,734,0,0.030390042722389064,0.10085542150140893
2,rf_missing_pruned,744,0,0.0630424211445488,0.10085542150140893
2,rf_missing_pruned,749,0,0.04291063829787234,0.10085542150140893
2,rf_missing_pruned,755,0,0.044626976585489746,0.10085542150140893
2,rf_missing_pruned,758,0,0.062850698966929,0.10085542150140893
2,rf_missing_pruned,778,0,0.057970307572945884,0.10085542150140893
2,rf_missing_pruned,784,0,0.06705312680356537,0.10085542150140893
2,rf_missing_pruned,823,0,0.03513617021276595,0.10085542150140893
2,rf_missing_pruned,824,0,0.05669644863570684,0.10085542150140893
2,rf_missing_pruned,830,0,0.0286910504593137,0.10085542150140893
2,rf_missing_pruned,831,1,0.04952629544962026,0.10085542150140893
2,rf_missing_pruned,836,0,0.05472639561828523,0.10085542150140893
2,rf_missing_pruned,848,0,0.05472931299502609,0.10085542150140893
2,rf_missing_pruned,849,0,0.057486147674263466,0.10085542150140893
2,rf_missing_pruned,852,0,0.05347429247154513,0.10085542150140893
2,rf_missing_pruned,859,0,0.03585674931129476,0.10085542150140893
2,rf_missing_pruned,874,0,0.09598948667659686,0.10085542150140893
2,rf_missing_pruned,882,0,0.03927102803738317,0.10085542150140893
2,rf_missing_pruned,889,0,0.06981358233447563,0.10085542150140893
2,rf_missing_pruned,897,0,0.10114238277967585,0.10085542150140893
2,rf_missing_pruned,900,0,0.0338709332079405,0.10085542150140893
2,rf_missing_pruned,933,0,0.05404262787274552,0.10085542150140893
2,rf_missing_pruned,942,0,0.04662930543663867,0.10085542150140893
2,rf_missing_pruned,943,0,0.0826944065227863,0.10085542150140893
2,rf_missing_pruned,948,0,0.06043508299747146,0.10085542150140893
2,rf_missing_pruned,950,0,0.022927659574468084,0.10085542150140893
2,rf_missing_pruned,951,0,0.022942161532761723,0.10085542150140893
2,rf_missing_pruned,952,0,0.07033170189389688,0.10085542150140893
2,rf_missing_pruned,961,0,0.037887492378424495,0.10085542150140893
2,rf_missing_pruned,965,0,0.049271816780267076,0.10085542150140893
2,rf_missing_pruned,968,0,0.047595744680851065,0.10085542150140893
2,rf_missing_pruned,970,0,0.0881636261328166,0.10085542150140893
2,rf_missing_pruned,980,0,0.030926212935155028,0.10085542150140893
2,rf_missing_pruned,985,0,0.082152487842281,0.10085542150140893
2,rf_missing_pruned,992,0,0.06516904671113977,0.10085542150140893
2,rf_missing_pruned,997,0,0.03487641825740106,0.10085542150140893
2,rf_missing_pruned,1017,0,0.05443904258247311,0.10085542150140893
2,rf_missing_pruned,1022,0,0.06562347031542701,0.10085542150140893
2,rf_missing_pruned,1025,0,0.07842528848629544,0.10085542150140893
2,rf_missing_pruned,1030,0,0.08226262788365094,0.10085542150140893
2,rf_missing_pruned,1035,0,0.035248713886302865,0.10085542150140893
2,rf_missing_pruned,1046,0,0.07260230415944696,0.10085542150140893
2,rf_missing_pruned,1055,0,0.057230198943309246,0.10085542150140893
2,rf_missing_pruned,1056,0,0.0336284489205075,0.10085542150140893
2,rf_missing_pruned,1079,0,0.07719083633386944,0.10085542150140893
2,rf_missing_pruned,1088,0,0.06760319651315083,0.10085542150140893
2,rf_missing_pruned,1096,0,0.042524179267217056,0.10085542150140893
2,rf_missing_pruned,1101,0,0.03933589344404082,0.10085542150140893
2,rf_missing_pruned,1105,0,0.06444847322178884,0.10085542150140893
2,rf_missing_pruned,1119,0,0.03007137937309188,0.10085542150140893
2,rf_missing_pruned,1121,0,0.061680060130288775,0.10085542150140893
2,rf_missing_pruned,1125,0,0.03459056757662832,0.10085542150140893
2,rf_missing_pruned,1126,0,0.06685717900596756,0.10085542150140893
2,rf_missing_pruned,1132,0,0.092,0.10085542150140893
2,rf_missing_pruned,1146,0,0.049441018424121436,0.10085542150140893
2,rf_missing_pruned,1151,1,0.07503928071980528,0.10085542150140893
2,rf_missing_pruned,1168,0,0.03894711246200608,0.10085542150140893
2,rf_missing_pruned,1172,0,0.034126894266272696,0.10085542150140893
2,rf_missing_pruned,1176,0,0.07885439295313969,0.10085542150140893
2,rf_missing_pruned,1187,0,0.07079880344533855,0.10085542150140893
2,rf_missing_pruned,1188,0,0.08039478354807711,0.10085542150140893
2,rf_missing_pruned,1193,0,0.062769402804576,0.10085542150140893
2,rf_missing_pruned,1195,0,0.04560873582782334,0.10085542150140893
2,rf_missing_pruned,1235,0,0.06528317055463685,0.10085542150140893
2,rf_missing_pruned,1250,0,0.11146462477032243,0.10085542150140893
2,rf_missing_pruned,1255,0,0.059736170212765956,0.10085542150140893
2,rf_missing_pruned,1264,0,0.06146677236597537,0.10085542150140893
2,rf_missing_pruned,1276,0,0.03869429515978638,0.10085542150140893
2,rf_missing_pruned,1280,0,0.15653654618900717,0.10085542150140893
2,rf_missing_pruned,1285,0,0.038976915290576786,0.10085542150140893
2,rf_missing_pruned,1292,0,0.07692180862397682,0.10085542150140893
2,rf_missing_pruned,1293,0,0.078322929800646,0.10085542150140893
2,rf_missing_pruned,1297,0,0.11232101033064763,0.10085542150140893
2,rf_missing_pruned,1298,0,0.07829908814589666,0.10085542150140893
2,rf_missing_pruned,1299,0,0.12097556517769549,0.10085542150140893
2,rf_missing_pruned,1304,0,0.0925309040630279,0.10085542150140893
2,rf_missing_pruned,1324,1,0.1369023704416876,0.10085542150140893
2,rf_missing_pruned,1325,1,0.071227758320305,0.10085542150140893
2,rf_missing_pruned,1327,1,0.06689561945257537,0.10085542150140893
2,rf_missing_pruned,1329,1,0.06133975215118049,0.10085542150140893
2,rf_missing_pruned,1331,0,0.06120703516494172,0.10085542150140893
2,rf_missing_pruned,1335,0,0.015389139409336297,0.10085542150140893
2,rf_missing_pruned,1342,1,0.060622637127366256,0.10085542150140893
2,rf_missing_pruned,1372,0,0.06566777445020196,0.10085542150140893
2,rf_missing_pruned,1374,0,0.12057609195749332,0.10085542150140893
2,rf_missing_pruned,1391,0,0.042895578330893115,0.10085542150140893
2,rf_missing_pruned,1392,0,0.03481813022785486,0.10085542150140893
2,rf_missing_pruned,1399,0,0.03784309934292558,0.10085542150140893
2,rf_missing_pruned,1401,0,0.05368967909993869,0.10085542150140893
2,rf_missing_pruned,1410,0,0.04990073470081114,0.10085542150140893
2,rf_missing_pruned,1419,0,0.0599594998692587,0.10085542150140893
2,rf_missing_pruned,1425,0,0.038767496188761345,0.10085542150140893
2,rf_missing_pruned,1428,0,0.02740425531914894,0.10085542150140893
2,rf_missing_pruned,1443,1,0.09245861762374015,0.10085542150140893
2,rf_missing_pruned,1449,0,0.06840067895651039,0.10085542150140893
2,rf_missing_pruned,1457,0,0.061188594840957775,0.10085542150140893
2,rf_missing_pruned,1458,0,0.11292707963576362,0.10085542150140893
2,rf_missing_pruned,1461,0,0.09049580586800986,0.10085542150140893
2,rf_missing_pruned,1465,0,0.022621276595744682,0.10085542150140893
2,rf_missing_pruned,1476,0,0.030631515131105444,0.10085542150140893
2,rf_missing_pruned,1483,0,0.03745950272481077,0.10085542150140893
2,rf_missing_pruned,1485,0,0.05793524358987273,0.10085542150140893
2,rf_missing_pruned,1489,0,0.06806395132309313,0.10085542150140893
2,rf_missing_pruned,1507,0,0.06301113637549663,0.10085542150140893
2,rf_missing_pruned,1511,0,0.03520955679249969,0.10085542150140893
2,rf_missing_pruned,1516,0,0.04693365027693533,0.10085542150140893
2,rf_missing_pruned,1518,0,0.029815392457554657,0.10085542150140893
2,rf_missing_pruned,1534,0,0.030646808510638297,0.10085542150140893
2,rf_missing_pruned,1539,0,0.030617719943669963,0.10085542150140893
2,rf_missing_pruned,1544,0,0.057416963820370315,0.10085542150140893
2,rf_missing_pruned,1547,0,0.05817448607860575,0.10085542150140893
2,rf_missing_pruned,1550,0,0.039170212765957446,0.10085542150140893
2,rf_missing_pruned,1558,0,0.02690212765957447,0.10085542150140893
2,rf_missing_pruned,1561,0,0.051273605021461215,0.10085542150140893
2,rf_missing_pruned,1564,0,0.04784300718629077,0.10085542150140893
3,rf_missing,2,1,0.12248768033770349,0.10471790388345038
3,rf_missing,6,0,0.061765960514506675,0.10471790388345038
3,rf_missing,13,0,0.08352857663984259,0.10471790388345038
3,rf_missing,14,1,0.10457728767515052,0.10471790388345038
3,rf_missing,19,0,0.11143350245536358,0.10471790388345038
3,rf_missing,29,0,0.12497040563126645,0.10471790388345038
3,rf_missing,34,0,0.12238343847693561,0.10471790388345038
3,rf_missing,37,0,0.12423606449606453,0.10471790388345038
3,rf_missing,43,0,0.11239124862262334,0.10471790388345038
3,rf_missing,52,0,0.1327250465113755,0.10471790388345038
3,rf_missing,54,0,0.11533842622724248,0.10471790388345038
3,rf_missing,57,1,0.16718518287193668,0.10471790388345038
3,rf_missing,61,0,0.07721132070901239,0.10471790388345038
3,rf_missing,64,1,0.06948545920344591,0.10471790388345038
3,rf_missing,66,0,0.07375526048049254,0.10471790388345038
3,rf_missing,70,0,0.08050226683464418,0.10471790388345038
3,rf_missing,75,0,0.04274881831765473,0.10471790388345038
3,rf_missing,78,0,0.09899435172208775,0.10471790388345038
3,rf_missing,82,1,0.15685517457516268,0.10471790388345038
3,rf_missing,88,0,0.029729661928052698,0.10471790388345038
3,rf_missing,107,0,0.03878374305081816,0.10471790388345038
3,rf_missing,109,0,0.07413842416580911,0.10471790388345038
3,rf_missing,111,0,0.05379607477072426,0.10471790388345038
3,rf_missing,131,1,0.09100735295899492,0.10471790388345038
3,rf_missing,133,0,0.06545157036804151,0.10471790388345038
3,rf_missing,138,0,0.05732553254768001,0.10471790388345038
3,rf_missing,150,0,0.12233019954242759,0.10471790388345038
3,rf_missing,162,0,0.09313665641373751,0.10471790388345038
3,rf_missing,172,0,0.1277804362406117,0.10471790388345038
3,rf_missing,179,0,0.06402414768120948,0.10471790388345038
3,rf_missing,184,0,0.07619449324971894,0.10471790388345038
3,rf_missing,199,0,0.16681997207961202,0.10471790388345038
3,rf_missing,202,0,0.12539607424347904,0.10471790388345038
3,rf_missing,206,0,0.05496218568665377,0.10471790388345038
3,rf_missing,208,0,0.06950886305701988,0.10471790388345038
3,rf_missing,224,0,0.10108065523596305,0.10471790388345038
3,rf_missing,230,0,0.16010325251668547,0.10471790388345038
3,rf_missing,248,0,0.09570405526405426,0.10471790388345038
3,rf_missing,250,0,0.0974380794651478,0.10471790388345038
3,rf_missing,254,0,0.16374481837255195,0.10471790388345038
3,rf_missing,259,0,0.08341702127659575,0.10471790388345038
3,rf_missing,261,0,0.14452503698933866,0.10471790388345038
3,rf_missing,270,0,0.11861690342403772,0.10471790388345038
3,rf_missing,272,0,0.2225097083179528,0.10471790388345038
3,rf_missing,277,1,0.1424822324152015,0.10471790388345038
3,rf_missing,280,0,0.12739987327337624,0.10471790388345038
3,rf_missing,284,0,0.13918125876179716,0.10471790388345038
3,rf_missing,285,0,0.1202435005726905,0.10471790388345038
3,rf_missing,289,0,0.10985895260967389,0.10471790388345038
3,rf_missing,290,0,0.09670615863478224,0.10471790388345038
3,rf_missing,298,0,0.07286969338084567,0.10471790388345038
3,rf_missing,305,0,0.1355543347627262,0.10471790388345038
3,rf_missing,309,0,0.08428606408610599,0.10471790388345038
3,rf_missing,328,0,0.1042165817600734,0.10471790388345038
3,rf_missing,329,0,0.07860950451998486,0.10471790388345038
3,rf_missing,334,0,0.08527052892336064,0.10471790388345038
3,rf_missing,335,0,0.07673998535768342,0.10471790388345038
3,rf_missing,338,0,0.04978863456504595,0.10471790388345038
3,rf_missing,343,0,0.0981508169742565,0.10471790388345038
3,rf_missing,349,0,0.06557432666054498,0.10471790388345038
3,rf_missing,357,0,0.10902962083381015,0.10471790388345038
3,rf_missing,358,0,0.11646990707936429,0.10471790388345038
3,rf_missing,359,0,0.08220469574173177,0.10471790388345038
3,rf_missing,362,0,0.1181067903613655,0.10471790388345038
3,rf_missing,363,0,0.1336293980018255,0.10471790388345038
3,rf_missing,365,0,0.0735189166617439,0.10471790388345038
3,rf_missing,367,0,0.06841761637853974,0.10471790388345038
3,rf_missing,373,1,0.06901179799479043,0.10471790388345038
3,rf_missing,377,0,0.10587964228056168,0.10471790388345038
3,rf_missing,386,0,0.07644145419169414,0.10471790388345038
3,rf_missing,387,0,0.10667831093377096,0.10471790388345038
3,rf_missing,389,0,0.1053690174623206,0.10471790388345038
3,rf_missing,395,0,0.09825553406404469,0.10471790388345038
3,rf_missing,402,0,0.1270937869158524,0.10471790388345038
3,rf_missing,403,0,0.1115808613895915,0.10471790388345038
3,rf_missing,405,0,0.06116918640351371,0.10471790388345038
3,rf_missing,416,0,0.04856291468497442,0.10471790388345038
3,rf_missing,421,0,0.11505284050769819,0.10471790388345038
3,rf_missing,422,0,0.05426395268823465,0.10471790388345038
3,rf_missing,430,0,0.11917929697229443,0.10471790388345038
3,rf_missing,445,0,0.07765793863530313,0.10471790388345038
3,rf_missing,448,1,0.2357227021867929,0.10471790388345038
3,rf_missing,452,0,0.049662868734794,0.10471790388345038
3,rf_missing,453,0,0.07413255851958715,0.10471790388345038
3,rf_missing,472,0,0.035014669921527825,0.10471790388345038
3,rf_missing,473,0,0.04965864861840536,0.10471790388345038
3,rf_missing,480,0,0.05770823219333858,0.10471790388345038
3,rf_missing,485,0,0.0851980779726224,0.10471790388345038
3,rf_missing,490,0,0.07462553191489361,0.10471790388345038
3,rf_missing,499,0,0.1847889690986539,0.10471790388345038
3,rf_missing,503,0,0.07088398671659699,0.10471790388345038
3,rf_missing,507,0,0.05500425531914893,0.10471790388345038
3,rf_missing,509,0,0.0706022908628317,0.10471790388345038
3,rf_missing,523,0,0.04544962832328289,0.10471790388345038
3,rf_missing,525,0,0.09759744811555368,0.10471790388345038
3,rf_missing,534,0,0.09082498828381293,0.10471790388345038
3,rf_missing,536,0,0.042331123723195245,0.10471790388345038
3,rf_missing,539,0,0.10481666200377217,0.10471790388345038
3,rf_missing,540,0,0.09361866383576153,0.10471790388345038
3,rf_missing,541,0,0.1130346671797609,0.10471790388345038
3,rf_missing,548,0,0.055799769596671024,0.10471790388345038
3,rf_missing,581,0,0.0955700593763195,0.10471790388345038
3,rf_missing,584,0,0.049932540033291346,0.10471790388345038
3,rf_missing,586,0,0.03469833477384039,0.10471790388345038
3,rf_missing,603,0,0.04274358077857843,0.10471790388345038
3,rf_missing,609,0,0.09176032018159236,0.10471790388345038
3,rf_missing,613,0,0.04701556426903217,0.10471790388345038
3,rf_missing,636,0,0.07397494207709264,0.10471790388345038
3,rf_missing,639,0,0.0740203866273528,0.10471790388345038
3,rf_missing,648,0,0.09701535176556271,0.10471790388345038
3,rf_missing,661,0,0.11084910736121302,0.10471790388345038
3,rf_missing,662,0,0.08191179637907997,0.10471790388345038
3,rf_missing,668,0,0.10642390473842053,0.10471790388345038
3,rf_missing,677,0,0.04221471524994887,0.10471790388345038
3,rf_missing,681,0,0.04228650283952368,0.10471790388345038
3,rf_missing,687,0,0.0618371752960718,0.10471790388345038
3,rf_missing,692,0,0.03585446527012128,0.10471790388345038
3,rf_missing,695,0,0.06675436952612282,0.10471790388345038
3,rf_missing,701,0,0.038131232194927096,0.10471790388345038
3,rf_missing,718,0,0.07950176759795428,0.10471790388345038
3,rf_missing,724,0,0.03921702127659574,0.10471790388345038
3,rf_missing,746,0,0.05141702127659575,0.10471790388345038
3,rf_missing,747,0,0.0780411065521763,0.10471790388345038
3,rf_missing,757,0,0.07824295221597109,0.10471790388345038
3,rf_missing,759,0,0.05516836245170791,0.10471790388345038
3,rf_missing,760,0,0.06584268408262209,0.10471790388345038
3,rf_missing,762,0,0.07409138510858818,0.10471790388345038
3,rf_missing,763,0,0.07240364466353813,0.10471790388345038
3,rf_missing,779,0,0.027693617021276595,0.10471790388345038
3,rf_missing,785,0,0.022580582452751317,0.10471790388345038
3,rf_missing,789,0,0.062190078884414336,0.10471790388345038
3,rf_missing,791,0,0.05613525965816865,0.10471790388345038
3,rf_missing,797,1,0.04145116752336034,0.10471790388345038
3,rf_missing,799,0,0.039287394156798626,0.10471790388345038
3,rf_missing,801,0,0.05942127659574468,0.10471790388345038
3,rf_missing,809,0,0.065917773156295,0.10471790388345038
3,rf_missing,812,0,0.03473889087311121,0.10471790388345038
3,rf_missing,815,0,0.054300284694402484,0.10471790388345038
3,rf_missing,843,0,0.04243795592705167,0.10471790388345038
3,rf_missing,851,0,0.03542127659574468,0.10471790388345038
3,rf_missing,853,0,0.113586990613955,0.10471790388345038
3,rf_missing,854,0,0.058311740577122996,0.10471790388345038
3,rf_missing,856,0,0.1079297178039464,0.10471790388345038
3,rf_missing,857,0,0.09510499046804337,0.10471790388345038
3,rf_missing,875,0,0.07372528506314747,0.10471790388345038
3,rf_missing,880,0,0.09421211704162459,0.10471790388345038
3,rf_missing,902,0,0.0422936170212766,0.10471790388345038
3,rf_missing,917,0,0.053991578253977164,0.10471790388345038
3,rf_missing,920,0,0.03426431334622824,0.10471790388345038
3,rf_missing,921,0,0.05449077260386365,0.10471790388345038
3,rf_missing,923,0,0.04677881956965982,0.10471790388345038
3,rf_missing,937,0,0.08228936170212767,0.10471790388345038
3,rf_missing,938,0,0.05466808510638298,0.10471790388345038
3,rf_missing,945,0,0.02,0.10471790388345038
3,rf_missing,958,0,0.08170305261249958,0.10471790388345038
3,rf_missing,963,0,0.05558273529480608,0.10471790388345038
3,rf_missing,969,0,0.04142723015399358,0.10471790388345038
3,rf_missing,976,0,0.058627974642152324,0.10471790388345038
3,rf_missing,977,0,0.05880473887814314,0.10471790388345038
3,rf_missing,984,0,0.023008964633099278,0.10471790388345038
3,rf_missing,990,0,0.06341106719550829,0.10471790388345038
3,rf_missing,994,0,0.012,0.10471790388345038
3,rf_missing,1002,0,0.044975599676363484,0.10471790388345038
3,rf_missing,1013,0,0.03043014283962534,0.10471790388345038
3,rf_missing,1020,0,0.03427357924132354,0.10471790388345038
3,rf_missing,1026,0,0.13284500831121085,0.10471790388345038
3,rf_missing,1028,0,0.12351826790011917,0.10471790388345038
3,rf_missing,1041,0,0.13322516705203538,0.10471790388345038
3,rf_missing,1061,0,0.08936543214631847,0.10471790388345038
3,rf_missing,1067,0,0.039596531058756386,0.10471790388345038
3,rf_missing,1071,0,0.035085589941972924,0.10471790388345038
3,rf_missing,1074,0,0.05148510638297873,0.10471790388345038
3,rf_missing,1075,0,0.04237940154276511,0.10471790388345038
3,rf_missing,1077,0,0.05038455266714151,0.10471790388345038
3,rf_missing,1087,0,0.06954301951438592,0.10471790388345038
3,rf_missing,1100,0,0.030592799128135104,0.10471790388345038
3,rf_missing,1102,0,0.05050451308488794,0.10471790388345038
3,rf_missing,1107,0,0.04317872340425532,0.10471790388345038
3,rf_missing,1111,0,0.023311017354502972,0.10471790388345038
3,rf_missing,1112,0,0.023315220589952588,0.10471790388345038
3,rf_missing,1113,0,0.02712210492122787,0.10471790388345038
3,rf_missing,1114,0,0.04732542324834245,0.10471790388345038
3,rf_missing,1118,0,0.08953365089446383,0.10471790388345038
3,rf_missing,1144,1,0.05062124396177824,0.10471790388345038
3,rf_missing,1145,0,0.07386539102342958,0.10471790388345038
3,rf_missing,1153,0,0.09330588167637294,0.10471790388345038
3,rf_missing,1165,0,0.041839597638740726,0.10471790388345038
3,rf_missing,1169,0,0.05537531726187668,0.10471790388345038
3,rf_missing,1171,0,0.08986030179387842,0.10471790388345038
3,rf_missing,1173,0,0.05471039486927417,0.10471790388345038
3,rf_missing,1182,0,0.023736170212765955,0.10471790388345038
3,rf_missing,1210,0,0.08306294162450968,0.10471790388345038
3,rf_missing,1215,0,0.06973345388422274,0.10471790388345038
3,rf_missing,1216,0,0.12922546439467972,0.10471790388345038
3,rf_missing,1224,0,0.06724477175035051,0.10471790388345038
3,rf_missing,1238,1,0.036950163288592436,0.10471790388345038
3,rf_missing,1246,0,0.0553512519424679,0.10471790388345038
3,rf_missing,1260,0,0.10059100615307077,0.10471790388345038
3,rf_missing,1265,0,0.05508060763523161,0.10471790388345038
3,rf_missing,1275,0,0.04996257126060165,0.10471790388345038
3,rf_missing,1277,0,0.03854873262416579,0.10471790388345038
3,rf_missing,1281,0,0.05071455516555478,0.10471790388345038
3,rf_missing,1284,0,0.11663112846501951,0.10471790388345038
3,rf_missing,1288,0,0.05400473887814314,0.10471790388345038
3,rf_missing,1300,0,0.09079242873569039,0.10471790388345038
3,rf_missing,1303,1,0.0815895905238686,0.10471790388345038
3,rf_missing,1308,0,0.03484589911086917,0.10471790388345038
3,rf_missing,1313,0,0.11289256019456557,0.10471790388345038
3,rf_missing,1318,0,0.058542939297598136,0.10471790388345038
3,rf_missing,1330,0,0.07565886422284542,0.10471790388345038
3,rf_missing,1338,0,0.04296401010703297,0.10471790388345038
3,rf_missing,1340,0,0.07003548032809066,0.10471790388345038
3,rf_missing,1358,0,0.031241453119003965,0.10471790388345038
3,rf_missing,1363,1,0.0772576569891233,0.10471790388345038
3,rf_missing,1365,1,0.07007232732252774,0.10471790388345038
3,rf_missing,1380,0,0.007603592967451805,0.10471790388345038
3,rf_missing,1404,0,0.05226284192653805,0.10471790388345038
3,rf_missing,1413,0,0.03845957446808511,0.10471790388345038
3,rf_missing,1435,0,0.0654277261172698,0.10471790388345038
3,rf_missing,1438,1,0.06944018876917411,0.10471790388345038
3,rf_missing,1444,0,0.05516023135003181,0.10471790388345038
3,rf_missing,1450,0,0.05569787234042553,0.10471790388345038
3,rf_missing,1455,0,0.03388512889235014,0.10471790388345038
3,rf_missing,1468,0,0.05365403391775184,0.10471790388345038
3,rf_missing,1469,0,0.0541040084636182,0.10471790388345038
3,rf_missing,1475,0,0.03872585374734206,0.10471790388345038
3,rf_missing,1484,0,0.022865291147691022,0.10471790388345038
3,rf_missing,1496,0,0.044,0.10471790388345038
3,rf_missing,1506,0,0.03548936170212766,0.10471790388345038
3,rf_missing,1514,0,0.038095927682505616,0.10471790388345038
3,rf_missing,1524,0,0.04710749785825773,0.10471790388345038
3,rf_missing,1530,0,0.07728667867676388,0.10471790388345038
3,rf_missing,1535,0,0.04170923640446773,0.10471790388345038
3,rf_missing,1538,0,0.01895744680851064,0.10471790388345038
3,rf_missing,1542,0,0.03869994468408249,0.10471790388345038
4,rf_missing,10,1,0.17234495646816161,0.09344631531272667
4,rf_missing,22,0,0.10736935888714257,0.09344631531272667
4,rf_missing,36,0,0.13556677969384792,0.09344631531272667
4,rf_missing,40,1,0.15786201345827505,0.09344631531272667
4,rf_missing,63,0,0.13302336095092723,0.09344631531272667
4,rf_missing,72,0,0.09114283508085137,0.09344631531272667
4,rf_missing,73,0,0.13738000782882429,0.09344631531272667
4,rf_missing,76,0,0.1065760088885401,0.09344631531272667
4,rf_missing,77,0,0.15195716918935348,0.09344631531272667
4,rf_missing,84,0,0.0897802042940112,0.09344631531272667
4,rf_missing,102,0,0.06672765957446808,0.09344631531272667
4,rf_missing,117,0,0.07759723927272932,0.09344631531272667
4,rf_missing,118,0,0.14815216691322067,0.09344631531272667
4,rf_missing,123,0,0.11183717895364251,0.09344631531272667
4,rf_missing,139,0,0.0828808510638298,0.09344631531272667
4,rf_missing,145,0,0.08196828670698733,0.09344631531272667
4,rf_missing,152,0,0.11662451325986686,0.09344631531272667
4,rf_missing,168,0,0.1570890909153975,0.09344631531272667
4,rf_missing,171,0,0.14655398596011138,0.09344631531272667
4,rf_missing,177,0,0.12540779961998413,0.09344631531272667
4,rf_missing,181,0,0.0904100090929664,0.09344631531272667
4,rf_missing,192,0,0.1964217256831988,0.09344631531272667
4,rf_missing,193,0,0.15565476681234344,0.09344631531272667
4,rf_missing,194,0,0.20732912092904107,0.09344631531272667
4,rf_missing,201,0,0.0567118725016166,0.09344631531272667
4,rf_missing,204,0,0.02686292941316905,0.09344631531272667
4,rf_missing,205,0,0.07749563167508619,0.09344631531272667
4,rf_missing,213,0,0.15470397687418963,0.09344631531272667
4,rf_missing,223,0,0.22738699017393793,0.09344631531272667
4,rf_missing,229,0,0.22251344608772872,0.09344631531272667
4,rf_missing,240,1,0.11124255319148936,0.09344631531272667
4,rf_missing,256,0,0.12496921157326567,0.09344631531272667
4,rf_missing,262,0,0.19024641465841322,0.09344631531272667
4,rf_missing,266,0,0.08864271979493178,0.09344631531272667
4,rf_missing,267,0,0.17235675877228082,0.09344631531272667
4,rf_missing,302,0,0.16439309350943612,0.09344631531272667
4,rf_missing,304,0,0.11677301132658843,0.09344631531272667
4,rf_missing,310,0,0.18806335353895282,0.09344631531272667
4,rf_missing,312,0,0.1180392455896595,0.09344631531272667
4,rf_missing,314,0,0.09952000000000001,0.09344631531272667
4,rf_missing,318,0,0.05011914893617021,0.09344631531272667
4,rf_missing,319,0,0.09917899571422262,0.09344631531272667
4,rf_missing,332,0,0.13955605141803687,0.09344631531272667
4,rf_missing,340,0,0.08887694014300504,0.09344631531272667
4,rf_missing,346,0,0.11410811897957024,0.09344631531272667
4,rf_missing,351,1,0.12160309695165072,0.09344631531272667
4,rf_missing,354,0,0.19992122033391976,0.09344631531272667
4,rf_missing,380,0,0.1650507937739174,0.09344631531272667
4,rf_missing,382,0,0.10494040913244733,0.09344631531272667
4,rf_missing,385,0,0.08844288426097871,0.09344631531272667
4,rf_missing,388,0,0.08247706518919207,0.09344631531272667
4,rf_missing,393,0,0.1481480127700441,0.09344631531272667
4,rf_missing,394,0,0.1019150640156767,0.09344631531272667
4,rf_missing,400,0,0.07762755542552854,0.09344631531272667
4,rf_missing,404,0,0.038339780328781534,0.09344631531272667
4,rf_missing,406,1,0.1765209162074695,0.09344631531272667
4,rf_missing,423,0,0.18370552213001942,0.09344631531272667
4,rf_missing,425,0,0.07387395998729755,0.09344631531272667
4,rf_missing,431,0,0.12762630311069526,0.09344631531272667
4,rf_missing,439,0,0.12396507105991603,0.09344631531272667
4,rf_missing,446,0,0.1388339121677937,0.09344631531272667
4,rf_missing,447,0,0.11010100813062391,0.09344631531272667
4,rf_missing,456,0,0.029679551360366305,0.09344631531272667
4,rf_missing,462,0,0.06946367564110656,0.09344631531272667
4,rf_missing,469,0,0.03528112821117183,0.09344631531272667
4,rf_missing,484,0,0.14232124622728354,0.09344631531272667
4,rf_missing,487,0,0.08047678303129081,0.09344631531272667
4,rf_missing,488,0,0.05382882416187004,0.09344631531272667
4,rf_missing,497,0,0.06642312581035985,0.09344631531272667
4,rf_missing,498,0,0.0462317085727111,0.09344631531272667
4,rf_missing,501,0,0.07413084922614234,0.09344631531272667
4,rf_missing,510,0,0.09436985372035792,0.09344631531272667
4,rf_missing,513,0,0.03415367504835589,0.09344631531272667
4,rf_missing,528,0,0.04075691326720468,0.09344631531272667
4,rf_missing,551,0,0.061117251875202894,0.09344631531272667
4,rf_missing,555,0,0.04,0.09344631531272667
4,rf_missing,561,0,0.07198501851198498,0.09344631531272667
4,rf_missing,575,0,0.06941610712780498,0.09344631531272667
4,rf_missing,580,0,0.12840377686995488,0.09344631531272667
4,rf_missing,588,0,0.05887234042553191,0.09344631531272667
4,rf_missing,593,0,0.07155076258814257,0.09344631531272667
4,rf_missing,594,0,0.04161681752379803,0.09344631531272667
4,rf_missing,596,0,0.08542790764708039,0.09344631531272667
4,rf_missing,597,0,0.08275744680851065,0.09344631531272667
4,rf_missing,605,1,0.08621561683782798,0.09344631531272667
4,rf_missing,606,0,0.03922773426662968,0.09344631531272667
4,rf_missing,607,0,0.09831591212931481,0.09344631531272667
4,rf_missing,619,0,0.08621105700288126,0.09344631531272667
4,rf_missing,620,0,0.04937062991922763,0.09344631531272667
4,rf_missing,622,0,0.04907282476914811,0.09344631531272667
4,rf_missing,631,0,0.03807553049176791,0.09344631531272667
4,rf_missing,644,0,0.03451626219032126,0.09344631531272667
4,rf_missing,649,0,0.0752632225437953,0.09344631531272667
4,rf_missing,655,0,0.06169475125494782,0.09344631531272667
4,rf_missing,660,0,0.07755122840991607,0.09344631531272667
4,rf_missing,664,0,0.06153991464167729,0.09344631531272667
4,rf_missing,671,0,0.05477463848376178,0.09344631531272667
4,rf_missing,675,0,0.03048387426355277,0.09344631531272667
4,rf_missing,676,0,0.05497021276595745,0.09344631531272667
4,rf_missing,679,0,0.07716048173706146,0.09344631531272667
4,rf_missing,680,0,0.05929162900449206,0.09344631531272667
4,rf_missing,688,0,0.047270006863417986,0.09344631531272667
4,rf_missing,703,0,0.0947162469664467,0.09344631531272667
4,rf_missing,704,0,0.05646731027173022,0.09344631531272667
4,rf_missing,719,0,0.022966290265065973,0.09344631531272667
4,rf_missing,729,0,0.05474978534698307,0.09344631531272667
4,rf_missing,736,0,0.038821756641308325,0.09344631531272667
4,rf_missing,738,0,0.061200212446680884,0.09344631531272667
4,rf_missing,742,0,0.06179274281498771,0.09344631531272667
4,rf_missing,767,0,0.08040598390992784,0.09344631531272667
4,rf_missing,768,0,0.047328774454002416,0.09344631531272667
4,rf_missing,770,0,0.06618442294599944,0.09344631531272667
4,rf_missing,772,0,0.03390075314431478,0.09344631531272667
4,rf_missing,775,0,0.07015812182168547,0.09344631531272667
4,rf_missing,794,0,0.0643548944417115,0.09344631531272667
4,rf_missing,796,0,0.08143599108471618,0.09344631531272667
4,rf_missing,802,0,0.06569708842980633,0.09344631531272667
4,rf_missing,808,0,0.0516036400404449,0.09344631531272667
4,rf_missing,813,0,0.02373191489361702,0.09344631531272667
4,rf_missing,814,0,0.03802114454880413,0.09344631531272667
4,rf_missing,821,0,0.015415670804342998,0.09344631531272667
4,rf_missing,825,0,0.05385244420847836,0.09344631531272667
4,rf_missing,832,0,0.06556020610639081,0.09344631531272667
4,rf_missing,841,0,0.06169513271961792,0.09344631531272667
4,rf_missing,845,0,0.09981724565280013,0.09344631531272667
4,rf_missing,878,0,0.07321695696117102,0.09344631531272667
4,rf_missing,884,0,0.050393225362548956,0.09344631531272667
4,rf_missing,885,0,0.04244960682222366,0.09344631531272667
4,rf_missing,894,0,0.03433464520706208,0.09344631531272667
4,rf_missing,898,0,0.0355421609152332,0.09344631531272667
4,rf_missing,911,0,0.04525174453708616,0.09344631531272667
4,rf_missing,913,0,0.033621538074921756,0.09344631531272667
4,rf_missing,924,1,0.09112352000696605,0.09344631531272667
4,rf_missing,929,1,0.07536598261234344,0.09344631531272667
4,rf_missing,934,0,0.03445617021276595,0.09344631531272667
4,rf_missing,949,0,0.027143381516972553,0.09344631531272667
4,rf_missing,955,0,0.026881529202339577,0.09344631531272667
4,rf_missing,962,0,0.023095927265825877,0.09344631531272667
4,rf_missing,971,0,0.018145237086383246,0.09344631531272667
4,rf_missing,979,0,0.0670468085106383,0.09344631531272667
4,rf_missing,981,0,0.041601795070783536,0.09344631531272667
4,rf_missing,982,0,0.01899004272238907,0.09344631531272667
4,rf_missing,988,0,0.03901412073990457,0.09344631531272667
4,rf_missing,1006,0,0.029628181375752276,0.09344631531272667
4,rf_missing,1007,0,0.09282273247887493,0.09344631531272667
4,rf_missing,1008,0,0.053462761785565284,0.09344631531272667
4,rf_missing,1016,0,0.03000224578356164,0.09344631531272667
4,rf_missing,1018,0,0.03084194973423572,0.09344631531272667
4,rf_missing,1023,0,0.027239652654798184,0.09344631531272667
4,rf_missing,1029,1,0.04672956978239033,0.09344631531272667
4,rf_missing,1039,0,0.04752088431948852,0.09344631531272667
4,rf_missing,1053,0,0.0503477149673287,0.09344631531272667
4,rf_missing,1062,1,0.05340341244121773,0.09344631531272667
4,rf_missing,1064,0,0.04338828004279092,0.09344631531272667
4,rf_missing,1076,0,0.0550070310771079,0.09344631531272667
4,rf_missing,1082,0,0.05062301259659151,0.09344631531272667
4,rf_missing,1084,0,0.046212464342440016,0.09344631531272667
4,rf_missing,1089,0,0.04637787277231783,0.09344631531272667
4,rf_missing,1109,0,0.053824816916482,0.09344631531272667
4,rf_missing,1110,0,0.09827156188343197,0.09344631531272667
4,rf_missing,1115,0,0.08587121456389347,0.09344631531272667
4,rf_missing,1127,0,0.053864087492126275,0.09344631531272667
4,rf_missing,1130,0,0.05073178284667647,0.09344631531272667
4,rf_missing,1133,0,0.10057073349311425,0.09344631531272667
4,rf_missing,1135,0,0.027580753979858003,0.09344631531272667
4,rf_missing,1136,0,0.035710638297872334,0.09344631531272667
4,rf_missing,1149,0,0.08304494424589484,0.09344631531272667
4,rf_missing,1155,0,0.0690022520427359,0.09344631531272667
4,rf_missing,1158,0,0.07022702404925575,0.09344631531272667
4,rf_missing,1164,0,0.04915577239715265,0.09344631531272667
4,rf_missing,1170,0,0.05088110750348664,0.09344631531272667
4,rf_missing,1180,0,0.08622269231681723,0.09344631531272667
4,rf_missing,1198,0,0.056497638900998855,0.09344631531272667
4,rf_missing,1200,0,0.04599650039327406,0.09344631531272667
4,rf_missing,1201,0,0.05173191489361702,0.09344631531272667
4,rf_missing,1211,1,0.057315277421440665,0.09344631531272667
4,rf_missing,1214,0,0.11901032086301913,0.09344631531272667
4,rf_missing,1227,1,0.08440303074424117,0.09344631531272667
4,rf_missing,1232,0,0.0736339921897463,0.09344631531272667
4,rf_missing,1234,0,0.10586275738559985,0.09344631531272667
4,rf_missing,1240,0,0.10287053155877343,0.09344631531272667
4,rf_missing,1241,1,0.05000239498107094,0.09344631531272667
4,rf_missing,1243,0,0.05852315671597807,0.09344631531272667
4,rf_missing,1244,0,0.11330012831773052,0.09344631531272667
4,rf_missing,1258,0,0.03949674832551136,0.09344631531272667
4,rf_missing,1261,0,0.10413896275957699,0.09344631531272667
4,rf_missing,1263,0,0.06352314333831448,0.09344631531272667
4,rf_missing,1266,0,0.04342127659574468,0.09344631531272667
4,rf_missing,1291,0,0.05043198958577861,0.09344631531272667
4,rf_missing,1302,1,0.055744680851063835,0.09344631531272667
4,rf_missing,1311,0,0.06672782997312347,0.09344631531272667
4,rf_missing,1312,0,0.09240764727176257,0.09344631531272667
4,rf_missing,1321,0,0.09714693302906077,0.09344631531272667
4,rf_missing,1332,0,0.05796668129281935,0.09344631531272667
4,rf_missing,1337,0,0.03799157386797739,0.09344631531272667
4,rf_missing,1341,0,0.06302301197906299,0.09344631531272667
4,rf_missing,1343,1,0.038481640565339474,0.09344631531272667
4,rf_missing,1359,0,0.10123579429717036,0.09344631531272667
4,rf_missing,1371,0,0.03946382978723405,0.09344631531272667
4,rf_missing,1379,0,0.1014403995558952,0.09344631531272667
4,rf_missing,1383,0,0.04315665222732297,0.09344631531272667
4,rf_missing,1386,0,0.05061940570320341,0.09344631531272667
4,rf_missing,1387,0,0.09410170982588462,0.09344631531272667
4,rf_missing,1403,0,0.029845761107671273,0.09344631531272667
4,rf_missing,1408,0,0.05329138680689445,0.09344631531272667
4,rf_missing,1417,0,0.05033416001300489,0.09344631531272667
4,rf_missing,1422,0,0.050349419729206965,0.09344631531272667
4,rf_missing,1427,0,0.08538977313428078,0.09344631531272667
4,rf_missing,1434,0,0.0623106354668354,0.09344631531272667
4,rf_missing,1436,0,0.04640696276623947,0.09344631531272667
4,rf_missing,1447,0,0.06268517821075956,0.09344631531272667
4,rf_missing,1452,0,0.07979661717659581,0.09344631531272667
4,rf_missing,1454,0,0.05817360387195766,0.09344631531272667
4,rf_missing,1459,0,0.054598607041236674,0.09344631531272667
4,rf_missing,1460,0,0.051736170212765956,0.09344631531272667
4,rf_missing,1463,0,0.01973617021276596,0.09344631531272667
4,rf_missing,1467,0,0.08086140829936436,0.09344631531272667
4,rf_missing,1470,0,0.04940993708968204,0.09344631531272667
4,rf_missing,1480,0,0.03034244031706487,0.09344631531272667
4,rf_missing,1487,0,0.03809111537139848,0.09344631531272667
4,rf_missing,1488,0,0.03772147810006505,0.09344631531272667
4,rf_missing,1497,0,0.045814416982831854,0.09344631531272667
4,rf_missing,1509,0,0.023551010490132165,0.09344631531272667
4,rf_missing,1510,0,0.052143022574159814,0.09344631531272667
4,rf_missing,1512,0,0.030512073726452364,0.09344631531272667
4,rf_missing,1515,0,0.02665717900596757,0.09344631531272667
4,rf_missing,1519,1,0.06262978723404256,0.09344631531272667
4,rf_missing,1526,0,0.04386419442891575,0.09344631531272667
4,rf_missing,1527,0,0.038049838179835496,0.09344631531272667
4,rf_missing,1532,0,0.06101294054444961,0.09344631531272667
4,rf_missing,1533,0,0.048559735057010965,0.09344631531272667
4,rf_missing,1536,0,0.0312936170212766,0.09344631531272667
4,rf_missing,1546,0,0.027341215033424578,0.09344631531272667
4,rf_missing,1553,0,0.04993068277419106,0.09344631531272667
4,rf_missing,1557,0,0.08916594569259317,0.09344631531272667
