row_index,actual_fail,mean_repeated_oof_score,missing_fraction,month,alert,outcome
0,0,0.1225238545137623,0.07457627118644068,2008-07,True,false_positive
2,1,0.14061777229108488,0.03389830508474576,2008-07,True,true_positive
3,0,0.13865680102750483,0.03389830508474576,2008-07,True,false_positive
4,0,0.11323424002898376,0.06779661016949153,2008-07,True,false_positive
6,0,0.10440693052525113,0.06779661016949153,2008-07,True,false_positive
7,0,0.14583245205189158,0.04067796610169491,2008-07,True,false_positive
8,0,0.19277928603596658,0.04067796610169491,2008-07,True,false_positive
10,1,0.15316146593753444,0.03389830508474576,2008-07,True,true_positive
12,0,0.11804755692525654,0.04745762711864407,2008-07,True,false_positive
13,0,0.07134711919229526,0.05423728813559322,2008-07,False,true_negative
14,1,0.10793278691148367,0.04745762711864407,2008-07,True,true_positive
15,0,0.2123936826252686,0.04745762711864407,2008-07,True,false_positive
16,0,0.09019979999729093,0.04067796610169491,2008-07,False,true_negative
19,0,0.15005659458210083,0.04745762711864407,2008-07,True,false_positive
22,0,0.12281095819939321,0.04067796610169491,2008-07,True,false_positive
27,0,0.18181399244150417,0.03389830508474576,2008-07,True,false_positive
28,0,0.12102082720530982,0.03389830508474576,2008-07,True,false_positive
29,0,0.11842561653942026,0.03389830508474576,2008-07,True,false_positive
30,0,0.08808803258395691,0.04745762711864407,2008-07,False,true_negative
32,0,0.11521253916558444,0.04745762711864407,2008-07,True,false_positive
33,0,0.14486763482899348,0.059322033898305086,2008-07,True,false_positive
34,0,0.13258834748637194,0.03389830508474576,2008-07,True,false_positive
35,0,0.1213182101730894,0.04745762711864407,2008-07,True,false_positive
36,0,0.12619362692255268,0.04745762711864407,2008-07,True,false_positive
37,0,0.08646207356912376,0.03389830508474576,2008-07,False,true_negative
38,1,0.14378958322145793,0.04745762711864407,2008-07,True,true_positive
39,0,0.05503645107579547,0.05423728813559322,2008-07,False,true_negative
40,1,0.1363148232687247,0.03389830508474576,2008-07,True,true_positive
43,0,0.11809603276631446,0.04745762711864407,2008-07,True,false_positive
45,1,0.1219492407947486,0.03389830508474576,2008-07,True,true_positive
46,0,0.1785610536488618,0.04745762711864407,2008-07,True,false_positive
47,0,0.16967687105077256,0.04745762711864407,2008-07,True,false_positive
49,1,0.11610550330267684,0.04745762711864407,2008-07,True,true_positive
52,0,0.16325365957987756,0.04745762711864407,2008-07,True,false_positive
53,0,0.08215589608598733,0.07966101694915254,2008-07,False,true_negative
54,0,0.1366540620893989,0.03389830508474576,2008-07,True,false_positive
55,0,0.1502245034996109,0.04745762711864407,2008-07,True,false_positive
56,0,0.07960556148006946,0.03389830508474576,2008-07,False,true_negative
57,1,0.13865911516797272,0.03389830508474576,2008-07,True,true_positive
59,0,0.12570925232313948,0.061016949152542375,2008-07,True,false_positive
60,0,0.19438031950134074,0.03389830508474576,2008-07,True,false_positive
61,0,0.11105458200609875,0.03389830508474576,2008-07,True,false_positive
63,0,0.09889202249105393,0.03389830508474576,2008-08,True,false_positive
64,1,0.0768497373689413,0.04067796610169491,2008-08,False,false_negative
66,0,0.08204879538132727,0.03389830508474576,2008-08,False,true_negative
67,0,0.11878951018585415,0.04067796610169491,2008-08,True,false_positive
69,0,0.1026147588568488,0.03389830508474576,2008-08,True,false_positive
70,0,0.08323116035615406,0.03389830508474576,2008-08,False,true_negative
71,0,0.06760961412377083,0.04067796610169491,2008-08,False,true_negative
72,0,0.07225172248872973,0.04745762711864407,2008-08,False,true_negative
73,0,0.1505735703787732,0.03389830508474576,2008-08,True,false_positive
74,0,0.07913587380074047,0.07457627118644068,2008-08,False,true_negative
75,0,0.04872582188579836,0.03389830508474576,2008-08,False,true_negative
76,0,0.07552250113120167,0.04745762711864407,2008-08,False,true_negative
77,0,0.18029299934759035,0.03389830508474576,2008-08,True,false_positive
78,0,0.11529421245451332,0.03389830508474576,2008-08,True,false_positive
80,0,0.09916207357729001,0.03389830508474576,2008-08,True,false_positive
81,0,0.13614802019863223,0.03389830508474576,2008-08,True,false_positive
82,1,0.1440748594016756,0.03389830508474576,2008-08,True,true_positive
83,0,0.08572170582643461,0.04745762711864407,2008-08,False,true_negative
84,0,0.12080879518083666,0.04745762711864407,2008-08,True,false_positive
85,0,0.08090680690167894,0.05423728813559322,2008-08,False,true_negative
86,0,0.0528460774655726,0.04745762711864407,2008-08,False,true_negative
87,0,0.06391356731025667,0.04067796610169491,2008-08,False,true_negative
88,0,0.07389277187696319,0.05423728813559322,2008-08,False,true_negative
89,0,0.09857022367886853,0.14745762711864407,2008-08,True,false_positive
90,0,0.10280279857422699,0.04745762711864407,2008-08,True,false_positive
91,0,0.12142724320441724,0.04067796610169491,2008-08,True,false_positive
92,0,0.11921031586372018,0.04745762711864407,2008-08,True,false_positive
93,0,0.12825742828213907,0.16271186440677965,2008-08,True,false_positive
94,0,0.09221681968494595,0.1152542372881356,2008-08,True,false_positive
95,0,0.12824541247379687,0.16271186440677965,2008-08,True,false_positive
97,0,0.067110219094066,0.061016949152542375,2008-08,False,true_negative
98,0,0.04891047937083687,0.08135593220338982,2008-08,False,true_negative
99,0,0.15706241674924484,0.04745762711864407,2008-08,True,false_positive
100,0,0.06061189889634277,0.061016949152542375,2008-08,False,true_negative
101,0,0.0559319712580964,0.06779661016949153,2008-08,False,true_negative
102,0,0.08307658197865274,0.04745762711864407,2008-08,False,true_negative
103,0,0.0532444499034993,0.061016949152542375,2008-08,False,true_negative
105,0,0.08981629333858637,0.04745762711864407,2008-08,False,true_negative
106,0,0.0750822373904807,0.04067796610169491,2008-08,False,true_negative
107,0,0.05568218328944913,0.04745762711864407,2008-08,False,true_negative
109,0,0.08968010620323813,0.05423728813559322,2008-08,False,true_negative
110,0,0.1483737281952475,0.03389830508474576,2008-08,True,false_positive
111,0,0.07386874735309167,0.05423728813559322,2008-08,False,true_negative
113,0,0.11123731984856362,0.04745762711864407,2008-08,True,false_positive
114,0,0.09193255714575654,0.061016949152542375,2008-08,True,false_positive
115,1,0.17083962254559718,0.04745762711864407,2008-08,True,true_positive
117,0,0.045393362592640034,0.04745762711864407,2008-08,False,true_negative
118,0,0.08019988261185627,0.06779661016949153,2008-08,False,true_negative
119,0,0.1280114765120939,0.03389830508474576,2008-08,True,false_positive
120,0,0.06359029431543503,0.04067796610169491,2008-08,False,true_negative
122,0,0.08337624198589046,0.03389830508474576,2008-08,False,true_negative
123,0,0.09044650954214377,0.04745762711864407,2008-08,False,true_negative
124,0,0.12278721998372462,0.04745762711864407,2008-08,True,false_positive
125,0,0.1042801027295071,0.03389830508474576,2008-08,True,false_positive
126,0,0.10936299594214775,0.04067796610169491,2008-08,True,false_positive
127,0,0.13890690179631676,0.04745762711864407,2008-08,True,false_positive
128,0,0.13195652225923002,0.04745762711864407,2008-08,True,false_positive
129,0,0.12947402334142788,0.03389830508474576,2008-08,True,false_positive
131,1,0.10536363555790751,0.03389830508474576,2008-08,True,true_positive
132,0,0.1122585828950224,0.05423728813559322,2008-08,True,false_positive
133,0,0.10547780758818986,0.1423728813559322,2008-08,True,false_positive
134,0,0.08383272044956876,0.06779661016949153,2008-08,False,true_negative
135,0,0.07595240709785454,0.06779661016949153,2008-08,False,true_negative
136,0,0.08252493596110737,0.04745762711864407,2008-08,False,true_negative
137,0,0.11670619715312393,0.06779661016949153,2008-08,True,false_positive
138,0,0.0807462507973447,0.04745762711864407,2008-08,False,true_negative
139,0,0.0968384570877673,0.04745762711864407,2008-08,True,false_positive
142,0,0.0587896064458657,0.061016949152542375,2008-08,False,true_negative
143,0,0.15503402038953182,0.03389830508474576,2008-08,True,false_positive
144,0,0.1763181663129849,0.03389830508474576,2008-08,True,false_positive
145,0,0.09621848442303509,0.061016949152542375,2008-08,True,false_positive
147,0,0.08428722989948152,0.04067796610169491,2008-08,False,true_negative
148,0,0.1042764478899705,0.04745762711864407,2008-08,True,false_positive
150,0,0.10111294134458464,0.04745762711864407,2008-08,True,false_positive
151,0,0.1283180703269263,0.08813559322033898,2008-08,True,false_positive
152,0,0.0815159438553746,0.04745762711864407,2008-08,False,true_negative
155,0,0.08236345583937864,0.04067796610169491,2008-08,False,true_negative
156,0,0.11909802895056547,0.04745762711864407,2008-08,True,false_positive
157,1,0.04237123730119883,0.04067796610169491,2008-08,False,false_negative
158,1,0.07867378868775217,0.04745762711864407,2008-08,False,false_negative
159,0,0.23228205381774017,0.03389830508474576,2008-08,True,false_positive
160,0,0.1082977342321564,0.03389830508474576,2008-08,True,false_positive
161,0,0.166124365373605,0.03389830508474576,2008-08,True,false_positive
162,0,0.10265419628653616,0.03389830508474576,2008-08,True,false_positive
163,0,0.1261342086355276,0.05423728813559322,2008-08,True,false_positive
164,0,0.10576529192681705,0.04067796610169491,2008-08,True,false_positive
166,0,0.12873890638760974,0.03389830508474576,2008-08,True,false_positive
167,1,0.2091275700246238,0.04067796610169491,2008-08,True,true_positive
168,0,0.15565664452212138,0.04067796610169491,2008-08,True,false_positive
169,1,0.20906104159635588,0.05423728813559322,2008-08,True,true_positive
171,0,0.09955621891883241,0.04745762711864407,2008-08,True,false_positive
172,0,0.20980992402621693,0.03389830508474576,2008-08,True,false_positive
177,0,0.0864858450170934,0.061016949152542375,2008-08,False,true_negative
179,0,0.06766504138732797,0.04067796610169491,2008-08,False,true_negative
180,1,0.1235219480593297,0.04067796610169491,2008-08,True,true_positive
181,0,0.1018186212001662,0.04745762711864407,2008-08,True,false_positive
182,1,0.10373648932296402,0.03389830508474576,2008-08,True,true_positive
184,0,0.06885817020157903,0.04745762711864407,2008-08,False,true_negative
185,0,0.052054019373638793,0.061016949152542375,2008-08,False,true_negative
186,1,0.15932563347130832,0.03389830508474576,2008-08,True,true_positive
188,1,0.20697723437081006,0.061016949152542375,2008-08,True,true_positive
191,0,0.12536946279181974,0.04745762711864407,2008-08,True,false_positive
192,0,0.13695568092483007,0.05423728813559322,2008-08,True,false_positive
193,0,0.11191238950641431,0.04067796610169491,2008-08,True,false_positive
194,0,0.1285578888035349,0.03389830508474576,2008-08,True,false_positive
196,0,0.1394725299608055,0.05254237288135593,2008-08,True,false_positive
197,0,0.13377131144614604,0.04067796610169491,2008-08,True,false_positive
198,0,0.06760624977041234,0.07457627118644068,2008-08,False,true_negative
199,0,0.1459371056402879,0.04745762711864407,2008-08,True,false_positive
200,0,0.16006504241655437,0.05423728813559322,2008-08,True,false_positive
201,0,0.0692106028543842,0.08135593220338982,2008-08,False,true_negative
202,0,0.12187062326232016,0.05423728813559322,2008-08,True,false_positive
203,0,0.12194885669396348,0.05423728813559322,2008-08,True,false_positive
204,0,0.056561283676552866,0.06779661016949153,2008-08,False,true_negative
205,0,0.10777377804347531,0.04745762711864407,2008-08,True,false_positive
206,0,0.08118854707579627,0.04067796610169491,2008-08,False,true_negative
207,0,0.18987596158117903,0.04745762711864407,2008-08,True,false_positive
208,0,0.08371799975053507,0.04745762711864407,2008-08,False,true_negative
210,0,0.09022270207181386,0.05423728813559322,2008-08,False,true_negative
211,0,0.08677809119929049,0.04745762711864407,2008-08,False,true_negative
212,0,0.21159653686006605,0.05423728813559322,2008-08,True,false_positive
213,0,0.12278001243496604,0.05423728813559322,2008-08,True,false_positive
214,0,0.15991231424567343,0.061016949152542375,2008-08,True,false_positive
217,0,0.07823374265727788,0.04067796610169491,2008-08,False,true_negative
218,1,0.1348690977961506,0.04067796610169491,2008-08,True,true_positive
221,0,0.09914706177633618,0.04067796610169491,2008-08,True,false_positive
222,1,0.15611117734979904,0.05423728813559322,2008-08,True,true_positive
223,0,0.1564821916148391,0.04745762711864407,2008-08,True,false_positive
224,0,0.07791065432377083,0.03389830508474576,2008-08,False,true_negative
225,0,0.14749196749458182,0.03389830508474576,2008-08,True,false_positive
226,0,0.07271164080224633,0.05423728813559322,2008-08,False,true_negative
227,0,0.16333834042293302,0.04745762711864407,2008-08,True,false_positive
229,0,0.14057106825057303,0.05423728813559322,2008-08,True,false_positive
230,0,0.19525888850576825,0.05423728813559322,2008-08,True,false_positive
235,1,0.1243658044132905,0.07457627118644068,2008-08,True,true_positive
236,1,0.22756347059136947,0.04067796610169491,2008-08,True,true_positive
237,0,0.23335324659231046,0.04067796610169491,2008-08,True,false_positive
239,0,0.0949514413103393,0.03389830508474576,2008-08,True,false_positive
240,1,0.09374879650978074,0.03389830508474576,2008-08,True,true_positive
241,1,0.21899816583060475,0.04067796610169491,2008-08,True,true_positive
243,1,0.2672409499181612,0.04067796610169491,2008-08,True,true_positive
244,1,0.06259312012498212,0.04067796610169491,2008-08,False,false_negative
247,0,0.15083973474281523,0.05423728813559322,2008-08,True,false_positive
248,0,0.10133572675658307,0.061016949152542375,2008-08,True,false_positive
249,0,0.08479260720712063,0.05423728813559322,2008-08,False,true_negative
250,0,0.0936369733681184,0.05423728813559322,2008-08,True,false_positive
251,0,0.06290604290845232,0.061016949152542375,2008-08,False,true_negative
252,0,0.08882517417219271,0.07457627118644068,2008-08,False,true_negative
253,0,0.11659535557176375,0.03389830508474576,2008-08,True,false_positive
254,0,0.15045590899289046,0.03389830508474576,2008-08,True,false_positive
256,0,0.0894746577341225,0.05423728813559322,2008-08,False,true_negative
257,0,0.09426552494601233,0.061016949152542375,2008-08,True,false_positive
259,0,0.07444631401894493,0.04067796610169491,2008-08,False,true_negative
260,0,0.0609856255875455,0.05423728813559322,2008-08,False,true_negative
261,0,0.159137375860584,0.04067796610169491,2008-08,True,false_positive
262,0,0.2191261028444967,0.07457627118644068,2008-08,True,false_positive
263,0,0.054181690517825266,0.03389830508474576,2008-08,False,true_negative
265,0,0.09248369017784273,0.06779661016949153,2008-08,True,false_positive
266,0,0.07973599931074404,0.05423728813559322,2008-08,False,true_negative
267,0,0.1264920892873734,0.03389830508474576,2008-08,True,false_positive
270,0,0.12311514961786134,0.04745762711864407,2008-08,True,false_positive
271,0,0.1027292712882961,0.05423728813559322,2008-08,True,false_positive
272,0,0.1529737136669844,0.07457627118644068,2008-08,True,false_positive
273,1,0.0528652721657121,0.04745762711864407,2008-08,False,false_negative
274,0,0.08401685132215565,0.05423728813559322,2008-08,False,true_negative
275,0,0.1881494952255308,0.04745762711864407,2008-08,True,false_positive
276,0,0.1263129516317061,0.04067796610169491,2008-08,True,false_positive
277,1,0.10751879990159278,0.03389830508474576,2008-08,True,true_positive
278,0,0.08709464014377166,0.04067796610169491,2008-08,False,true_negative
279,0,0.0984487431799403,0.04067796610169491,2008-08,True,false_positive
280,0,0.12536563293224245,0.04745762711864407,2008-08,True,false_positive
281,0,0.11253733922948438,0.05423728813559322,2008-08,True,false_positive
282,1,0.10218512180090776,0.07457627118644068,2008-08,True,true_positive
284,0,0.07969374789463636,0.08135593220338982,2008-08,False,true_negative
285,0,0.07491489821206766,0.04067796610169491,2008-08,False,true_negative
286,0,0.07153378274739967,0.04745762711864407,2008-08,False,true_negative
289,0,0.12442564675667017,0.03389830508474576,2008-08,True,false_positive
290,0,0.13599784063969303,0.04745762711864407,2008-08,True,false_positive
291,1,0.07553699937809037,0.04745762711864407,2008-08,False,false_negative
292,0,0.08049872227025344,0.061016949152542375,2008-08,False,true_negative
293,0,0.08080710354557209,0.04067796610169491,2008-08,False,true_negative
294,1,0.13982899392302842,0.05423728813559322,2008-08,True,true_positive
295,0,0.123425298478397,0.05423728813559322,2008-08,True,false_positive
298,0,0.06579269512172177,0.04745762711864407,2008-08,False,true_negative
299,0,0.07057732903466847,0.13559322033898305,2008-08,False,true_negative
300,0,0.18304467101930444,0.061016949152542375,2008-08,True,false_positive
301,0,0.09518619373147082,0.04067796610169491,2008-08,True,false_positive
302,0,0.10604054737673467,0.05423728813559322,2008-08,True,false_positive
303,0,0.1483510240220531,0.061016949152542375,2008-08,True,false_positive
304,0,0.13621547334428427,0.04745762711864407,2008-08,True,false_positive
305,0,0.15740913645287216,0.05423728813559322,2008-08,True,false_positive
308,0,0.07652360362917447,0.07457627118644068,2008-08,False,true_negative
309,0,0.0807377991482502,0.061016949152542375,2008-08,False,true_negative
310,0,0.10419560025369264,0.04067796610169491,2008-08,True,false_positive
311,0,0.0952048985094674,0.04745762711864407,2008-08,True,false_positive
312,0,0.1398463286868735,0.03389830508474576,2008-08,True,false_positive
314,0,0.10176754898624692,0.02711864406779661,2008-08,True,false_positive
315,0,0.09222307650382262,0.04067796610169491,2008-08,True,false_positive
316,0,0.11633267902168133,0.10847457627118644,2008-08,True,false_positive
317,0,0.06415549679595786,0.061016949152542375,2008-08,False,true_negative
318,0,0.09431515445612297,0.03389830508474576,2008-08,True,false_positive
319,0,0.04778737650120996,0.04745762711864407,2008-08,False,true_negative
321,1,0.08949447525972976,0.06779661016949153,2008-08,False,false_negative
322,0,0.11944672619279884,0.06779661016949153,2008-08,True,false_positive
323,1,0.0683135458694882,0.04745762711864407,2008-08,False,false_negative
324,0,0.1292583452370141,0.05423728813559322,2008-08,True,false_positive
327,1,0.08662977507375796,0.06779661016949153,2008-08,False,false_negative
328,0,0.07643057472066833,0.05423728813559322,2008-08,False,true_negative
329,0,0.06302869353391,0.08135593220338982,2008-08,False,true_negative
330,0,0.104649882364395,0.061016949152542375,2008-08,True,false_positive
332,0,0.09242509628724323,0.04067796610169491,2008-08,True,false_positive
333,0,0.06079226697031043,0.04067796610169491,2008-08,False,true_negative
334,0,0.1047551086499528,0.04067796610169491,2008-08,True,false_positive
335,0,0.0837136759468284,0.07457627118644068,2008-08,False,true_negative
338,0,0.06465662832275423,0.04745762711864407,2008-08,False,true_negative
339,0,0.043203861388626134,0.05423728813559322,2008-08,False,true_negative
340,0,0.10491098853497416,0.03389830508474576,2008-08,True,false_positive
341,0,0.0715867101088295,0.061016949152542375,2008-08,False,true_negative
343,0,0.11028038119806112,0.04745762711864407,2008-08,True,false_positive
346,0,0.06719663858048659,0.08135593220338982,2008-08,False,true_negative
347,0,0.13323438158549503,0.03389830508474576,2008-08,True,false_positive
348,0,0.08075426770875886,0.04745762711864407,2008-08,False,true_negative
349,0,0.08184670121221573,0.04067796610169491,2008-08,False,true_negative
350,0,0.09847817364791121,0.04067796610169491,2008-08,True,false_positive
351,1,0.1286164108747482,0.04067796610169491,2008-08,True,true_positive
353,0,0.06952254373129847,0.04745762711864407,2008-08,False,true_negative
354,0,0.10990209780212339,0.05423728813559322,2008-08,True,false_positive
356,0,0.06558764850464223,0.04745762711864407,2008-08,False,true_negative
357,0,0.0837750403904194,0.04745762711864407,2008-08,False,true_negative
358,0,0.0826589786334578,0.06779661016949153,2008-08,False,true_negative
359,0,0.1106935886543935,0.04067796610169491,2008-08,True,false_positive
360,0,0.10099731402609047,0.03389830508474576,2008-08,True,false_positive
361,0,0.0631345223146976,0.04067796610169491,2008-08,False,true_negative
362,0,0.117231133957452,0.061016949152542375,2008-08,True,false_positive
363,0,0.1073008251626561,0.04067796610169491,2008-08,True,false_positive
365,0,0.043951247843091096,0.03389830508474576,2008-08,False,true_negative
367,0,0.11654986208665497,0.03389830508474576,2008-08,True,false_positive
368,1,0.10668568650121246,0.04067796610169491,2008-08,True,true_positive
370,0,0.0746725774675529,0.04067796610169491,2008-08,False,true_negative
371,0,0.12873779318095604,0.03389830508474576,2008-08,True,false_positive
373,1,0.08547340916458694,0.06779661016949153,2008-08,False,false_negative
374,0,0.08401320497731711,0.061016949152542375,2008-08,False,true_negative
375,0,0.07742489722092914,0.07457627118644068,2008-08,False,true_negative
376,0,0.0342659017115899,0.05423728813559322,2008-08,False,true_negative
377,0,0.12083379642374886,0.04067796610169491,2008-08,True,false_positive
378,0,0.06004832649597303,0.05423728813559322,2008-08,False,true_negative
379,0,0.10277664776980429,0.04745762711864407,2008-08,True,false_positive
380,0,0.09467859969907992,0.02711864406779661,2008-08,True,false_positive
381,0,0.08660659834665634,0.04067796610169491,2008-08,False,true_negative
382,0,0.08507191190694703,0.061016949152542375,2008-08,False,true_negative
384,0,0.11142876484099086,0.07457627118644068,2008-08,True,false_positive
385,0,0.08517527633574802,0.03389830508474576,2008-08,False,true_negative
386,0,0.04860734864716013,0.061016949152542375,2008-08,False,true_negative
387,0,0.1397765361615052,0.04745762711864407,2008-08,True,false_positive
388,0,0.06225083791399657,0.06779661016949153,2008-08,False,true_negative
389,0,0.10533315931889277,0.04067796610169491,2008-08,True,false_positive
391,0,0.11289666855557977,0.061016949152542375,2008-08,True,false_positive
393,0,0.10117991702595908,0.03389830508474576,2008-08,True,false_positive
394,0,0.06042295171353357,0.04745762711864407,2008-08,False,true_negative
395,0,0.08487842782629045,0.04067796610169491,2008-08,False,true_negative
396,0,0.0749949424274981,0.03389830508474576,2008-08,False,true_negative
398,0,0.08892658128030627,0.03389830508474576,2008-08,False,true_negative
400,0,0.14382369205973317,0.04067796610169491,2008-08,True,false_positive
401,0,0.08838354206657967,0.05423728813559322,2008-08,False,true_negative
402,0,0.15916578691385647,0.04067796610169491,2008-08,True,false_positive
403,0,0.07581874063501297,0.061016949152542375,2008-08,False,true_negative
404,0,0.06570605538474716,0.04745762711864407,2008-08,False,true_negative
405,0,0.06736661633931083,0.06779661016949153,2008-08,False,true_negative
406,1,0.18140787200437494,0.061016949152542375,2008-08,True,true_positive
407,0,0.03551947680584713,0.061016949152542375,2008-08,False,true_negative
408,0,0.08179852431208666,0.04067796610169491,2008-08,False,true_negative
409,0,0.058548653511302166,0.04745762711864407,2008-08,False,true_negative
410,0,0.11305569818329764,0.04745762711864407,2008-08,True,false_positive
411,0,0.08045977326898027,0.04067796610169491,2008-08,False,true_negative
412,0,0.09940446575947533,0.04067796610169491,2008-08,True,false_positive
413,0,0.0396225287947301,0.061016949152542375,2008-08,False,true_negative
414,0,0.068665034574352,0.04745762711864407,2008-08,False,true_negative
415,0,0.07566658351460863,0.03389830508474576,2008-08,False,true_negative
416,0,0.0457933749024688,0.04067796610169491,2008-08,False,true_negative
417,0,0.11338568885267748,0.061016949152542375,2008-08,True,false_positive
418,0,0.06698359541139891,0.04067796610169491,2008-08,False,true_negative
419,0,0.08470035412972797,0.04067796610169491,2008-08,False,true_negative
420,0,0.08293751527130977,0.061016949152542375,2008-08,False,true_negative
421,0,0.11984611433461527,0.06779661016949153,2008-08,True,false_positive
422,0,0.044737094086695565,0.04067796610169491,2008-08,False,true_negative
423,0,0.14501812346535148,0.04067796610169491,2008-08,True,false_positive
425,0,0.06810629211256718,0.04745762711864407,2008-08,False,true_negative
426,0,0.060065158823460564,0.06779661016949153,2008-08,False,true_negative
427,0,0.07098237205942313,0.06779661016949153,2008-08,False,true_negative
428,0,0.048037639885191996,0.05423728813559322,2008-08,False,true_negative
429,0,0.06289824696597766,0.04067796610169491,2008-08,False,true_negative
430,0,0.07574198179680207,0.05423728813559322,2008-08,False,true_negative
431,0,0.1303519522803439,0.05423728813559322,2008-08,True,false_positive
432,0,0.0807771490425787,0.07457627118644068,2008-08,False,true_negative
433,0,0.08008875525795787,0.05423728813559322,2008-08,False,true_negative
436,0,0.14597717589583034,0.04067796610169491,2008-08,True,false_positive
437,0,0.07948986526718897,0.04745762711864407,2008-08,False,true_negative
438,0,0.05912979788475933,0.05423728813559322,2008-08,False,true_negative
439,0,0.05513198447383474,0.04067796610169491,2008-08,False,true_negative
441,1,0.0401933163927212,0.07457627118644068,2008-08,False,false_negative
443,0,0.05168230426541117,0.05423728813559322,2008-08,False,true_negative
445,0,0.07111176587631253,0.03389830508474576,2008-08,False,true_negative
446,0,0.127622951072206,0.03389830508474576,2008-08,True,false_positive
447,0,0.10224414236921757,0.03389830508474576,2008-08,True,false_positive
448,1,0.18354180723213406,0.04745762711864407,2008-08,True,true_positive
451,0,0.048444127398517604,0.04067796610169491,2008-08,False,true_negative
452,0,0.029266852978927865,0.04067796610169491,2008-08,False,true_negative
453,0,0.084646491435155,0.04067796610169491,2008-08,False,true_negative
454,0,0.0388902897948078,0.07457627118644068,2008-08,False,true_negative
456,0,0.03478141118887023,0.05423728813559322,2008-08,False,true_negative
462,0,0.0662730407308534,0.04067796610169491,2008-08,False,true_negative
463,0,0.06684354319453106,0.06779661016949153,2008-08,False,true_negative
466,0,0.11798085437232243,0.061016949152542375,2008-08,True,false_positive
467,0,0.06196610377827,0.04067796610169491,2008-08,False,true_negative
468,0,0.0375878437546083,0.07457627118644068,2008-08,False,true_negative
469,0,0.07841553497811664,0.061016949152542375,2008-08,False,true_negative
470,0,0.09200236028220314,0.05423728813559322,2008-08,True,false_positive
471,0,0.08094493205155483,0.05423728813559322,2008-08,False,true_negative
472,0,0.04011583401512443,0.05423728813559322,2008-08,False,true_negative
473,0,0.034107037298240696,0.04745762711864407,2008-08,False,true_negative
474,0,0.05014940088278803,0.05423728813559322,2008-08,False,true_negative
475,0,0.08039785793727137,0.05423728813559322,2008-08,False,true_negative
477,0,0.05793506405468984,0.061016949152542375,2008-08,False,true_negative
478,0,0.0345734996168044,0.06610169491525424,2008-08,False,true_negative
479,0,0.08244156815867507,0.04067796610169491,2008-08,False,true_negative
480,0,0.029590653652650498,0.04067796610169491,2008-08,False,true_negative
481,0,0.077377057433242,0.04745762711864407,2008-08,False,true_negative
482,0,0.08455923149771327,0.05423728813559322,2008-08,False,true_negative
483,0,0.1318569948221114,0.08135593220338982,2008-08,True,false_positive
484,0,0.09147209976432413,0.05423728813559322,2008-08,True,false_positive
485,0,0.07131267293979754,0.05423728813559322,2008-08,False,true_negative
486,0,0.09254757581568147,0.07457627118644068,2008-08,True,false_positive
487,0,0.08584552421353282,0.061016949152542375,2008-08,False,true_negative
488,0,0.0666799268411343,0.04067796610169491,2008-08,False,true_negative
489,0,0.06075121611070816,0.03389830508474576,2008-08,False,true_negative
490,0,0.08574340105703243,0.05423728813559322,2008-08,False,true_negative
491,0,0.04812936069673243,0.06779661016949153,2008-08,False,true_negative
492,0,0.0595310677726363,0.061016949152542375,2008-08,False,true_negative
493,0,0.11604299589367251,0.06779661016949153,2008-08,True,false_positive
494,0,0.06977519714189953,0.07457627118644068,2008-08,False,true_negative
495,1,0.05480390211555144,0.04067796610169491,2008-08,False,false_negative
497,0,0.07592738756370097,0.07457627118644068,2008-08,False,true_negative
498,0,0.07277120501746173,0.04745762711864407,2008-08,False,true_negative
499,0,0.14105636757207998,0.061016949152542375,2008-08,True,false_positive
501,0,0.07395425510570067,0.04745762711864407,2008-08,False,true_negative
503,0,0.043129976424128726,0.05423728813559322,2008-08,False,true_negative
504,0,0.07047708587583416,0.04067796610169491,2008-08,False,true_negative
505,0,0.08278958247972666,0.08135593220338982,2008-08,False,true_negative
506,0,0.11554925080088485,0.05423728813559322,2008-08,True,false_positive
507,0,0.051109249752973866,0.04745762711864407,2008-08,False,true_negative
508,1,0.06493030685922327,0.04067796610169491,2008-08,False,false_negative
509,0,0.059812996349404235,0.04067796610169491,2008-08,False,true_negative
510,0,0.0847049352568668,0.04745762711864407,2008-08,False,true_negative
511,0,0.08003130767071213,0.1694915254237288,2008-08,False,true_negative
513,0,0.038645361173708134,0.061016949152542375,2008-08,False,true_negative
514,0,0.10148726793233376,0.04067796610169491,2008-08,True,false_positive
516,0,0.08240142069874079,0.04067796610169491,2008-08,False,true_negative
517,0,0.12576002136349249,0.03389830508474576,2008-08,True,false_positive
519,0,0.06579705665738737,0.04745762711864407,2008-08,False,true_negative
521,0,0.07286719809241954,0.061016949152542375,2008-08,False,true_negative
522,0,0.06288875829251184,0.07457627118644068,2008-08,False,true_negative
523,0,0.07143537926198687,0.061016949152542375,2008-08,False,true_negative
525,0,0.07696238525390836,0.03389830508474576,2008-08,False,true_negative
526,0,0.07636817583170559,0.07457627118644068,2008-08,False,true_negative
528,0,0.05004097414945007,0.08135593220338982,2008-08,False,true_negative
529,0,0.09408809554893934,0.04745762711864407,2008-08,True,false_positive
532,0,0.07939796360882119,0.061016949152542375,2008-08,False,true_negative
534,0,0.10766842115831383,0.08135593220338982,2008-08,True,false_positive
536,0,0.04706990094876647,0.04745762711864407,2008-08,False,true_negative
538,0,0.17283309379751163,0.06779661016949153,2008-08,True,false_positive
539,0,0.05258311732101953,0.061016949152542375,2008-08,False,true_negative
540,0,0.08602092093204504,0.07457627118644068,2008-08,False,true_negative
541,0,0.08787274726651102,0.07457627118644068,2008-08,False,true_negative
542,0,0.1321428691787985,0.07457627118644068,2008-08,True,false_positive
543,0,0.09583170160929781,0.04067796610169491,2008-08,True,false_positive
544,0,0.05602480003299837,0.05423728813559322,2008-08,False,true_negative
546,0,0.0732106775748454,0.04067796610169491,2008-08,False,true_negative
547,0,0.05170111347193023,0.04745762711864407,2008-08,False,true_negative
548,0,0.07826671548988597,0.04067796610169491,2008-08,False,true_negative
551,0,0.06316009597174943,0.061016949152542375,2008-08,False,true_negative
552,0,0.061419924801928594,0.06779661016949153,2008-08,False,true_negative
554,0,0.07332313277943316,0.061016949152542375,2008-08,False,true_negative
555,0,0.07302553006155106,0.061016949152542375,2008-08,False,true_negative
556,0,0.06441597804801401,0.08135593220338982,2008-08,False,true_negative
558,0,0.052253088367791134,0.061016949152542375,2008-08,False,true_negative
559,0,0.05816915201668133,0.04745762711864407,2008-08,False,true_negative
560,0,0.0418494576944284,0.05423728813559322,2008-08,False,true_negative
561,0,0.0658828594862442,0.04745762711864407,2008-08,False,true_negative
562,0,0.03000473266062027,0.04067796610169491,2008-08,False,true_negative
564,0,0.073297927243542,0.08135593220338982,2008-08,False,true_negative
565,0,0.06663797949709817,0.059322033898305086,2008-08,False,true_negative
566,0,0.05195735774664096,0.07457627118644068,2008-08,False,true_negative
567,0,0.09721870530242534,0.05423728813559322,2008-08,True,false_positive
568,0,0.050264859237928804,0.03389830508474576,2008-08,False,true_negative
573,0,0.05710614776426087,0.04745762711864407,2008-08,False,true_negative
574,0,0.057606530960459,0.061016949152542375,2008-08,False,true_negative
575,0,0.06017474020865247,0.05423728813559322,2008-08,False,true_negative
577,0,0.09805856236941167,0.04067796610169491,2008-08,True,false_positive
578,0,0.07246605123485274,0.08135593220338982,2008-08,False,true_negative
580,0,0.10446707852874293,0.05423728813559322,2008-08,True,false_positive
581,0,0.07776276487562983,0.06779661016949153,2008-08,False,true_negative
583,1,0.0705822931109103,0.04067796610169491,2008-08,False,false_negative
584,0,0.056910320019113426,0.061016949152542375,2008-08,False,true_negative
585,0,0.06734939895627627,0.07457627118644068,2008-08,False,true_negative
586,0,0.050149465283698236,0.061016949152542375,2008-08,False,true_negative
588,0,0.09278970652680583,0.03389830508474576,2008-08,True,false_positive
589,0,0.06308670955288866,0.08644067796610169,2008-08,False,true_negative
590,0,0.10561302753016066,0.06779661016949153,2008-08,True,false_positive
591,0,0.05001223256709467,0.04067796610169491,2008-08,False,true_negative
592,0,0.0448108892031707,0.06779661016949153,2008-08,False,true_negative
593,0,0.04145299977022867,0.05423728813559322,2008-08,False,true_negative
594,0,0.04098984397470007,0.07457627118644068,2008-08,False,true_negative
595,0,0.06751852737984657,0.04745762711864407,2008-08,False,true_negative
596,0,0.094069031066436,0.04745762711864407,2008-08,True,false_positive
597,0,0.09389263522845857,0.08135593220338982,2008-08,True,false_positive
598,0,0.07410714989495908,0.04067796610169491,2008-08,False,true_negative
599,0,0.07162050466529857,0.061016949152542375,2008-08,False,true_negative
601,1,0.07718608723791337,0.08135593220338982,2008-08,False,false_negative
602,0,0.0836251292758879,0.05423728813559322,2008-08,False,true_negative
603,0,0.10984740541849314,0.05423728813559322,2008-08,True,false_positive
605,1,0.0617181294335872,0.061016949152542375,2008-08,False,false_negative
606,0,0.04224483644864523,0.04745762711864407,2008-08,False,true_negative
607,0,0.07618672833729594,0.06779661016949153,2008-08,False,true_negative
608,0,0.04651893496660773,0.04067796610169491,2008-08,False,true_negative
609,0,0.07664395051705263,0.061016949152542375,2008-08,False,true_negative
610,0,0.0403654885518826,0.07457627118644068,2008-08,False,true_negative
612,0,0.07543158323267113,0.04745762711864407,2008-08,False,true_negative
613,0,0.0472247485974383,0.06779661016949153,2008-08,False,true_negative
614,0,0.05433554922501036,0.061016949152542375,2008-08,False,true_negative
616,0,0.09643303404447394,0.06779661016949153,2008-08,True,false_positive
617,0,0.08822735584158307,0.05423728813559322,2008-08,False,true_negative
618,0,0.0941176292122106,0.04067796610169491,2008-09,True,false_positive
619,0,0.06302729211404404,0.06779661016949153,2008-09,False,true_negative
620,0,0.039804776916242735,0.061016949152542375,2008-09,False,true_negative
622,0,0.049050443774884704,0.05423728813559322,2008-09,False,true_negative
623,0,0.0323775310107089,0.06610169491525424,2008-09,False,true_negative
624,0,0.05040159186307667,0.04745762711864407,2008-09,False,true_negative
625,0,0.061212460089913066,0.04745762711864407,2008-09,False,true_negative
626,0,0.04390871325754973,0.061016949152542375,2008-09,False,true_negative
631,0,0.05397739627371287,0.04745762711864407,2008-09,False,true_negative
632,0,0.07676279077205103,0.04745762711864407,2008-09,False,true_negative
633,0,0.0324909673925332,0.05423728813559322,2008-09,False,true_negative
634,1,0.11524374209584741,0.06779661016949153,2008-09,True,true_positive
636,0,0.06475099729626106,0.06779661016949153,2008-09,False,true_negative
637,0,0.0468035200150737,0.06779661016949153,2008-09,False,true_negative
638,0,0.0627902290807022,0.05423728813559322,2008-09,False,true_negative
639,0,0.06312598579586587,0.04745762711864407,2008-09,False,true_negative
641,0,0.07360132437155933,0.05423728813559322,2008-09,False,true_negative
642,0,0.09922476857689111,0.06779661016949153,2008-09,True,false_positive
644,0,0.04959968762248681,0.04067796610169491,2008-09,False,true_negative
645,0,0.06425185177161101,0.04745762711864407,2008-09,False,true_negative
646,0,0.051626302860073366,0.07457627118644068,2008-09,False,true_negative
647,0,0.07710718318714277,0.07457627118644068,2008-09,False,true_negative
648,0,0.062132289934237896,0.04745762711864407,2008-09,False,true_negative
649,0,0.08783169831576303,0.06779661016949153,2008-09,False,true_negative
650,0,0.0772178837276081,0.03389830508474576,2008-09,False,true_negative
651,0,0.06772503392529117,0.06779661016949153,2008-09,False,true_negative
653,0,0.05460995455488013,0.04745762711864407,2008-09,False,true_negative
654,0,0.04615557225233213,0.04067796610169491,2008-09,False,true_negative
655,0,0.06387131514354409,0.06610169491525424,2008-09,False,true_negative
656,0,0.06898324152119584,0.061016949152542375,2008-09,False,true_negative
657,0,0.06484436697365743,0.04745762711864407,2008-09,False,true_negative
659,0,0.037355533817685665,0.08135593220338982,2008-09,False,true_negative
660,0,0.062416015393803564,0.04745762711864407,2008-09,False,true_negative
661,0,0.0879241044706357,0.08135593220338982,2008-09,False,true_negative
662,0,0.05559649787259957,0.06779661016949153,2008-09,False,true_negative
663,0,0.025962339702007734,0.07457627118644068,2008-09,False,true_negative
664,0,0.056769894188655405,0.04067796610169491,2008-09,False,true_negative
665,0,0.0397694968795032,0.07288135593220339,2008-09,False,true_negative
667,0,0.07272399698080244,0.05423728813559322,2008-09,False,true_negative
668,0,0.08913425455400344,0.04745762711864407,2008-09,False,true_negative
669,0,0.051331360983837365,0.04745762711864407,2008-09,False,true_negative
670,0,0.09186145506749181,0.07457627118644068,2008-09,True,false_positive
671,0,0.0649377955347185,0.05423728813559322,2008-09,False,true_negative
673,0,0.03388111850239543,0.04745762711864407,2008-09,False,true_negative
675,0,0.025803352761398068,0.06779661016949153,2008-09,False,true_negative
676,0,0.08641012516895163,0.08813559322033898,2008-09,False,true_negative
677,0,0.05714053800569263,0.05423728813559322,2008-09,False,true_negative
679,0,0.08218840371406026,0.08135593220338982,2008-09,False,true_negative
680,0,0.05203513337355714,0.08813559322033898,2008-09,False,true_negative
681,0,0.0775590047513394,0.04745762711864407,2008-09,False,true_negative
682,0,0.05177609384221219,0.061016949152542375,2008-09,False,true_negative
683,0,0.07754640106469403,0.08813559322033898,2008-09,False,true_negative
684,0,0.09700488394484164,0.061016949152542375,2008-09,True,false_positive
685,0,0.09445915124761804,0.061016949152542375,2008-09,True,false_positive
686,0,0.04423920738842913,0.07457627118644068,2008-09,False,true_negative
687,0,0.06217851454890097,0.06779661016949153,2008-09,False,true_negative
688,0,0.03943939076345677,0.04745762711864407,2008-09,False,true_negative
690,0,0.1124176356287908,0.04067796610169491,2008-09,True,false_positive
692,0,0.04837965267656166,0.04067796610169491,2008-09,False,true_negative
694,0,0.06478774637397273,0.04745762711864407,2008-09,False,true_negative
695,0,0.08126362848246144,0.04067796610169491,2008-09,False,true_negative
696,0,0.042339518069726335,0.07457627118644068,2008-09,False,true_negative
697,0,0.04912258361420624,0.08135593220338982,2008-09,False,true_negative
699,0,0.03923525189007093,0.04067796610169491,2008-09,False,true_negative
700,0,0.05477476424867026,0.1423728813559322,2008-09,False,true_negative
701,0,0.07461890262846683,0.07457627118644068,2008-09,False,true_negative
702,0,0.05915416164254194,0.061016949152542375,2008-09,False,true_negative
703,0,0.069064982995721,0.03389830508474576,2008-09,False,true_negative
704,0,0.06850334780380624,0.04067796610169491,2008-09,False,true_negative
710,0,0.0743098664880155,0.04745762711864407,2008-09,False,true_negative
711,0,0.04671390456778407,0.03389830508474576,2008-09,False,true_negative
716,0,0.05776846567407116,0.03389830508474576,2008-09,False,true_negative
717,0,0.05321341211791527,0.05423728813559322,2008-09,False,true_negative
718,0,0.07105232309020289,0.061016949152542375,2008-09,False,true_negative
719,0,0.0437366568350138,0.04067796610169491,2008-09,False,true_negative
721,0,0.05101491851440843,0.06779661016949153,2008-09,False,true_negative
722,0,0.0280071482227025,0.04745762711864407,2008-09,False,true_negative
723,0,0.044136668544156966,0.04745762711864407,2008-09,False,true_negative
724,0,0.032770171352656766,0.04067796610169491,2008-09,False,true_negative
727,0,0.07386125162171862,0.04745762711864407,2008-09,False,true_negative
728,0,0.0374670881092242,0.061016949152542375,2008-09,False,true_negative
729,0,0.0312532685536899,0.04745762711864407,2008-09,False,true_negative
731,0,0.03712413897699953,0.04745762711864407,2008-09,False,true_negative
732,0,0.05261381998276813,0.08135593220338982,2008-09,False,true_negative
733,0,0.0719355437690015,0.06779661016949153,2008-09,False,true_negative
734,0,0.03508150176353556,0.04745762711864407,2008-09,False,true_negative
735,0,0.0586830589049473,0.14915254237288136,2008-09,False,true_negative
736,0,0.07804578821027743,0.04067796610169491,2008-09,False,true_negative
737,0,0.0425713753868113,0.06779661016949153,2008-09,False,true_negative
738,0,0.05517909969261536,0.04745762711864407,2008-09,False,true_negative
739,0,0.04227707995138813,0.04745762711864407,2008-09,False,true_negative
740,0,0.04045316194766737,0.04745762711864407,2008-09,False,true_negative
741,0,0.039054531403969465,0.05423728813559322,2008-09,False,true_negative
742,0,0.054626622667637736,0.04745762711864407,2008-09,False,true_negative
743,0,0.0558630961596066,0.061016949152542375,2008-09,False,true_negative
744,0,0.05663114101351723,0.04067796610169491,2008-09,False,true_negative
745,0,0.046686392953978965,0.04067796610169491,2008-09,False,true_negative
746,0,0.0738177863355489,0.04745762711864407,2008-09,False,true_negative
747,0,0.08121359457533006,0.04745762711864407,2008-09,False,true_negative
749,0,0.05208698532076877,0.04745762711864407,2008-09,False,true_negative
755,0,0.03888565775970037,0.04067796610169491,2008-09,False,true_negative
756,0,0.03477011504096197,0.04745762711864407,2008-09,False,true_negative
757,0,0.06532683406700757,0.04745762711864407,2008-09,False,true_negative
758,0,0.05695960814544973,0.04067796610169491,2008-09,False,true_negative
759,0,0.0755371595816151,0.05423728813559322,2008-09,False,true_negative
760,0,0.032629340472045264,0.05423728813559322,2008-09,False,true_negative
761,0,0.07196975276706509,0.04745762711864407,2008-09,False,true_negative
762,0,0.04917215706329153,0.05423728813559322,2008-09,False,true_negative
763,0,0.07436884566054987,0.04745762711864407,2008-09,False,true_negative
764,0,0.05353531810706177,0.06779661016949153,2008-09,False,true_negative
767,0,0.05279155373012947,0.04745762711864407,2008-09,False,true_negative
768,0,0.06004797393482789,0.06779661016949153,2008-09,False,true_negative
770,0,0.05813995204074927,0.04745762711864407,2008-09,False,true_negative
771,0,0.0379403443890488,0.04745762711864407,2008-09,False,true_negative
772,0,0.055024156948109165,0.04067796610169491,2008-09,False,true_negative
773,0,0.05553987657379413,0.006779661016949152,2008-09,False,true_negative
774,0,0.08267310089219873,0.05423728813559322,2008-09,False,true_negative
775,0,0.04332960743924987,0.04745762711864407,2008-09,False,true_negative
777,0,0.04826465532872043,0.05423728813559322,2008-09,False,true_negative
778,0,0.06174177922744317,0.05423728813559322,2008-09,False,true_negative
779,0,0.02592168771468357,0.07457627118644068,2008-09,False,true_negative
780,0,0.033971000998795034,0.05423728813559322,2008-09,False,true_negative
781,0,0.06411235795189384,0.04067796610169491,2008-09,False,true_negative
782,0,0.09231134194803632,0.05423728813559322,2008-09,True,false_positive
783,0,0.05003940096034284,0.02711864406779661,2008-09,False,true_negative
784,0,0.07287796585423727,0.05423728813559322,2008-09,False,true_negative
785,0,0.03579417349189044,0.06779661016949153,2008-09,False,true_negative
787,0,0.06101165781770457,0.04745762711864407,2008-09,False,true_negative
788,0,0.03422051113040763,0.04067796610169491,2008-09,False,true_negative
789,0,0.058209931321740065,0.04745762711864407,2008-09,False,true_negative
790,0,0.05988325763373337,0.04745762711864407,2008-09,False,true_negative
791,0,0.04929649291431843,0.061016949152542375,2008-09,False,true_negative
794,0,0.04076614097927123,0.061016949152542375,2008-09,False,true_negative
796,0,0.075920475085561,0.04067796610169491,2008-09,False,true_negative
797,1,0.028266340883779134,0.05423728813559322,2008-09,False,false_negative
799,0,0.0515326528790094,0.020338983050847456,2008-09,False,true_negative
800,0,0.0826891284131945,0.05423728813559322,2008-09,False,true_negative
801,0,0.0392188056589568,0.08135593220338982,2008-09,False,true_negative
802,0,0.05078989565968153,0.04067796610169491,2008-09,False,true_negative
803,0,0.040333860122691,0.05423728813559322,2008-09,False,true_negative
804,0,0.03366367623345107,0.03389830508474576,2008-09,False,true_negative
805,0,0.05568440507541267,0.020338983050847456,2008-09,False,true_negative
806,0,0.05517233256227657,0.020338983050847456,2008-09,False,true_negative
807,0,0.0348659588200119,0.10847457627118644,2008-09,False,true_negative
808,0,0.052598336926732166,0.03389830508474576,2008-09,False,true_negative
809,0,0.08237503279759116,0.061016949152542375,2008-09,False,true_negative
810,0,0.09616044205568454,0.16779661016949152,2008-09,True,false_positive
812,0,0.03185209828304713,0.04067796610169491,2008-09,False,true_negative
813,0,0.05298773062645307,0.04067796610169491,2008-09,False,true_negative
814,0,0.04742409411450474,0.16271186440677965,2008-09,False,true_negative
815,0,0.052036196226081265,0.04067796610169491,2008-09,False,true_negative
819,0,0.054363066779286796,0.04745762711864407,2008-09,False,true_negative
821,0,0.04230948381311437,0.04067796610169491,2008-09,False,true_negative
822,0,0.0379231296684418,0.013559322033898305,2008-09,False,true_negative
823,0,0.05834127634998553,0.013559322033898305,2008-09,False,true_negative
824,0,0.06354709919578756,0.020338983050847456,2008-09,False,true_negative
825,0,0.06893798292548313,0.04745762711864407,2008-09,False,true_negative
826,1,0.08331014125244567,0.03389830508474576,2008-09,False,false_negative
827,0,0.07810534499235547,0.061016949152542375,2008-09,False,true_negative
829,0,0.06511452486252443,0.06779661016949153,2008-09,False,true_negative
830,0,0.0389361178824163,0.03389830508474576,2008-09,False,true_negative
831,1,0.0672510009615831,0.08135593220338982,2008-09,False,false_negative
832,0,0.041175277642542994,0.020338983050847456,2008-09,False,true_negative
833,0,0.0590035370304405,0.013559322033898305,2008-09,False,true_negative
835,0,0.0635671243187861,0.013559322033898305,2008-09,False,true_negative
836,0,0.07852637473926156,0.04745762711864407,2008-09,False,true_negative
838,0,0.0562042591962253,0.04067796610169491,2008-09,False,true_negative
839,0,0.048748528043917966,0.04067796610169491,2008-09,False,true_negative
841,0,0.0519807831246795,0.061016949152542375,2008-09,False,true_negative
842,0,0.050888947023155696,0.020338983050847456,2008-09,False,true_negative
843,0,0.059257561740073704,0.006779661016949152,2008-09,False,true_negative
845,0,0.10174613607839321,0.02711864406779661,2008-09,True,false_positive
848,0,0.06717880427993826,0.061016949152542375,2008-09,False,true_negative
849,0,0.0550455212153018,0.03389830508474576,2008-09,False,true_negative
851,0,0.020588083848343267,0.04745762711864407,2008-09,False,true_negative
852,0,0.0436603194800888,0.006779661016949152,2008-09,False,true_negative
853,0,0.08041953433490516,0.013559322033898305,2008-09,False,true_negative
854,0,0.0535816420884192,0.06779661016949153,2008-09,False,true_negative
856,0,0.06957603172027803,0.061016949152542375,2008-09,False,true_negative
857,0,0.0666361215335403,0.04745762711864407,2008-09,False,true_negative
858,0,0.05244423294805137,0.02711864406779661,2008-09,False,true_negative
859,0,0.05361981588506304,0.04067796610169491,2008-09,False,true_negative
860,0,0.03623007345817356,0.04067796610169491,2008-09,False,true_negative
861,0,0.033493287171032136,0.07457627118644068,2008-09,False,true_negative
863,0,0.07578903783560566,0.05423728813559322,2008-09,False,true_negative
864,0,0.03916616733986834,0.013559322033898305,2008-09,False,true_negative
867,0,0.05232298430386789,0.04745762711864407,2008-09,False,true_negative
869,0,0.07136772798809103,0.04067796610169491,2008-09,False,true_negative
870,0,0.10565411125614738,0.020338983050847456,2008-09,True,false_positive
871,1,0.09355826644502745,0.013559322033898305,2008-09,True,true_positive
873,0,0.056971395396631264,0.061016949152542375,2008-09,False,true_negative
874,0,0.0813628606348048,0.04067796610169491,2008-09,False,true_negative
875,0,0.03866484528352853,0.04067796610169491,2008-09,False,true_negative
878,0,0.036298704266979766,0.04745762711864407,2008-09,False,true_negative
879,0,0.047187928884470466,0.04067796610169491,2008-09,False,true_negative
880,0,0.0737703510602764,0.020338983050847456,2008-09,False,true_negative
881,0,0.04941136676376353,0.03389830508474576,2008-09,False,true_negative
882,0,0.040055104410910966,0.020338983050847456,2008-09,False,true_negative
883,0,0.0762306477971742,0.02711864406779661,2008-09,False,true_negative
884,0,0.049197921096973636,0.061016949152542375,2008-09,False,true_negative
885,0,0.062050555660774574,0.02711864406779661,2008-09,False,true_negative
886,0,0.06385210436963278,0.04745762711864407,2008-09,False,true_negative
888,0,0.03357287977511947,0.013559322033898305,2008-09,False,true_negative
889,0,0.05773648638821633,0.04576271186440678,2008-09,False,true_negative
890,0,0.038328620128573195,0.04067796610169491,2008-09,False,true_negative
891,0,0.07523003275811523,0.059322033898305086,2008-09,False,true_negative
892,0,0.0593281475377778,0.020338983050847456,2008-09,False,true_negative
894,0,0.030925963707328797,0.020338983050847456,2008-09,False,true_negative
895,0,0.04722033141546406,0.061016949152542375,2008-09,False,true_negative
896,0,0.0722292748608722,0.020338983050847456,2008-09,False,true_negative
897,0,0.07445939637759709,0.04067796610169491,2008-09,False,true_negative
898,0,0.046714443670809035,0.04067796610169491,2008-09,False,true_negative
900,0,0.028489133086697066,0.04067796610169491,2008-09,False,true_negative
901,0,0.0447798253185425,0.04745762711864407,2008-09,False,true_negative
902,0,0.0318890059196063,0.020338983050847456,2008-09,False,true_negative
904,0,0.0646988310663099,0.020338983050847456,2008-09,False,true_negative
906,0,0.05027661774089864,0.04067796610169491,2008-09,False,true_negative
908,0,0.022250224057019832,0.04067796610169491,2008-09,False,true_negative
910,0,0.06248073206274123,0.04067796610169491,2008-09,False,true_negative
911,0,0.059267953729539004,0.04745762711864407,2008-09,False,true_negative
913,0,0.05528478099052877,0.04067796610169491,2008-09,False,true_negative
915,0,0.03236031474885467,0.02711864406779661,2008-09,False,true_negative
916,0,0.0179923341570473,0.03389830508474576,2008-09,False,true_negative
917,0,0.04376329489971827,0.03389830508474576,2008-09,False,true_negative
918,0,0.0317014352624906,0.03389830508474576,2008-09,False,true_negative
919,0,0.052645690889670395,0.020338983050847456,2008-09,False,true_negative
920,0,0.05074823204645263,0.07457627118644068,2008-09,False,true_negative
921,0,0.023047012163876366,0.02711864406779661,2008-09,False,true_negative
922,0,0.02133896682633063,0.020338983050847456,2008-09,False,true_negative
923,0,0.0664637429075306,0.061016949152542375,2008-09,False,true_negative
924,1,0.0940756447633221,0.02711864406779661,2008-09,True,true_positive
925,0,0.0695242991726167,0.020338983050847456,2008-09,False,true_negative
926,1,0.1338097661017774,0.04067796610169491,2008-09,True,true_positive
927,0,0.02763053395954773,0.04745762711864407,2008-09,False,true_negative
929,1,0.1201101886904478,0.020338983050847456,2008-09,True,true_positive
931,0,0.05339751268974874,0.04067796610169491,2008-09,False,true_negative
933,0,0.04852583622521877,0.020338983050847456,2008-09,False,true_negative
934,0,0.05684287525574024,0.03389830508474576,2008-09,False,true_negative
935,0,0.0346181404698645,0.013559322033898305,2008-09,False,true_negative
937,0,0.04161004917748756,0.04745762711864407,2008-09,False,true_negative
938,0,0.05789088342813767,0.013559322033898305,2008-09,False,true_negative
940,0,0.07344785176611833,0.03389830508474576,2008-09,False,true_negative
941,0,0.050878649173519634,0.04067796610169491,2008-09,False,true_negative
942,0,0.07445287686209297,0.04745762711864407,2008-09,False,true_negative
943,0,0.09032443463518891,0.04745762711864407,2008-09,False,true_negative
944,0,0.0469942896665821,0.020338983050847456,2008-09,False,true_negative
945,0,0.029094975995566,0.04745762711864407,2008-09,False,true_negative
948,0,0.051808105752426836,0.07457627118644068,2008-09,False,true_negative
949,0,0.0659607326690166,0.04067796610169491,2008-09,False,true_negative
950,0,0.0230535499183258,0.061016949152542375,2008-09,False,true_negative
951,0,0.045527789025870465,0.020338983050847456,2008-09,False,true_negative
952,0,0.07267501091846586,0.006779661016949152,2008-09,False,true_negative
955,0,0.048734904642018406,0.013559322033898305,2008-09,False,true_negative
957,0,0.04735302051598317,0.013559322033898305,2008-09,False,true_negative
958,0,0.07902704758403574,0.04067796610169491,2008-09,False,true_negative
960,0,0.0544404118846053,0.04067796610169491,2008-09,False,true_negative
961,0,0.0348532739441018,0.05423728813559322,2008-09,False,true_negative
962,0,0.0167501824293854,0.013559322033898305,2008-09,False,true_negative
963,0,0.058163125657225666,0.04067796610169491,2008-09,False,true_negative
964,0,0.032261598497971666,0.03389830508474576,2008-09,False,true_negative
965,0,0.03782876308400173,0.020338983050847456,2008-09,False,true_negative
966,0,0.061331696094082566,0.04745762711864407,2008-09,False,true_negative
968,0,0.04641575820232313,0.05254237288135593,2008-09,False,true_negative
969,0,0.04110554521507153,0.020338983050847456,2008-09,False,true_negative
970,0,0.09339449042180215,0.03389830508474576,2008-09,True,false_positive
971,0,0.04462669743790829,0.05423728813559322,2008-09,False,true_negative
974,0,0.04461119407356853,0.03389830508474576,2008-09,False,true_negative
975,0,0.012811009740505702,0.04067796610169491,2008-09,False,true_negative
976,0,0.05250726523615313,0.02711864406779661,2008-09,False,true_negative
977,0,0.07360705129320193,0.03389830508474576,2008-09,False,true_negative
979,0,0.05452800803240507,0.02711864406779661,2008-09,False,true_negative
980,0,0.018156254414964202,0.02711864406779661,2008-09,False,true_negative
981,0,0.05834227978005383,0.059322033898305086,2008-09,False,true_negative
982,0,0.022854893353129402,0.02711864406779661,2008-09,False,true_negative
983,0,0.04646090098090074,0.020338983050847456,2008-09,False,true_negative
984,0,0.042321806298683796,0.020338983050847456,2008-09,False,true_negative
985,0,0.08050261528463758,0.03389830508474576,2008-09,False,true_negative
986,0,0.055262763730725695,0.02711864406779661,2008-09,False,true_negative
987,0,0.031157301768586932,0.04067796610169491,2008-09,False,true_negative
988,0,0.03397531759061,0.020338983050847456,2008-09,False,true_negative
990,0,0.07024286735620207,0.04745762711864407,2008-09,False,true_negative
991,0,0.04157805720132757,0.020338983050847456,2008-09,False,true_negative
992,0,0.04504722237556156,0.05423728813559322,2008-09,False,true_negative
993,0,0.04867185108865213,0.05423728813559322,2008-09,False,true_negative
994,0,0.021806079027355568,0.02711864406779661,2008-09,False,true_negative
995,0,0.0393915520190058,0.15593220338983052,2008-09,False,true_negative
997,0,0.018320090218218,0.020338983050847456,2008-09,False,true_negative
998,0,0.05953769337481451,0.020338983050847456,2008-09,False,true_negative
999,0,0.04448606549498004,0.04067796610169491,2008-09,False,true_negative
1000,0,0.027091937379722302,0.02711864406779661,2008-09,False,true_negative
1001,0,0.05283746509968049,0.04745762711864407,2008-09,False,true_negative
1002,0,0.04104995771915123,0.04745762711864407,2008-09,False,true_negative
1006,0,0.014236284219284667,0.03389830508474576,2008-09,False,true_negative
1007,0,0.08049193099177539,0.06779661016949153,2008-09,False,true_negative
1008,0,0.0346338231025079,0.04067796610169491,2008-09,False,true_negative
1009,0,0.040049154906672664,0.04745762711864407,2008-09,False,true_negative
1010,0,0.08333013115589523,0.020338983050847456,2008-09,False,true_negative
1011,0,0.052501688782286365,0.061016949152542375,2008-09,False,true_negative
1012,0,0.05392689976107317,0.02711864406779661,2008-09,False,true_negative
1013,0,0.050818672591302405,0.03389830508474576,2008-09,False,true_negative
1014,0,0.0713197315283039,0.04745762711864407,2008-09,False,true_negative
1015,0,0.04981405499224013,0.061016949152542375,2008-09,False,true_negative
1016,0,0.03613599184130024,0.03898305084745763,2008-09,False,true_negative
1017,0,0.049534560521547456,0.04745762711864407,2008-09,False,true_negative
1018,0,0.059051045271408094,0.04745762711864407,2008-09,False,true_negative
1019,0,0.046461274415014,0.013559322033898305,2008-09,False,true_negative
1020,0,0.0402862077605544,0.020338983050847456,2008-09,False,true_negative
1021,0,0.07241007563696084,0.020338983050847456,2008-09,False,true_negative
1022,0,0.08550212800210262,0.03389830508474576,2008-09,False,true_negative
1023,0,0.051294148173847066,0.020338983050847456,2008-09,False,true_negative
1024,0,0.05955211061021076,0.03389830508474576,2008-09,False,true_negative
1025,0,0.0733046280182843,0.04067796610169491,2008-09,False,true_negative
1026,0,0.08204711213982534,0.03389830508474576,2008-09,False,true_negative
1028,0,0.06559865771954027,0.020338983050847456,2008-09,False,true_negative
1029,1,0.048086056788886895,0.04745762711864407,2008-09,False,false_negative
1030,0,0.08992981907168496,0.03389830508474576,2008-09,False,true_negative
1035,0,0.0581370359839,0.02711864406779661,2008-09,False,true_negative
1039,0,0.06397671314725457,0.04745762711864407,2008-09,False,true_negative
1040,0,0.060838576556016204,0.05423728813559322,2008-09,False,true_negative
1041,0,0.1080890451683441,0.03389830508474576,2008-09,True,false_positive
1042,0,0.059596922404470704,0.04745762711864407,2008-09,False,true_negative
1043,0,0.0430189163984428,0.04745762711864407,2008-09,False,true_negative
1044,0,0.053053833144451695,0.013559322033898305,2008-09,False,true_negative
1045,0,0.05023874460118777,0.020338983050847456,2008-09,False,true_negative
1046,0,0.0709164251804834,0.03389830508474576,2008-09,False,true_negative
1047,0,0.07931516003752881,0.020338983050847456,2008-09,False,true_negative
1050,0,0.0681996101503306,0.02711864406779661,2008-09,False,true_negative
1051,0,0.077040638577716,0.02711864406779661,2008-09,False,true_negative
1053,0,0.05283467048590937,0.03389830508474576,2008-09,False,true_negative
1054,0,0.042394755901759895,0.15593220338983052,2008-09,False,true_negative
1055,0,0.0829159922597223,0.03389830508474576,2008-09,False,true_negative
1056,0,0.05928613404142457,0.020338983050847456,2008-09,False,true_negative
1059,0,0.08931675309528826,0.020338983050847456,2008-09,False,true_negative
1060,0,0.06786798489099116,0.02711864406779661,2008-09,False,true_negative
1061,0,0.0782930793775836,0.020338983050847456,2008-09,False,true_negative
1062,1,0.048122132076947495,0.03389830508474576,2008-09,False,false_negative
1063,0,0.074213889348486,0.03389830508474576,2008-09,False,true_negative
1064,0,0.0404900459881944,0.04745762711864407,2008-09,False,true_negative
1065,0,0.10047093858218636,0.013559322033898305,2008-09,True,false_positive
1066,0,0.050984668095956164,0.03389830508474576,2008-09,False,true_negative
1067,0,0.060739626554244065,0.04745762711864407,2008-09,False,true_negative
1068,0,0.05159917201061346,0.05423728813559322,2008-09,False,true_negative
1069,0,0.04688974789223473,0.02711864406779661,2008-09,False,true_negative
1071,0,0.054848403336532965,0.020338983050847456,2008-09,False,true_negative
1072,0,0.042545755990174766,0.03389830508474576,2008-09,False,true_negative
1074,0,0.06468685712182223,0.02711864406779661,2008-09,False,true_negative
1075,0,0.047931648813572,0.06779661016949153,2008-09,False,true_negative
1076,0,0.06923920636419603,0.04745762711864407,2008-09,False,true_negative
1077,0,0.055118926377684806,0.03389830508474576,2008-09,False,true_negative
1078,0,0.03247584773835283,0.013559322033898305,2008-09,False,true_negative
1079,0,0.056559121526632804,0.04576271186440678,2008-09,False,true_negative
1082,0,0.1146571017128364,0.02711864406779661,2008-09,True,false_positive
1083,0,0.0375554709855706,0.02711864406779661,2008-09,False,true_negative
1084,0,0.10103749743216689,0.059322033898305086,2008-09,True,false_positive
1085,0,0.059572471930946565,0.03389830508474576,2008-09,False,true_negative
1086,0,0.041428652482269464,0.02711864406779661,2008-09,False,true_negative
1087,0,0.08687934761848974,0.020338983050847456,2008-09,False,true_negative
1088,0,0.06683139396458031,0.02711864406779661,2008-09,False,true_negative
1089,0,0.061505083075643195,0.04745762711864407,2008-09,False,true_negative
1091,0,0.04786682720544536,0.020338983050847456,2008-09,False,true_negative
1093,0,0.055562984027289264,0.020338983050847456,2008-09,False,true_negative
1096,0,0.06371475832048937,0.020338983050847456,2008-09,False,true_negative
1100,0,0.052409165106552934,0.020338983050847456,2008-09,False,true_negative
1101,0,0.0645026238418514,0.02711864406779661,2008-09,False,true_negative
1102,0,0.04055559684588967,0.04067796610169491,2008-09,False,true_negative
1104,0,0.09051077201227707,0.03389830508474576,2008-09,False,true_negative
1105,0,0.06374893454991297,0.03389830508474576,2008-09,False,true_negative
1107,0,0.05203731728983707,0.03389830508474576,2008-09,False,true_negative
1108,0,0.05866911148527049,0.02711864406779661,2008-09,False,true_negative
1109,0,0.09818241208502261,0.020338983050847456,2008-09,True,false_positive
1110,0,0.09533522141880903,0.020338983050847456,2008-09,True,false_positive
1111,0,0.043324363113102164,0.020338983050847456,2008-09,False,true_negative
1112,0,0.03606197059974143,0.020338983050847456,2008-09,False,true_negative
1113,0,0.09023057328071797,0.020338983050847456,2008-09,False,true_negative
1114,0,0.06369559418855583,0.020338983050847456,2008-09,False,true_negative
1115,0,0.08071189086438127,0.02711864406779661,2008-09,False,true_negative
1117,0,0.0583110474460252,0.05423728813559322,2008-09,False,true_negative
1118,0,0.08994181859103767,0.04745762711864407,2008-09,False,true_negative
1119,0,0.043838978943620675,0.020338983050847456,2008-09,False,true_negative
1120,0,0.0388763858163279,0.04067796610169491,2008-09,False,true_negative
1121,0,0.08109515535238003,0.020338983050847456,2008-09,False,true_negative
1124,0,0.09018279341737571,0.02711864406779661,2008-09,False,true_negative
1125,0,0.0459147141266547,0.02711864406779661,2008-09,False,true_negative
1126,0,0.051151893270482196,0.04745762711864407,2008-09,False,true_negative
1127,0,0.049017563468197835,0.04576271186440678,2008-09,False,true_negative
1128,0,0.03480447843726947,0.04745762711864407,2008-09,False,true_negative
1130,0,0.07906493185329687,0.03389830508474576,2008-09,False,true_negative
1131,0,0.07127632415606179,0.03389830508474576,2008-09,False,true_negative
1132,0,0.09404339057633489,0.020338983050847456,2008-09,True,false_positive
1133,0,0.07406005271683956,0.020338983050847456,2008-09,False,true_negative
1135,0,0.0607575055838644,0.04745762711864407,2008-09,False,true_negative
1136,0,0.04803395382145243,0.013559322033898305,2008-09,False,true_negative
1139,0,0.09726811059796182,0.061016949152542375,2008-09,True,false_positive
1141,0,0.08513728953380846,0.03389830508474576,2008-09,False,true_negative
1143,0,0.0365822811952054,0.020338983050847456,2008-09,False,true_negative
1144,1,0.0670198912874913,0.02711864406779661,2008-09,False,false_negative
1145,0,0.08108025268093867,0.04745762711864407,2008-09,False,true_negative
1146,0,0.06880166701306653,0.020338983050847456,2008-09,False,true_negative
1147,0,0.08752330815457414,0.04745762711864407,2008-09,False,true_negative
1149,0,0.0568616979344976,0.02711864406779661,2008-09,False,true_negative
1151,1,0.07092573703644067,0.03389830508474576,2008-09,False,false_negative
1153,0,0.0750012166880719,0.04745762711864407,2008-09,False,true_negative
1154,0,0.08277726160003573,0.03389830508474576,2008-09,False,true_negative
1155,0,0.0613556768177134,0.02711864406779661,2008-09,False,true_negative
1158,0,0.062420142266372235,0.04067796610169491,2008-09,False,true_negative
1159,0,0.06883348483996872,0.04067796610169491,2008-09,False,true_negative
1160,0,0.04676583080346707,0.03389830508474576,2008-09,False,true_negative
1161,0,0.09902642398232935,0.04745762711864407,2008-09,True,false_positive
1163,0,0.04798656012448257,0.02711864406779661,2008-09,False,true_negative
1164,0,0.05199581829301819,0.013559322033898305,2008-09,False,true_negative
1165,0,0.05641025449825406,0.02711864406779661,2008-09,False,true_negative
1167,0,0.04394146833219626,0.04067796610169491,2008-09,False,true_negative
1168,0,0.06310681481271346,0.020338983050847456,2008-09,False,true_negative
1169,0,0.05015245756957833,0.04067796610169491,2008-09,False,true_negative
1170,0,0.0641931191219758,0.013559322033898305,2008-09,False,true_negative
1171,0,0.12061998103933876,0.020338983050847456,2008-09,True,false_positive
1172,0,0.03553913203736587,0.020338983050847456,2008-09,False,true_negative
1173,0,0.05474198705455504,0.04745762711864407,2008-09,False,true_negative
1174,0,0.09263855539366783,0.02711864406779661,2008-09,True,false_positive
1176,0,0.0626258397007422,0.02711864406779661,2008-09,False,true_negative
1177,0,0.04690188085203087,0.013559322033898305,2008-09,False,true_negative
1178,0,0.08750213301840425,0.020338983050847456,2008-09,False,true_negative
1179,0,0.06069575659319426,0.02711864406779661,2008-09,False,true_negative
1180,0,0.048882412454839035,0.013559322033898305,2008-09,False,true_negative
1181,0,0.036130945470739834,0.03389830508474576,2008-09,False,true_negative
1182,0,0.042519298433672435,0.013559322033898305,2008-09,False,true_negative
1183,0,0.0494382615354114,0.013559322033898305,2008-09,False,true_negative
1185,1,0.0299929078014184,0.02711864406779661,2008-09,False,false_negative
1186,0,0.06577150184483287,0.04067796610169491,2008-09,False,true_negative
1187,0,0.09852106568323471,0.03389830508474576,2008-09,True,false_positive
1188,0,0.06739465398698546,0.04745762711864407,2008-09,False,true_negative
1190,0,0.06763236485055867,0.04745762711864407,2008-09,False,true_negative
1192,0,0.10242203819091357,0.013559322033898305,2008-09,True,false_positive
1193,0,0.0719403474712097,0.05254237288135593,2008-09,False,true_negative
1194,0,0.03305807424177933,0.02711864406779661,2008-09,False,true_negative
1195,0,0.05496229829367344,0.020338983050847456,2008-09,False,true_negative
1196,0,0.11783739947665094,0.020338983050847456,2008-09,True,false_positive
1198,0,0.0279384528310514,0.02711864406779661,2008-09,False,true_negative
1199,0,0.023208607723710566,0.013559322033898305,2008-09,False,true_negative
1200,0,0.07385763012478506,0.04067796610169491,2008-09,False,true_negative
1201,0,0.0684317423392391,0.03389830508474576,2008-09,False,true_negative
1202,0,0.0391252442393688,0.013559322033898305,2008-09,False,true_negative
1203,0,0.10349333539934737,0.013559322033898305,2008-09,True,false_positive
1206,0,0.09046290117143159,0.1288135593220339,2008-09,False,true_negative
1207,0,0.06281895583595577,0.020338983050847456,2008-09,False,true_negative
1210,0,0.07798603658392073,0.02711864406779661,2008-10,False,true_negative
1211,1,0.03686137661822177,0.04745762711864407,2008-10,False,false_negative
1214,0,0.11190960937510787,0.04745762711864407,2008-10,True,false_positive
1215,0,0.06994989001558596,0.05423728813559322,2008-10,False,true_negative
1216,0,0.12718798500838455,0.04745762711864407,2008-10,True,false_positive
1217,0,0.1684321237048649,0.02711864406779661,2008-10,True,false_positive
1220,0,0.07845356436073207,0.03389830508474576,2008-10,False,true_negative
1221,0,0.08160763719732363,0.03389830508474576,2008-10,False,true_negative
1223,0,0.16644726261690942,0.02711864406779661,2008-10,True,false_positive
1224,0,0.09674484995654543,0.02711864406779661,2008-10,True,false_positive
1227,1,0.09850396393631226,0.03389830508474576,2008-10,True,true_positive
1228,0,0.1247663698156974,0.02711864406779661,2008-10,True,false_positive
1230,0,0.07814947034096749,0.04745762711864407,2008-10,False,true_negative
1232,0,0.08301152748642361,0.04067796610169491,2008-10,False,true_negative
1233,0,0.10179738305494802,0.059322033898305086,2008-10,True,false_positive
1234,0,0.09553369092743842,0.1152542372881356,2008-10,True,false_positive
1235,0,0.0923773189545503,0.03389830508474576,2008-10,True,false_positive
1238,1,0.05228720077314116,0.013559322033898305,2008-10,False,false_negative
1240,0,0.07142705228395486,0.04067796610169491,2008-10,False,true_negative
1241,1,0.06756905804405276,0.02711864406779661,2008-10,False,false_negative
1243,0,0.05970688551208694,0.02711864406779661,2008-10,False,true_negative
1244,0,0.09557279106104803,0.020338983050847456,2008-10,True,false_positive
1246,0,0.06488850395552247,0.006779661016949152,2008-10,False,true_negative
1247,0,0.0448123347401894,0.020338983050847456,2008-10,False,true_negative
1248,0,0.0792089327082057,0.02711864406779661,2008-10,False,true_negative
1250,0,0.11070089985684019,0.03389830508474576,2008-10,True,false_positive
1251,0,0.038216056445675065,0.020338983050847456,2008-10,False,true_negative
1252,0,0.1085100697045467,0.020338983050847456,2008-10,True,false_positive
1253,0,0.11245911980795675,0.020338983050847456,2008-10,True,false_positive
1255,0,0.09138016193798267,0.020338983050847456,2008-10,True,false_positive
1256,0,0.0778001810769267,0.006779661016949152,2008-10,False,true_negative
1257,0,0.0781044506233536,0.02711864406779661,2008-10,False,true_negative
1258,0,0.05694320304714187,0.02711864406779661,2008-10,False,true_negative
1260,0,0.067377728610605,0.02711864406779661,2008-10,False,true_negative
1261,0,0.09205193183265244,0.020338983050847456,2008-10,True,false_positive
1262,0,0.07758418132542956,0.04745762711864407,2008-10,False,true_negative
1263,0,0.09858035989108734,0.020338983050847456,2008-10,True,false_positive
1264,0,0.04762262211823373,0.020338983050847456,2008-10,False,true_negative
1265,0,0.06794603800463776,0.02711864406779661,2008-10,False,true_negative
1266,0,0.07528484881747377,0.03389830508474576,2008-10,False,true_negative
1267,0,0.10474845129476786,0.013559322033898305,2008-10,True,false_positive
1269,0,0.0339068058194552,0.02711864406779661,2008-10,False,true_negative
1270,0,0.07792979685868939,0.02711864406779661,2008-10,False,true_negative
1273,0,0.05600738134662103,0.04745762711864407,2008-10,False,true_negative
1275,0,0.03422706129402906,0.04745762711864407,2008-10,False,true_negative
1276,0,0.05085716306436137,0.04745762711864407,2008-10,False,true_negative
1277,0,0.05186897344776597,0.04067796610169491,2008-10,False,true_negative
1278,0,0.061186928131608996,0.04745762711864407,2008-10,False,true_negative
1279,0,0.10234748076288226,0.03389830508474576,2008-10,True,false_positive
1280,0,0.19777201891871798,0.03389830508474576,2008-10,True,false_positive
1281,0,0.06415772710778876,0.02711864406779661,2008-10,False,true_negative
1284,0,0.1317106940612016,0.03389830508474576,2008-10,True,false_positive
1285,0,0.07731810232199297,0.03389830508474576,2008-10,False,true_negative
1286,0,0.06348061179178567,0.02711864406779661,2008-10,False,true_negative
1287,0,0.02815740172912,0.04745762711864407,2008-10,False,true_negative
1288,0,0.0350955338154442,0.02711864406779661,2008-10,False,true_negative
1289,0,0.062391016397984896,0.02711864406779661,2008-10,False,true_negative
1290,0,0.061287867239571935,0.04745762711864407,2008-10,False,true_negative
1291,0,0.0475365742893894,0.04745762711864407,2008-10,False,true_negative
1292,0,0.1420620962816816,0.02711864406779661,2008-10,True,false_positive
1293,0,0.07102687627200194,0.02711864406779661,2008-10,False,true_negative
1296,0,0.0914323462846013,0.02711864406779661,2008-10,True,false_positive
1297,0,0.0740960250744792,0.02711864406779661,2008-10,False,true_negative
1298,0,0.08319698935162213,0.04745762711864407,2008-10,False,true_negative
1299,0,0.1285880192103444,0.02711864406779661,2008-10,True,false_positive
1300,0,0.11877237686604003,0.020338983050847456,2008-10,True,false_positive
1301,0,0.06483092429309263,0.02711864406779661,2008-10,False,true_negative
1302,1,0.08889535599654859,0.02711864406779661,2008-10,False,false_negative
1303,1,0.10102906147408315,0.02711864406779661,2008-10,True,true_positive
1304,0,0.11836164843169407,0.02711864406779661,2008-10,True,false_positive
1306,0,0.08690067050541538,0.020338983050847456,2008-10,False,true_negative
1308,0,0.0387115718888955,0.03389830508474576,2008-10,False,true_negative
1311,0,0.06730573932923087,0.02711864406779661,2008-10,False,true_negative
1312,0,0.06410874033671783,0.04745762711864407,2008-10,False,true_negative
1313,0,0.063070433689284,0.05423728813559322,2008-10,False,true_negative
1317,0,0.04167726686643036,0.013559322033898305,2008-10,False,true_negative
1318,0,0.058641166277538466,0.04745762711864407,2008-10,False,true_negative
1319,0,0.06296599488534273,0.020338983050847456,2008-10,False,true_negative
1320,0,0.08883828726890917,0.03389830508474576,2008-10,False,true_negative
1321,0,0.06927572239738354,0.013559322033898305,2008-10,False,true_negative
1322,0,0.0732648595650079,0.020338983050847456,2008-10,False,true_negative
1323,0,0.0629789140959225,0.04745762711864407,2008-10,False,true_negative
1324,1,0.0828307221080853,0.02711864406779661,2008-10,False,false_negative
1325,1,0.09208752883261288,0.03389830508474576,2008-10,True,true_positive
1326,0,0.16026648003637367,0.013559322033898305,2008-10,True,false_positive
1327,1,0.052282204069441236,0.02711864406779661,2008-10,False,false_negative
1329,1,0.09259439449554853,0.02711864406779661,2008-10,True,true_positive
1330,0,0.07679549008613061,0.04745762711864407,2008-10,False,true_negative
1331,0,0.0694570349411698,0.04745762711864407,2008-10,False,true_negative
1332,0,0.029414885712419264,0.02711864406779661,2008-10,False,true_negative
1335,0,0.0399500374537358,0.05423728813559322,2008-10,False,true_negative
1337,0,0.05760489830536356,0.04745762711864407,2008-10,False,true_negative
1338,0,0.05142412142278257,0.020338983050847456,2008-10,False,true_negative
1339,0,0.04666094093843134,0.020338983050847456,2008-10,False,true_negative
1340,0,0.07454102269691164,0.02711864406779661,2008-10,False,true_negative
1341,0,0.04907946201807623,0.03389830508474576,2008-10,False,true_negative
1342,1,0.040488155361673564,0.03389830508474576,2008-10,False,false_negative
1343,1,0.08814151833129753,0.03389830508474576,2008-10,False,false_negative
1346,0,0.06537640164868797,0.03389830508474576,2008-10,False,true_negative
1347,0,0.05105962103509184,0.04067796610169491,2008-10,False,true_negative
1348,0,0.07868368853596987,0.05423728813559322,2008-10,False,true_negative
1349,0,0.036478289261439804,0.02711864406779661,2008-10,False,true_negative
1355,0,0.0476981075318715,0.061016949152542375,2008-10,False,true_negative
1356,0,0.04747859871007463,0.04067796610169491,2008-10,False,true_negative
1358,0,0.03849171594463203,0.04067796610169491,2008-10,False,true_negative
1359,0,0.11107274228841374,0.02711864406779661,2008-10,True,false_positive
1362,0,0.0571122610407071,0.05423728813559322,2008-10,False,true_negative
1363,1,0.061052332231641006,0.02711864406779661,2008-10,False,false_negative
1365,1,0.06107496118144417,0.020338983050847456,2008-10,False,false_negative
1368,0,0.0395874024599462,0.02711864406779661,2008-10,False,true_negative
1369,0,0.09327046742662913,0.03389830508474576,2008-10,True,false_positive
1371,0,0.0546615616521503,0.061016949152542375,2008-10,False,true_negative
1372,0,0.037541114559404634,0.04067796610169491,2008-10,False,true_negative
1373,0,0.028539187573647835,0.03389830508474576,2008-10,False,true_negative
1374,0,0.0751477771858423,0.04745762711864407,2008-10,False,true_negative
1376,0,0.043833850661297635,0.02711864406779661,2008-10,False,true_negative
1378,0,0.057682711066710364,0.03389830508474576,2008-10,False,true_negative
1379,0,0.0795769036035592,0.04745762711864407,2008-10,False,true_negative
1380,0,0.0215715252874579,0.04067796610169491,2008-10,False,true_negative
1381,0,0.0686757527284828,0.013559322033898305,2008-10,False,true_negative
1383,0,0.05691524058605962,0.02711864406779661,2008-10,False,true_negative
1384,0,0.03446141902734907,0.02711864406779661,2008-10,False,true_negative
1386,0,0.0547547762703318,0.02711864406779661,2008-10,False,true_negative
1387,0,0.059880232203200164,0.02711864406779661,2008-10,False,true_negative
1388,0,0.07521826684793208,0.03389830508474576,2008-10,False,true_negative
1389,0,0.018089093768018934,0.03389830508474576,2008-10,False,true_negative
1391,0,0.0413295192993385,0.03389830508474576,2008-10,False,true_negative
1392,0,0.02311177819505787,0.03389830508474576,2008-10,False,true_negative
1393,0,0.038279094103926194,0.020338983050847456,2008-10,False,true_negative
1395,0,0.07351800113008623,0.02711864406779661,2008-10,False,true_negative
1399,0,0.036461715814045864,0.020338983050847456,2008-10,False,true_negative
1400,1,0.14216300844443938,0.020338983050847456,2008-10,True,true_positive
1401,0,0.04980120917149503,0.03389830508474576,2008-10,False,true_negative
1402,0,0.0754880045939353,0.02711864406779661,2008-10,False,true_negative
1403,0,0.0557411268571146,0.02711864406779661,2008-10,False,true_negative
1404,0,0.06354356997490057,0.020338983050847456,2008-10,False,true_negative
1405,0,0.06582091213077378,0.04067796610169491,2008-10,False,true_negative
1406,0,0.0449848706193973,0.02711864406779661,2008-10,False,true_negative
1408,0,0.07374320144855546,0.013559322033898305,2008-10,False,true_negative
1409,0,0.0423782024981835,0.02711864406779661,2008-10,False,true_negative
1410,0,0.05166666876150863,0.02711864406779661,2008-10,False,true_negative
1413,0,0.03733927111120617,0.020338983050847456,2008-10,False,true_negative
1414,0,0.0427033325459318,0.02711864406779661,2008-10,False,true_negative
1415,0,0.054614802708989905,0.03389830508474576,2008-10,False,true_negative
1416,0,0.0220206185647578,0.020338983050847456,2008-10,False,true_negative
1417,0,0.03959447817905893,0.03389830508474576,2008-10,False,true_negative
1418,0,0.03236829806687954,0.013559322033898305,2008-10,False,true_negative
1419,0,0.05565565238936234,0.04067796610169491,2008-10,False,true_negative
1420,0,0.07296591381240834,0.03389830508474576,2008-10,False,true_negative
1422,0,0.04570156177888963,0.020338983050847456,2008-10,False,true_negative
1423,0,0.0441382177305108,0.02711864406779661,2008-10,False,true_negative
1425,0,0.055909886644399366,0.02711864406779661,2008-10,False,true_negative
1426,0,0.03890526313214437,0.04745762711864407,2008-10,False,true_negative
1427,0,0.09968879350803123,0.03389830508474576,2008-10,True,false_positive
1428,0,0.03987585282415,0.02711864406779661,2008-10,False,true_negative
1429,0,0.07998663497233717,0.02711864406779661,2008-10,False,true_negative
1430,0,0.044934751593768064,0.05423728813559322,2008-10,False,true_negative
1434,0,0.0294341852467593,0.02711864406779661,2008-10,False,true_negative
1435,0,0.11996158328177602,0.02711864406779661,2008-10,True,false_positive
1436,0,0.04414550570881747,0.020338983050847456,2008-10,False,true_negative
1438,1,0.05408546853033234,0.02711864406779661,2008-10,False,false_negative
1440,0,0.09108435317191699,0.02711864406779661,2008-10,True,false_positive
1443,1,0.06777377411373074,0.04067796610169491,2008-10,False,false_negative
1444,0,0.03983529535421847,0.020338983050847456,2008-10,False,true_negative
1445,0,0.05903183993737884,0.03389830508474576,2008-10,False,true_negative
1447,0,0.0536864854703653,0.03389830508474576,2008-10,False,true_negative
1449,0,0.047643607008176936,0.03389830508474576,2008-10,False,true_negative
1450,0,0.06533906222522613,0.06779661016949153,2008-10,False,true_negative
1451,0,0.04317253403542693,0.02711864406779661,2008-10,False,true_negative
1452,0,0.0582463875876163,0.020338983050847456,2008-10,False,true_negative
1454,0,0.0509071378911522,0.020338983050847456,2008-10,False,true_negative
1455,0,0.04357220160075847,0.006779661016949152,2008-10,False,true_negative
1457,0,0.02939348660901993,0.02711864406779661,2008-10,False,true_negative
1458,0,0.13037560084127944,0.04745762711864407,2008-10,True,false_positive
1459,0,0.0674448169913417,0.07457627118644068,2008-10,False,true_negative
1460,0,0.07191974444371986,0.05423728813559322,2008-10,False,true_negative
1461,0,0.05276448484762023,0.061016949152542375,2008-10,False,true_negative
1462,0,0.038625658530777034,0.02711864406779661,2008-10,False,true_negative
1463,0,0.020618319987041032,0.04067796610169491,2008-10,False,true_negative
1464,0,0.06251336986648917,0.02711864406779661,2008-10,False,true_negative
1465,0,0.025321089516669604,0.02711864406779661,2008-10,False,true_negative
1467,0,0.05239857579986673,0.061016949152542375,2008-10,False,true_negative
1468,0,0.03943127813081004,0.020338983050847456,2008-10,False,true_negative
1469,0,0.045950554202540204,0.06779661016949153,2008-10,False,true_negative
1470,0,0.055330738957332565,0.03389830508474576,2008-10,False,true_negative
1471,0,0.0380129809054185,0.020338983050847456,2008-10,False,true_negative
1473,0,0.04118685089319996,0.04067796610169491,2008-10,False,true_negative
1475,0,0.026820176162246596,0.03389830508474576,2008-10,False,true_negative
1476,0,0.017884966662143734,0.02711864406779661,2008-10,False,true_negative
1480,0,0.011639999999999968,0.02711864406779661,2008-10,False,true_negative
1481,0,0.0399501136991798,0.013559322033898305,2008-10,False,true_negative
1483,0,0.033605282438918964,0.04067796610169491,2008-10,False,true_negative
1484,0,0.019190701314012033,0.04067796610169491,2008-10,False,true_negative
1485,0,0.04945425609750163,0.04067796610169491,2008-10,False,true_negative
1487,0,0.06647778727220513,0.04067796610169491,2008-10,False,true_negative
1488,0,0.0463929324021069,0.04745762711864407,2008-10,False,true_negative
1489,0,0.08588162290407957,0.02711864406779661,2008-10,False,true_negative
1490,0,0.0564389537550328,0.02711864406779661,2008-10,False,true_negative
1492,0,0.05135429210561393,0.04067796610169491,2008-10,False,true_negative
1494,0,0.033748042157501164,0.02711864406779661,2008-10,False,true_negative
1496,0,0.035225347149711,0.04067796610169491,2008-10,False,true_negative
1497,0,0.039456080885231934,0.02711864406779661,2008-10,False,true_negative
1500,0,0.06475733642844729,0.04067796610169491,2008-10,False,true_negative
1501,0,0.026181346944684967,0.03389830508474576,2008-10,False,true_negative
1502,0,0.015216236478397434,0.03389830508474576,2008-10,False,true_negative
1503,0,0.044856804534244565,0.020338983050847456,2008-10,False,true_negative
1504,0,0.027337134989318865,0.04067796610169491,2008-10,False,true_negative
1505,0,0.051084258194481834,0.04067796610169491,2008-10,False,true_negative
1506,0,0.0811528090514521,0.020338983050847456,2008-10,False,true_negative
1507,0,0.07790864724140677,0.03389830508474576,2008-10,False,true_negative
1508,0,0.03242263269515347,0.04067796610169491,2008-10,False,true_negative
1509,0,0.049162037909051236,0.02711864406779661,2008-10,False,true_negative
1510,0,0.051207681243563,0.04067796610169491,2008-10,False,true_negative
1511,0,0.04148100742498476,0.02711864406779661,2008-10,False,true_negative
1512,0,0.0181514951104098,0.04067796610169491,2008-10,False,true_negative
1513,0,0.04484470045199416,0.04067796610169491,2008-10,False,true_negative
1514,0,0.05299763068488933,0.03389830508474576,2008-10,False,true_negative
1515,0,0.062364487794516164,0.03389830508474576,2008-10,False,true_negative
1516,0,0.030122936069808967,0.03389830508474576,2008-10,False,true_negative
1517,0,0.0504254607286835,0.04067796610169491,2008-10,False,true_negative
1518,0,0.04186545154909319,0.02711864406779661,2008-10,False,true_negative
1519,1,0.06936770543617374,0.03389830508474576,2008-10,False,false_negative
1520,0,0.06411135769234573,0.020338983050847456,2008-10,False,true_negative
1521,0,0.0325732978534559,0.02711864406779661,2008-10,False,true_negative
1523,0,0.05131074800014266,0.020338983050847456,2008-10,False,true_negative
1524,0,0.029348578379646762,0.03389830508474576,2008-10,False,true_negative
1526,0,0.03701969275557696,0.03389830508474576,2008-10,False,true_negative
1527,0,0.03661488757849297,0.03389830508474576,2008-10,False,true_negative
1530,0,0.04970450185127287,0.03389830508474576,2008-10,False,true_negative
1532,0,0.0271238419030502,0.03389830508474576,2008-10,False,true_negative
1533,0,0.07217303096192897,0.04745762711864407,2008-10,False,true_negative
1534,0,0.02558937135612133,0.03389830508474576,2008-10,False,true_negative
1535,0,0.03673804539654423,0.013559322033898305,2008-10,False,true_negative
1536,0,0.013975916235470365,0.03389830508474576,2008-10,False,true_negative
1538,0,0.0294034443649796,0.04067796610169491,2008-10,False,true_negative
1539,0,0.06399535127747401,0.02711864406779661,2008-10,False,true_negative
1542,0,0.03621980516715766,0.08813559322033898,2008-10,False,true_negative
1544,0,0.034567313231708835,0.08135593220338982,2008-10,False,true_negative
1545,0,0.03898486234389464,0.08135593220338982,2008-10,False,true_negative
1546,0,0.0296338528577873,0.08135593220338982,2008-10,False,true_negative
1547,0,0.0485231126117685,0.1016949152542373,2008-10,False,true_negative
1548,0,0.04739024596543543,0.08813559322033898,2008-10,False,true_negative
1549,0,0.044292127391180734,0.09491525423728814,2008-10,False,true_negative
1550,0,0.0157427980917597,0.02711864406779661,2008-10,False,true_negative
1551,0,0.03601233750494346,0.1016949152542373,2008-10,False,true_negative
1553,0,0.022660095203899135,0.08813559322033898,2008-10,False,true_negative
1554,0,0.04597892615744593,0.1016949152542373,2008-10,False,true_negative
1555,0,0.06080552591501317,0.1016949152542373,2008-10,False,true_negative
1556,0,0.041232531821478464,0.09491525423728814,2008-10,False,true_negative
1557,0,0.0667424879349061,0.08135593220338982,2008-10,False,true_negative
1558,0,0.03556451535612987,0.08813559322033898,2008-10,False,true_negative
1559,0,0.02312531393965887,0.08135593220338982,2008-10,False,true_negative
1560,0,0.02707601190955373,0.1016949152542373,2008-10,False,true_negative
1561,0,0.0543592064701926,0.23728813559322035,2008-10,False,true_negative
1562,0,0.02609491524493827,0.08813559322033898,2008-10,False,true_negative
1564,0,0.031389192336191335,0.25084745762711863,2008-10,False,true_negative
1566,0,0.0626628245328095,0.2576271186440678,2008-10,False,true_negative
