model,feature,selected_folds,fraction
isolation_forest,f_000,15,1.0
isolation_forest,f_001,15,1.0
isolation_forest,f_002,15,1.0
isolation_forest,f_003,15,1.0
isolation_forest,f_004,15,1.0
isolation_forest,f_006,15,1.0
isolation_forest,f_007,15,1.0
isolation_forest,f_008,15,1.0
isolation_forest,f_009,15,1.0
isolation_forest,f_010,15,1.0
isolation_forest,f_011,15,1.0
isolation_forest,f_012,15,1.0
isolation_forest,f_014,15,1.0
isolation_forest,f_015,15,1.0
isolation_forest,f_016,15,1.0
isolation_forest,f_017,15,1.0
isolation_forest,f_018,15,1.0
isolation_forest,f_019,15,1.0
isolation_forest,f_020,15,1.0
isolation_forest,f_021,15,1.0
isolation_forest,f_022,15,1.0
isolation_forest,f_023,15,1.0
isolation_forest,f_024,15,1.0
isolation_forest,f_025,15,1.0
isolation_forest,f_026,15,1.0
isolation_forest,f_027,15,1.0
isolation_forest,f_028,15,1.0
isolation_forest,f_029,15,1.0
isolation_forest,f_030,15,1.0
isolation_forest,f_031,15,1.0
isolation_forest,f_032,15,1.0
isolation_forest,f_033,15,1.0
isolation_forest,f_034,15,1.0
isolation_forest,f_035,15,1.0
isolation_forest,f_036,15,1.0
isolation_forest,f_037,15,1.0
isolation_forest,f_038,15,1.0
isolation_forest,f_039,15,1.0
isolation_forest,f_040,15,1.0
isolation_forest,f_041,15,1.0
isolation_forest,f_043,15,1.0
isolation_forest,f_044,15,1.0
isolation_forest,f_045,15,1.0
isolation_forest,f_046,15,1.0
isolation_forest,f_047,15,1.0
isolation_forest,f_048,15,1.0
isolation_forest,f_050,15,1.0
isolation_forest,f_051,15,1.0
isolation_forest,f_053,15,1.0
isolation_forest,f_054,15,1.0
isolation_forest,f_055,15,1.0
isolation_forest,f_056,15,1.0
isolation_forest,f_057,15,1.0
isolation_forest,f_058,15,1.0
isolation_forest,f_059,15,1.0
isolation_forest,f_060,15,1.0
isolation_forest,f_061,15,1.0
isolation_forest,f_062,15,1.0
isolation_forest,f_063,15,1.0
isolation_forest,f_064,15,1.0
isolation_forest,f_065,15,1.0
isolation_forest,f_066,15,1.0
isolation_forest,f_067,15,1.0
isolation_forest,f_068,15,1.0
isolation_forest,f_070,15,1.0
isolation_forest,f_071,15,1.0
isolation_forest,f_074,12,0.8
isolation_forest,f_075,15,1.0
isolation_forest,f_076,15,1.0
isolation_forest,f_077,15,1.0
isolation_forest,f_078,15,1.0
isolation_forest,f_079,15,1.0
isolation_forest,f_080,15,1.0
isolation_forest,f_081,15,1.0
isolation_forest,f_082,15,1.0
isolation_forest,f_083,15,1.0
isolation_forest,f_084,15,1.0
isolation_forest,f_086,15,1.0
isolation_forest,f_087,15,1.0
isolation_forest,f_088,15,1.0
isolation_forest,f_089,15,1.0
isolation_forest,f_090,15,1.0
isolation_forest,f_091,15,1.0
isolation_forest,f_092,15,1.0
isolation_forest,f_093,15,1.0
isolation_forest,f_094,15,1.0
isolation_forest,f_095,15,1.0
isolation_forest,f_096,15,1.0
isolation_forest,f_098,15,1.0
isolation_forest,f_099,15,1.0
isolation_forest,f_100,15,1.0
isolation_forest,f_101,15,1.0
isolation_forest,f_102,15,1.0
isolation_forest,f_103,15,1.0
isolation_forest,f_104,15,1.0
isolation_forest,f_105,15,1.0
isolation_forest,f_106,15,1.0
isolation_forest,f_107,15,1.0
isolation_forest,f_108,15,1.0
isolation_forest,f_113,15,1.0
isolation_forest,f_114,15,1.0
isolation_forest,f_115,15,1.0
isolation_forest,f_116,15,1.0
isolation_forest,f_117,15,1.0
isolation_forest,f_118,15,1.0
isolation_forest,f_119,15,1.0
isolation_forest,f_120,15,1.0
isolation_forest,f_121,15,1.0
isolation_forest,f_122,15,1.0
isolation_forest,f_123,15,1.0
isolation_forest,f_124,15,1.0
isolation_forest,f_125,15,1.0
isolation_forest,f_126,15,1.0
isolation_forest,f_127,15,1.0
isolation_forest,f_128,15,1.0
isolation_forest,f_129,15,1.0
isolation_forest,f_130,15,1.0
isolation_forest,f_131,15,1.0
isolation_forest,f_132,15,1.0
isolation_forest,f_133,15,1.0
isolation_forest,f_134,15,1.0
isolation_forest,f_135,15,1.0
isolation_forest,f_136,15,1.0
isolation_forest,f_137,15,1.0
isolation_forest,f_138,15,1.0
isolation_forest,f_139,15,1.0
isolation_forest,f_140,15,1.0
isolation_forest,f_142,15,1.0
isolation_forest,f_143,15,1.0
isolation_forest,f_144,15,1.0
isolation_forest,f_145,15,1.0
isolation_forest,f_146,15,1.0
isolation_forest,f_147,15,1.0
isolation_forest,f_148,15,1.0
isolation_forest,f_150,15,1.0
isolation_forest,f_151,15,1.0
isolation_forest,f_152,15,1.0
isolation_forest,f_153,15,1.0
isolation_forest,f_154,15,1.0
isolation_forest,f_155,15,1.0
isolation_forest,f_156,15,1.0
isolation_forest,f_159,15,1.0
isolation_forest,f_160,15,1.0
isolation_forest,f_161,15,1.0
isolation_forest,f_162,15,1.0
isolation_forest,f_163,15,1.0
isolation_forest,f_164,15,1.0
isolation_forest,f_165,15,1.0
isolation_forest,f_166,15,1.0
isolation_forest,f_167,15,1.0
isolation_forest,f_168,15,1.0
isolation_forest,f_169,15,1.0
isolation_forest,f_170,15,1.0
isolation_forest,f_171,15,1.0
isolation_forest,f_172,15,1.0
isolation_forest,f_173,15,1.0
isolation_forest,f_174,15,1.0
isolation_forest,f_175,15,1.0
isolation_forest,f_176,15,1.0
isolation_forest,f_177,15,1.0
isolation_forest,f_180,15,1.0
isolation_forest,f_181,15,1.0
isolation_forest,f_182,15,1.0
isolation_forest,f_183,15,1.0
isolation_forest,f_184,15,1.0
isolation_forest,f_185,15,1.0
isolation_forest,f_187,15,1.0
isolation_forest,f_188,15,1.0
isolation_forest,f_195,15,1.0
isolation_forest,f_196,15,1.0
isolation_forest,f_197,15,1.0
isolation_forest,f_198,15,1.0
isolation_forest,f_199,15,1.0
isolation_forest,f_200,15,1.0
isolation_forest,f_201,15,1.0
isolation_forest,f_202,15,1.0
isolation_forest,f_203,15,1.0
isolation_forest,f_204,15,1.0
isolation_forest,f_205,15,1.0
isolation_forest,f_206,12,0.8
isolation_forest,f_207,15,1.0
isolation_forest,f_208,15,1.0
isolation_forest,f_209,12,0.8
isolation_forest,f_210,15,1.0
isolation_forest,f_211,15,1.0
isolation_forest,f_212,15,1.0
isolation_forest,f_213,15,1.0
isolation_forest,f_214,15,1.0
isolation_forest,f_215,15,1.0
isolation_forest,f_216,15,1.0
isolation_forest,f_217,15,1.0
isolation_forest,f_218,15,1.0
isolation_forest,f_219,15,1.0
isolation_forest,f_221,15,1.0
isolation_forest,f_222,15,1.0
isolation_forest,f_223,15,1.0
isolation_forest,f_224,15,1.0
isolation_forest,f_225,15,1.0
isolation_forest,f_227,15,1.0
isolation_forest,f_228,15,1.0
isolation_forest,f_238,15,1.0
isolation_forest,f_239,15,1.0
isolation_forest,f_248,15,1.0
isolation_forest,f_249,15,1.0
isolation_forest,f_250,15,1.0
isolation_forest,f_251,15,1.0
isolation_forest,f_252,15,1.0
isolation_forest,f_253,15,1.0
isolation_forest,f_254,15,1.0
isolation_forest,f_255,15,1.0
isolation_forest,f_267,15,1.0
isolation_forest,f_268,15,1.0
isolation_forest,f_269,15,1.0
isolation_forest,f_270,15,1.0
isolation_forest,f_271,15,1.0
isolation_forest,f_272,15,1.0
isolation_forest,f_273,15,1.0
isolation_forest,f_274,15,1.0
isolation_forest,f_275,15,1.0
isolation_forest,f_277,15,1.0
isolation_forest,f_278,15,1.0
isolation_forest,f_279,15,1.0
isolation_forest,f_280,15,1.0
isolation_forest,f_281,15,1.0
isolation_forest,f_282,15,1.0
isolation_forest,f_283,15,1.0
isolation_forest,f_285,15,1.0
isolation_forest,f_286,15,1.0
isolation_forest,f_287,15,1.0
isolation_forest,f_288,15,1.0
isolation_forest,f_289,15,1.0
isolation_forest,f_290,15,1.0
isolation_forest,f_291,15,1.0
isolation_forest,f_294,15,1.0
isolation_forest,f_295,15,1.0
isolation_forest,f_296,15,1.0
isolation_forest,f_297,15,1.0
isolation_forest,f_298,15,1.0
isolation_forest,f_299,15,1.0
isolation_forest,f_300,15,1.0
isolation_forest,f_301,15,1.0
isolation_forest,f_302,15,1.0
isolation_forest,f_303,15,1.0
isolation_forest,f_304,15,1.0
isolation_forest,f_305,15,1.0
isolation_forest,f_306,15,1.0
isolation_forest,f_307,15,1.0
isolation_forest,f_308,15,1.0
isolation_forest,f_309,15,1.0
isolation_forest,f_310,15,1.0
isolation_forest,f_311,15,1.0
isolation_forest,f_312,15,1.0
isolation_forest,f_316,15,1.0
isolation_forest,f_317,15,1.0
isolation_forest,f_318,15,1.0
isolation_forest,f_319,15,1.0
isolation_forest,f_320,15,1.0
isolation_forest,f_321,15,1.0
isolation_forest,f_323,15,1.0
isolation_forest,f_324,15,1.0
isolation_forest,f_331,15,1.0
isolation_forest,f_332,15,1.0
isolation_forest,f_333,15,1.0
isolation_forest,f_334,15,1.0
isolation_forest,f_335,15,1.0
isolation_forest,f_336,15,1.0
isolation_forest,f_337,15,1.0
isolation_forest,f_338,15,1.0
isolation_forest,f_339,15,1.0
isolation_forest,f_340,15,1.0
isolation_forest,f_341,15,1.0
isolation_forest,f_342,12,0.8
isolation_forest,f_343,15,1.0
isolation_forest,f_344,15,1.0
isolation_forest,f_347,12,0.8
isolation_forest,f_348,15,1.0
isolation_forest,f_349,15,1.0
isolation_forest,f_350,15,1.0
isolation_forest,f_351,15,1.0
isolation_forest,f_352,15,1.0
isolation_forest,f_353,15,1.0
isolation_forest,f_354,15,1.0
isolation_forest,f_355,15,1.0
isolation_forest,f_356,15,1.0
isolation_forest,f_357,15,1.0
isolation_forest,f_359,15,1.0
isolation_forest,f_360,15,1.0
isolation_forest,f_361,15,1.0
isolation_forest,f_362,15,1.0
isolation_forest,f_363,15,1.0
isolation_forest,f_365,15,1.0
isolation_forest,f_366,15,1.0
isolation_forest,f_367,15,1.0
isolation_forest,f_368,15,1.0
isolation_forest,f_376,15,1.0
isolation_forest,f_377,15,1.0
isolation_forest,f_386,15,1.0
isolation_forest,f_387,15,1.0
isolation_forest,f_388,15,1.0
isolation_forest,f_389,15,1.0
isolation_forest,f_390,15,1.0
isolation_forest,f_391,15,1.0
isolation_forest,f_392,15,1.0
isolation_forest,f_393,15,1.0
isolation_forest,f_405,15,1.0
isolation_forest,f_406,15,1.0
isolation_forest,f_407,15,1.0
isolation_forest,f_408,15,1.0
isolation_forest,f_409,15,1.0
isolation_forest,f_410,15,1.0
isolation_forest,f_411,15,1.0
isolation_forest,f_412,15,1.0
isolation_forest,f_413,15,1.0
isolation_forest,f_415,15,1.0
isolation_forest,f_416,15,1.0
isolation_forest,f_417,15,1.0
isolation_forest,f_418,15,1.0
isolation_forest,f_419,15,1.0
isolation_forest,f_420,15,1.0
isolation_forest,f_421,15,1.0
isolation_forest,f_423,15,1.0
isolation_forest,f_424,15,1.0
isolation_forest,f_425,15,1.0
isolation_forest,f_426,15,1.0
isolation_forest,f_427,15,1.0
isolation_forest,f_428,15,1.0
isolation_forest,f_429,15,1.0
isolation_forest,f_430,15,1.0
isolation_forest,f_431,15,1.0
isolation_forest,f_432,15,1.0
isolation_forest,f_433,15,1.0
isolation_forest,f_434,15,1.0
isolation_forest,f_435,15,1.0
isolation_forest,f_436,15,1.0
isolation_forest,f_437,15,1.0
isolation_forest,f_438,15,1.0
isolation_forest,f_439,15,1.0
isolation_forest,f_440,15,1.0
isolation_forest,f_441,15,1.0
isolation_forest,f_442,15,1.0
isolation_forest,f_443,15,1.0
isolation_forest,f_444,15,1.0
isolation_forest,f_445,15,1.0
isolation_forest,f_446,15,1.0
isolation_forest,f_447,15,1.0
isolation_forest,f_448,15,1.0
isolation_forest,f_452,15,1.0
isolation_forest,f_453,15,1.0
isolation_forest,f_454,15,1.0
isolation_forest,f_455,15,1.0
isolation_forest,f_456,15,1.0
isolation_forest,f_457,15,1.0
isolation_forest,f_459,15,1.0
isolation_forest,f_460,15,1.0
isolation_forest,f_467,15,1.0
isolation_forest,f_468,15,1.0
isolation_forest,f_469,15,1.0
isolation_forest,f_470,15,1.0
isolation_forest,f_471,15,1.0
isolation_forest,f_472,15,1.0
isolation_forest,f_473,15,1.0
isolation_forest,f_474,15,1.0
isolation_forest,f_475,15,1.0
isolation_forest,f_476,15,1.0
isolation_forest,f_477,15,1.0
isolation_forest,f_478,12,0.8
isolation_forest,f_479,15,1.0
isolation_forest,f_480,15,1.0
isolation_forest,f_482,15,1.0
isolation_forest,f_483,15,1.0
isolation_forest,f_484,15,1.0
isolation_forest,f_485,15,1.0
isolation_forest,f_486,15,1.0
isolation_forest,f_487,15,1.0
isolation_forest,f_488,15,1.0
isolation_forest,f_489,15,1.0
isolation_forest,f_490,15,1.0
isolation_forest,f_491,15,1.0
isolation_forest,f_493,15,1.0
isolation_forest,f_494,15,1.0
isolation_forest,f_495,15,1.0
isolation_forest,f_496,15,1.0
isolation_forest,f_497,15,1.0
isolation_forest,f_499,15,1.0
isolation_forest,f_500,15,1.0
isolation_forest,f_510,15,1.0
isolation_forest,f_511,15,1.0
isolation_forest,f_520,15,1.0
isolation_forest,f_521,15,1.0
isolation_forest,f_522,15,1.0
isolation_forest,f_523,15,1.0
isolation_forest,f_524,15,1.0
isolation_forest,f_525,15,1.0
isolation_forest,f_526,15,1.0
isolation_forest,f_527,15,1.0
isolation_forest,f_539,15,1.0
isolation_forest,f_540,15,1.0
isolation_forest,f_541,15,1.0
isolation_forest,f_542,15,1.0
isolation_forest,f_543,15,1.0
isolation_forest,f_544,15,1.0
isolation_forest,f_545,15,1.0
isolation_forest,f_546,15,1.0
isolation_forest,f_547,15,1.0
isolation_forest,f_548,15,1.0
isolation_forest,f_549,15,1.0
isolation_forest,f_550,15,1.0
isolation_forest,f_551,15,1.0
isolation_forest,f_552,15,1.0
isolation_forest,f_553,15,1.0
isolation_forest,f_554,15,1.0
isolation_forest,f_555,15,1.0
isolation_forest,f_556,15,1.0
isolation_forest,f_557,15,1.0
isolation_forest,f_558,15,1.0
isolation_forest,f_559,15,1.0
isolation_forest,f_560,15,1.0
isolation_forest,f_561,15,1.0
isolation_forest,f_562,15,1.0
isolation_forest,f_563,15,1.0
isolation_forest,f_564,15,1.0
isolation_forest,f_565,15,1.0
isolation_forest,f_566,15,1.0
isolation_forest,f_567,15,1.0
isolation_forest,f_568,15,1.0
isolation_forest,f_569,15,1.0
isolation_forest,f_570,15,1.0
isolation_forest,f_571,15,1.0
isolation_forest,f_572,15,1.0
isolation_forest,f_573,15,1.0
isolation_forest,f_574,15,1.0
isolation_forest,f_575,15,1.0
isolation_forest,f_576,15,1.0
isolation_forest,f_577,15,1.0
isolation_forest,f_582,15,1.0
isolation_forest,f_583,15,1.0
isolation_forest,f_584,15,1.0
isolation_forest,f_585,15,1.0
isolation_forest,f_586,15,1.0
isolation_forest,f_587,15,1.0
isolation_forest,f_588,15,1.0
isolation_forest,f_589,15,1.0
logistic_full_C01,f_000,15,1.0
logistic_full_C01,f_001,15,1.0
logistic_full_C01,f_002,15,1.0
logistic_full_C01,f_003,15,1.0
logistic_full_C01,f_004,15,1.0
logistic_full_C01,f_006,15,1.0
logistic_full_C01,f_007,15,1.0
logistic_full_C01,f_008,15,1.0
logistic_full_C01,f_009,15,1.0
logistic_full_C01,f_010,15,1.0
logistic_full_C01,f_011,15,1.0
logistic_full_C01,f_012,15,1.0
logistic_full_C01,f_014,15,1.0
logistic_full_C01,f_015,15,1.0
logistic_full_C01,f_016,15,1.0
logistic_full_C01,f_017,15,1.0
logistic_full_C01,f_018,15,1.0
logistic_full_C01,f_019,15,1.0
logistic_full_C01,f_020,15,1.0
logistic_full_C01,f_021,15,1.0
logistic_full_C01,f_022,15,1.0
logistic_full_C01,f_023,15,1.0
logistic_full_C01,f_024,15,1.0
logistic_full_C01,f_025,15,1.0
logistic_full_C01,f_026,15,1.0
logistic_full_C01,f_027,15,1.0
logistic_full_C01,f_028,15,1.0
logistic_full_C01,f_029,15,1.0
logistic_full_C01,f_030,15,1.0
logistic_full_C01,f_031,15,1.0
logistic_full_C01,f_032,15,1.0
logistic_full_C01,f_033,15,1.0
logistic_full_C01,f_034,15,1.0
logistic_full_C01,f_035,15,1.0
logistic_full_C01,f_036,15,1.0
logistic_full_C01,f_037,15,1.0
logistic_full_C01,f_038,15,1.0
logistic_full_C01,f_039,15,1.0
logistic_full_C01,f_040,15,1.0
logistic_full_C01,f_041,15,1.0
logistic_full_C01,f_043,15,1.0
logistic_full_C01,f_044,15,1.0
logistic_full_C01,f_045,15,1.0
logistic_full_C01,f_046,15,1.0
logistic_full_C01,f_047,15,1.0
logistic_full_C01,f_048,15,1.0
logistic_full_C01,f_050,15,1.0
logistic_full_C01,f_051,15,1.0
logistic_full_C01,f_053,15,1.0
logistic_full_C01,f_054,15,1.0
logistic_full_C01,f_055,15,1.0
logistic_full_C01,f_056,15,1.0
logistic_full_C01,f_057,15,1.0
logistic_full_C01,f_058,15,1.0
logistic_full_C01,f_059,15,1.0
logistic_full_C01,f_060,15,1.0
logistic_full_C01,f_061,15,1.0
logistic_full_C01,f_062,15,1.0
logistic_full_C01,f_063,15,1.0
logistic_full_C01,f_064,15,1.0
logistic_full_C01,f_065,15,1.0
logistic_full_C01,f_066,15,1.0
logistic_full_C01,f_067,15,1.0
logistic_full_C01,f_068,15,1.0
logistic_full_C01,f_070,15,1.0
logistic_full_C01,f_071,15,1.0
logistic_full_C01,f_074,12,0.8
logistic_full_C01,f_075,15,1.0
logistic_full_C01,f_076,15,1.0
logistic_full_C01,f_077,15,1.0
logistic_full_C01,f_078,15,1.0
logistic_full_C01,f_079,15,1.0
logistic_full_C01,f_080,15,1.0
logistic_full_C01,f_081,15,1.0
logistic_full_C01,f_082,15,1.0
logistic_full_C01,f_083,15,1.0
logistic_full_C01,f_084,15,1.0
logistic_full_C01,f_086,15,1.0
logistic_full_C01,f_087,15,1.0
logistic_full_C01,f_088,15,1.0
logistic_full_C01,f_089,15,1.0
logistic_full_C01,f_090,15,1.0
logistic_full_C01,f_091,15,1.0
logistic_full_C01,f_092,15,1.0
logistic_full_C01,f_093,15,1.0
logistic_full_C01,f_094,15,1.0
logistic_full_C01,f_095,15,1.0
logistic_full_C01,f_096,15,1.0
logistic_full_C01,f_098,15,1.0
logistic_full_C01,f_099,15,1.0
logistic_full_C01,f_100,15,1.0
logistic_full_C01,f_101,15,1.0
logistic_full_C01,f_102,15,1.0
logistic_full_C01,f_103,15,1.0
logistic_full_C01,f_104,15,1.0
logistic_full_C01,f_105,15,1.0
logistic_full_C01,f_106,15,1.0
logistic_full_C01,f_107,15,1.0
logistic_full_C01,f_108,15,1.0
logistic_full_C01,f_113,15,1.0
logistic_full_C01,f_114,15,1.0
logistic_full_C01,f_115,15,1.0
logistic_full_C01,f_116,15,1.0
logistic_full_C01,f_117,15,1.0
logistic_full_C01,f_118,15,1.0
logistic_full_C01,f_119,15,1.0
logistic_full_C01,f_120,15,1.0
logistic_full_C01,f_121,15,1.0
logistic_full_C01,f_122,15,1.0
logistic_full_C01,f_123,15,1.0
logistic_full_C01,f_124,15,1.0
logistic_full_C01,f_125,15,1.0
logistic_full_C01,f_126,15,1.0
logistic_full_C01,f_127,15,1.0
logistic_full_C01,f_128,15,1.0
logistic_full_C01,f_129,15,1.0
logistic_full_C01,f_130,15,1.0
logistic_full_C01,f_131,15,1.0
logistic_full_C01,f_132,15,1.0
logistic_full_C01,f_133,15,1.0
logistic_full_C01,f_134,15,1.0
logistic_full_C01,f_135,15,1.0
logistic_full_C01,f_136,15,1.0
logistic_full_C01,f_137,15,1.0
logistic_full_C01,f_138,15,1.0
logistic_full_C01,f_139,15,1.0
logistic_full_C01,f_140,15,1.0
logistic_full_C01,f_142,15,1.0
logistic_full_C01,f_143,15,1.0
logistic_full_C01,f_144,15,1.0
logistic_full_C01,f_145,15,1.0
logistic_full_C01,f_146,15,1.0
logistic_full_C01,f_147,15,1.0
logistic_full_C01,f_148,15,1.0
logistic_full_C01,f_150,15,1.0
logistic_full_C01,f_151,15,1.0
logistic_full_C01,f_152,15,1.0
logistic_full_C01,f_153,15,1.0
logistic_full_C01,f_154,15,1.0
logistic_full_C01,f_155,15,1.0
logistic_full_C01,f_156,15,1.0
logistic_full_C01,f_159,15,1.0
logistic_full_C01,f_160,15,1.0
logistic_full_C01,f_161,15,1.0
logistic_full_C01,f_162,15,1.0
logistic_full_C01,f_163,15,1.0
logistic_full_C01,f_164,15,1.0
logistic_full_C01,f_165,15,1.0
logistic_full_C01,f_166,15,1.0
logistic_full_C01,f_167,15,1.0
logistic_full_C01,f_168,15,1.0
logistic_full_C01,f_169,15,1.0
logistic_full_C01,f_170,15,1.0
logistic_full_C01,f_171,15,1.0
logistic_full_C01,f_172,15,1.0
logistic_full_C01,f_173,15,1.0
logistic_full_C01,f_174,15,1.0
logistic_full_C01,f_175,15,1.0
logistic_full_C01,f_176,15,1.0
logistic_full_C01,f_177,15,1.0
logistic_full_C01,f_180,15,1.0
logistic_full_C01,f_181,15,1.0
logistic_full_C01,f_182,15,1.0
logistic_full_C01,f_183,15,1.0
logistic_full_C01,f_184,15,1.0
logistic_full_C01,f_185,15,1.0
logistic_full_C01,f_187,15,1.0
logistic_full_C01,f_188,15,1.0
logistic_full_C01,f_195,15,1.0
logistic_full_C01,f_196,15,1.0
logistic_full_C01,f_197,15,1.0
logistic_full_C01,f_198,15,1.0
logistic_full_C01,f_199,15,1.0
logistic_full_C01,f_200,15,1.0
logistic_full_C01,f_201,15,1.0
logistic_full_C01,f_202,15,1.0
logistic_full_C01,f_203,15,1.0
logistic_full_C01,f_204,15,1.0
logistic_full_C01,f_205,15,1.0
logistic_full_C01,f_206,12,0.8
logistic_full_C01,f_207,15,1.0
logistic_full_C01,f_208,15,1.0
logistic_full_C01,f_209,12,0.8
logistic_full_C01,f_210,15,1.0
logistic_full_C01,f_211,15,1.0
logistic_full_C01,f_212,15,1.0
logistic_full_C01,f_213,15,1.0
logistic_full_C01,f_214,15,1.0
logistic_full_C01,f_215,15,1.0
logistic_full_C01,f_216,15,1.0
logistic_full_C01,f_217,15,1.0
logistic_full_C01,f_218,15,1.0
logistic_full_C01,f_219,15,1.0
logistic_full_C01,f_221,15,1.0
logistic_full_C01,f_222,15,1.0
logistic_full_C01,f_223,15,1.0
logistic_full_C01,f_224,15,1.0
logistic_full_C01,f_225,15,1.0
logistic_full_C01,f_227,15,1.0
logistic_full_C01,f_228,15,1.0
logistic_full_C01,f_238,15,1.0
logistic_full_C01,f_239,15,1.0
logistic_full_C01,f_248,15,1.0
logistic_full_C01,f_249,15,1.0
logistic_full_C01,f_250,15,1.0
logistic_full_C01,f_251,15,1.0
logistic_full_C01,f_252,15,1.0
logistic_full_C01,f_253,15,1.0
logistic_full_C01,f_254,15,1.0
logistic_full_C01,f_255,15,1.0
logistic_full_C01,f_267,15,1.0
logistic_full_C01,f_268,15,1.0
logistic_full_C01,f_269,15,1.0
logistic_full_C01,f_270,15,1.0
logistic_full_C01,f_271,15,1.0
logistic_full_C01,f_272,15,1.0
logistic_full_C01,f_273,15,1.0
logistic_full_C01,f_274,15,1.0
logistic_full_C01,f_275,15,1.0
logistic_full_C01,f_277,15,1.0
logistic_full_C01,f_278,15,1.0
logistic_full_C01,f_279,15,1.0
logistic_full_C01,f_280,15,1.0
logistic_full_C01,f_281,15,1.0
logistic_full_C01,f_282,15,1.0
logistic_full_C01,f_283,15,1.0
logistic_full_C01,f_285,15,1.0
logistic_full_C01,f_286,15,1.0
logistic_full_C01,f_287,15,1.0
logistic_full_C01,f_288,15,1.0
logistic_full_C01,f_289,15,1.0
logistic_full_C01,f_290,15,1.0
logistic_full_C01,f_291,15,1.0
logistic_full_C01,f_294,15,1.0
logistic_full_C01,f_295,15,1.0
logistic_full_C01,f_296,15,1.0
logistic_full_C01,f_297,15,1.0
logistic_full_C01,f_298,15,1.0
logistic_full_C01,f_299,15,1.0
logistic_full_C01,f_300,15,1.0
logistic_full_C01,f_301,15,1.0
logistic_full_C01,f_302,15,1.0
logistic_full_C01,f_303,15,1.0
logistic_full_C01,f_304,15,1.0
logistic_full_C01,f_305,15,1.0
logistic_full_C01,f_306,15,1.0
logistic_full_C01,f_307,15,1.0
logistic_full_C01,f_308,15,1.0
logistic_full_C01,f_309,15,1.0
logistic_full_C01,f_310,15,1.0
logistic_full_C01,f_311,15,1.0
logistic_full_C01,f_312,15,1.0
logistic_full_C01,f_316,15,1.0
logistic_full_C01,f_317,15,1.0
logistic_full_C01,f_318,15,1.0
logistic_full_C01,f_319,15,1.0
logistic_full_C01,f_320,15,1.0
logistic_full_C01,f_321,15,1.0
logistic_full_C01,f_323,15,1.0
logistic_full_C01,f_324,15,1.0
logistic_full_C01,f_331,15,1.0
logistic_full_C01,f_332,15,1.0
logistic_full_C01,f_333,15,1.0
logistic_full_C01,f_334,15,1.0
logistic_full_C01,f_335,15,1.0
logistic_full_C01,f_336,15,1.0
logistic_full_C01,f_337,15,1.0
logistic_full_C01,f_338,15,1.0
logistic_full_C01,f_339,15,1.0
logistic_full_C01,f_340,15,1.0
logistic_full_C01,f_341,15,1.0
logistic_full_C01,f_342,12,0.8
logistic_full_C01,f_343,15,1.0
logistic_full_C01,f_344,15,1.0
logistic_full_C01,f_347,12,0.8
logistic_full_C01,f_348,15,1.0
logistic_full_C01,f_349,15,1.0
logistic_full_C01,f_350,15,1.0
logistic_full_C01,f_351,15,1.0
logistic_full_C01,f_352,15,1.0
logistic_full_C01,f_353,15,1.0
logistic_full_C01,f_354,15,1.0
logistic_full_C01,f_355,15,1.0
logistic_full_C01,f_356,15,1.0
logistic_full_C01,f_357,15,1.0
logistic_full_C01,f_359,15,1.0
logistic_full_C01,f_360,15,1.0
logistic_full_C01,f_361,15,1.0
logistic_full_C01,f_362,15,1.0
logistic_full_C01,f_363,15,1.0
logistic_full_C01,f_365,15,1.0
logistic_full_C01,f_366,15,1.0
logistic_full_C01,f_367,15,1.0
logistic_full_C01,f_368,15,1.0
logistic_full_C01,f_376,15,1.0
logistic_full_C01,f_377,15,1.0
logistic_full_C01,f_386,15,1.0
logistic_full_C01,f_387,15,1.0
logistic_full_C01,f_388,15,1.0
logistic_full_C01,f_389,15,1.0
logistic_full_C01,f_390,15,1.0
logistic_full_C01,f_391,15,1.0
logistic_full_C01,f_392,15,1.0
logistic_full_C01,f_393,15,1.0
logistic_full_C01,f_405,15,1.0
logistic_full_C01,f_406,15,1.0
logistic_full_C01,f_407,15,1.0
logistic_full_C01,f_408,15,1.0
logistic_full_C01,f_409,15,1.0
logistic_full_C01,f_410,15,1.0
logistic_full_C01,f_411,15,1.0
logistic_full_C01,f_412,15,1.0
logistic_full_C01,f_413,15,1.0
logistic_full_C01,f_415,15,1.0
logistic_full_C01,f_416,15,1.0
logistic_full_C01,f_417,15,1.0
logistic_full_C01,f_418,15,1.0
logistic_full_C01,f_419,15,1.0
logistic_full_C01,f_420,15,1.0
logistic_full_C01,f_421,15,1.0
logistic_full_C01,f_423,15,1.0
logistic_full_C01,f_424,15,1.0
logistic_full_C01,f_425,15,1.0
logistic_full_C01,f_426,15,1.0
logistic_full_C01,f_427,15,1.0
logistic_full_C01,f_428,15,1.0
logistic_full_C01,f_429,15,1.0
logistic_full_C01,f_430,15,1.0
logistic_full_C01,f_431,15,1.0
logistic_full_C01,f_432,15,1.0
logistic_full_C01,f_433,15,1.0
logistic_full_C01,f_434,15,1.0
logistic_full_C01,f_435,15,1.0
logistic_full_C01,f_436,15,1.0
logistic_full_C01,f_437,15,1.0
logistic_full_C01,f_438,15,1.0
logistic_full_C01,f_439,15,1.0
logistic_full_C01,f_440,15,1.0
logistic_full_C01,f_441,15,1.0
logistic_full_C01,f_442,15,1.0
logistic_full_C01,f_443,15,1.0
logistic_full_C01,f_444,15,1.0
logistic_full_C01,f_445,15,1.0
logistic_full_C01,f_446,15,1.0
logistic_full_C01,f_447,15,1.0
logistic_full_C01,f_448,15,1.0
logistic_full_C01,f_452,15,1.0
logistic_full_C01,f_453,15,1.0
logistic_full_C01,f_454,15,1.0
logistic_full_C01,f_455,15,1.0
logistic_full_C01,f_456,15,1.0
logistic_full_C01,f_457,15,1.0
logistic_full_C01,f_459,15,1.0
logistic_full_C01,f_460,15,1.0
logistic_full_C01,f_467,15,1.0
logistic_full_C01,f_468,15,1.0
logistic_full_C01,f_469,15,1.0
logistic_full_C01,f_470,15,1.0
logistic_full_C01,f_471,15,1.0
logistic_full_C01,f_472,15,1.0
logistic_full_C01,f_473,15,1.0
logistic_full_C01,f_474,15,1.0
logistic_full_C01,f_475,15,1.0
logistic_full_C01,f_476,15,1.0
logistic_full_C01,f_477,15,1.0
logistic_full_C01,f_478,12,0.8
logistic_full_C01,f_479,15,1.0
logistic_full_C01,f_480,15,1.0
logistic_full_C01,f_482,15,1.0
logistic_full_C01,f_483,15,1.0
logistic_full_C01,f_484,15,1.0
logistic_full_C01,f_485,15,1.0
logistic_full_C01,f_486,15,1.0
logistic_full_C01,f_487,15,1.0
logistic_full_C01,f_488,15,1.0
logistic_full_C01,f_489,15,1.0
logistic_full_C01,f_490,15,1.0
logistic_full_C01,f_491,15,1.0
logistic_full_C01,f_493,15,1.0
logistic_full_C01,f_494,15,1.0
logistic_full_C01,f_495,15,1.0
logistic_full_C01,f_496,15,1.0
logistic_full_C01,f_497,15,1.0
logistic_full_C01,f_499,15,1.0
logistic_full_C01,f_500,15,1.0
logistic_full_C01,f_510,15,1.0
logistic_full_C01,f_511,15,1.0
logistic_full_C01,f_520,15,1.0
logistic_full_C01,f_521,15,1.0
logistic_full_C01,f_522,15,1.0
logistic_full_C01,f_523,15,1.0
logistic_full_C01,f_524,15,1.0
logistic_full_C01,f_525,15,1.0
logistic_full_C01,f_526,15,1.0
logistic_full_C01,f_527,15,1.0
logistic_full_C01,f_539,15,1.0
logistic_full_C01,f_540,15,1.0
logistic_full_C01,f_541,15,1.0
logistic_full_C01,f_542,15,1.0
logistic_full_C01,f_543,15,1.0
logistic_full_C01,f_544,15,1.0
logistic_full_C01,f_545,15,1.0
logistic_full_C01,f_546,15,1.0
logistic_full_C01,f_547,15,1.0
logistic_full_C01,f_548,15,1.0
logistic_full_C01,f_549,15,1.0
logistic_full_C01,f_550,15,1.0
logistic_full_C01,f_551,15,1.0
logistic_full_C01,f_552,15,1.0
logistic_full_C01,f_553,15,1.0
logistic_full_C01,f_554,15,1.0
logistic_full_C01,f_555,15,1.0
logistic_full_C01,f_556,15,1.0
logistic_full_C01,f_557,15,1.0
logistic_full_C01,f_558,15,1.0
logistic_full_C01,f_559,15,1.0
logistic_full_C01,f_560,15,1.0
logistic_full_C01,f_561,15,1.0
logistic_full_C01,f_562,15,1.0
logistic_full_C01,f_563,15,1.0
logistic_full_C01,f_564,15,1.0
logistic_full_C01,f_565,15,1.0
logistic_full_C01,f_566,15,1.0
logistic_full_C01,f_567,15,1.0
logistic_full_C01,f_568,15,1.0
logistic_full_C01,f_569,15,1.0
logistic_full_C01,f_570,15,1.0
logistic_full_C01,f_571,15,1.0
logistic_full_C01,f_572,15,1.0
logistic_full_C01,f_573,15,1.0
logistic_full_C01,f_574,15,1.0
logistic_full_C01,f_575,15,1.0
logistic_full_C01,f_576,15,1.0
logistic_full_C01,f_577,15,1.0
logistic_full_C01,f_582,15,1.0
logistic_full_C01,f_583,15,1.0
logistic_full_C01,f_584,15,1.0
logistic_full_C01,f_585,15,1.0
logistic_full_C01,f_586,15,1.0
logistic_full_C01,f_587,15,1.0
logistic_full_C01,f_588,15,1.0
logistic_full_C01,f_589,15,1.0
logistic_top40_C001,f_014,9,0.6
logistic_top40_C001,f_021,15,1.0
logistic_top40_C001,f_022,7,0.4666666666666667
logistic_top40_C001,f_026,4,0.26666666666666666
logistic_top40_C001,f_028,11,0.7333333333333333
logistic_top40_C001,f_031,1,0.06666666666666667
logistic_top40_C001,f_038,1,0.06666666666666667
logistic_top40_C001,f_055,1,0.06666666666666667
logistic_top40_C001,f_056,2,0.13333333333333333
logistic_top40_C001,f_057,1,0.06666666666666667
logistic_top40_C001,f_059,15,1.0
logistic_top40_C001,f_062,1,0.06666666666666667
logistic_top40_C001,f_063,11,0.7333333333333333
logistic_top40_C001,f_064,13,0.8666666666666667
logistic_top40_C001,f_065,7,0.4666666666666667
logistic_top40_C001,f_067,5,0.3333333333333333
logistic_top40_C001,f_068,7,0.4666666666666667
logistic_top40_C001,f_070,1,0.06666666666666667
logistic_top40_C001,f_075,1,0.06666666666666667
logistic_top40_C001,f_076,1,0.06666666666666667
logistic_top40_C001,f_078,4,0.26666666666666666
logistic_top40_C001,f_079,2,0.13333333333333333
logistic_top40_C001,f_081,1,0.06666666666666667
logistic_top40_C001,f_095,9,0.6
logistic_top40_C001,f_099,8,0.5333333333333333
logistic_top40_C001,f_100,13,0.8666666666666667
logistic_top40_C001,f_103,15,1.0
logistic_top40_C001,f_104,8,0.5333333333333333
logistic_top40_C001,f_114,7,0.4666666666666667
logistic_top40_C001,f_121,9,0.6
logistic_top40_C001,f_122,6,0.4
logistic_top40_C001,f_123,6,0.4
logistic_top40_C001,f_124,13,0.8666666666666667
logistic_top40_C001,f_125,11,0.7333333333333333
logistic_top40_C001,f_127,5,0.3333333333333333
logistic_top40_C001,f_129,12,0.8
logistic_top40_C001,f_130,4,0.26666666666666666
logistic_top40_C001,f_138,2,0.13333333333333333
logistic_top40_C001,f_152,1,0.06666666666666667
logistic_top40_C001,f_160,3,0.2
logistic_top40_C001,f_163,8,0.5333333333333333
logistic_top40_C001,f_164,2,0.13333333333333333
logistic_top40_C001,f_165,2,0.13333333333333333
logistic_top40_C001,f_170,2,0.13333333333333333
logistic_top40_C001,f_175,4,0.26666666666666666
logistic_top40_C001,f_180,6,0.4
logistic_top40_C001,f_183,3,0.2
logistic_top40_C001,f_196,3,0.2
logistic_top40_C001,f_197,3,0.2
logistic_top40_C001,f_199,3,0.2
logistic_top40_C001,f_200,2,0.13333333333333333
logistic_top40_C001,f_202,1,0.06666666666666667
logistic_top40_C001,f_203,2,0.13333333333333333
logistic_top40_C001,f_204,2,0.13333333333333333
logistic_top40_C001,f_205,12,0.8
logistic_top40_C001,f_207,2,0.13333333333333333
logistic_top40_C001,f_210,10,0.6666666666666666
logistic_top40_C001,f_211,1,0.06666666666666667
logistic_top40_C001,f_213,11,0.7333333333333333
logistic_top40_C001,f_227,4,0.26666666666666666
logistic_top40_C001,f_249,6,0.4
logistic_top40_C001,f_281,1,0.06666666666666667
logistic_top40_C001,f_294,2,0.13333333333333333
logistic_top40_C001,f_295,3,0.2
logistic_top40_C001,f_298,8,0.5333333333333333
logistic_top40_C001,f_299,2,0.13333333333333333
logistic_top40_C001,f_300,2,0.13333333333333333
logistic_top40_C001,f_310,2,0.13333333333333333
logistic_top40_C001,f_316,7,0.4666666666666667
logistic_top40_C001,f_319,3,0.2
logistic_top40_C001,f_332,2,0.13333333333333333
logistic_top40_C001,f_333,3,0.2
logistic_top40_C001,f_335,1,0.06666666666666667
logistic_top40_C001,f_336,2,0.13333333333333333
logistic_top40_C001,f_337,6,0.4
logistic_top40_C001,f_338,1,0.06666666666666667
logistic_top40_C001,f_339,1,0.06666666666666667
logistic_top40_C001,f_340,2,0.13333333333333333
logistic_top40_C001,f_341,10,0.6666666666666666
logistic_top40_C001,f_343,2,0.13333333333333333
logistic_top40_C001,f_348,12,0.8
logistic_top40_C001,f_349,1,0.06666666666666667
logistic_top40_C001,f_351,12,0.8
logistic_top40_C001,f_360,1,0.06666666666666667
logistic_top40_C001,f_365,9,0.6
logistic_top40_C001,f_387,6,0.4
logistic_top40_C001,f_411,1,0.06666666666666667
logistic_top40_C001,f_423,2,0.13333333333333333
logistic_top40_C001,f_430,11,0.7333333333333333
logistic_top40_C001,f_431,13,0.8666666666666667
logistic_top40_C001,f_433,1,0.06666666666666667
logistic_top40_C001,f_434,12,0.8
logistic_top40_C001,f_435,12,0.8
logistic_top40_C001,f_436,12,0.8
logistic_top40_C001,f_441,2,0.13333333333333333
logistic_top40_C001,f_446,2,0.13333333333333333
logistic_top40_C001,f_452,4,0.26666666666666666
logistic_top40_C001,f_455,3,0.2
logistic_top40_C001,f_460,4,0.26666666666666666
logistic_top40_C001,f_468,1,0.06666666666666667
logistic_top40_C001,f_469,3,0.2
logistic_top40_C001,f_471,2,0.13333333333333333
logistic_top40_C001,f_475,3,0.2
logistic_top40_C001,f_477,12,0.8
logistic_top40_C001,f_479,2,0.13333333333333333
logistic_top40_C001,f_494,1,0.06666666666666667
logistic_top40_C001,f_499,3,0.2
logistic_top40_C001,f_510,15,1.0
logistic_top40_C001,f_511,5,0.3333333333333333
logistic_top40_C001,f_521,1,0.06666666666666667
logistic_top40_C001,f_550,2,0.13333333333333333
logistic_top40_C001,f_551,6,0.4
logistic_top40_C001,f_553,1,0.06666666666666667
logistic_top40_C001,f_554,6,0.4
logistic_top40_C001,f_556,2,0.13333333333333333
logistic_top40_C001,f_557,6,0.4
logistic_top40_C001,f_562,2,0.13333333333333333
logistic_top40_C001,f_573,2,0.13333333333333333
logistic_top40_C001,f_584,1,0.06666666666666667
logistic_top40_C001,f_587,1,0.06666666666666667
logistic_top40_C001,f_588,1,0.06666666666666667
logistic_top40_C01,f_014,9,0.6
logistic_top40_C01,f_021,15,1.0
logistic_top40_C01,f_022,7,0.4666666666666667
logistic_top40_C01,f_026,4,0.26666666666666666
logistic_top40_C01,f_028,11,0.7333333333333333
logistic_top40_C01,f_031,1,0.06666666666666667
logistic_top40_C01,f_038,1,0.06666666666666667
logistic_top40_C01,f_055,1,0.06666666666666667
logistic_top40_C01,f_056,2,0.13333333333333333
logistic_top40_C01,f_057,1,0.06666666666666667
logistic_top40_C01,f_059,15,1.0
logistic_top40_C01,f_062,1,0.06666666666666667
logistic_top40_C01,f_063,11,0.7333333333333333
logistic_top40_C01,f_064,13,0.8666666666666667
logistic_top40_C01,f_065,7,0.4666666666666667
logistic_top40_C01,f_067,5,0.3333333333333333
logistic_top40_C01,f_068,7,0.4666666666666667
logistic_top40_C01,f_070,1,0.06666666666666667
logistic_top40_C01,f_075,1,0.06666666666666667
logistic_top40_C01,f_076,1,0.06666666666666667
logistic_top40_C01,f_078,4,0.26666666666666666
logistic_top40_C01,f_079,2,0.13333333333333333
logistic_top40_C01,f_081,1,0.06666666666666667
logistic_top40_C01,f_095,9,0.6
logistic_top40_C01,f_099,8,0.5333333333333333
logistic_top40_C01,f_100,13,0.8666666666666667
logistic_top40_C01,f_103,15,1.0
logistic_top40_C01,f_104,8,0.5333333333333333
logistic_top40_C01,f_114,7,0.4666666666666667
logistic_top40_C01,f_121,9,0.6
logistic_top40_C01,f_122,6,0.4
logistic_top40_C01,f_123,6,0.4
logistic_top40_C01,f_124,13,0.8666666666666667
logistic_top40_C01,f_125,11,0.7333333333333333
logistic_top40_C01,f_127,5,0.3333333333333333
logistic_top40_C01,f_129,12,0.8
logistic_top40_C01,f_130,4,0.26666666666666666
logistic_top40_C01,f_138,2,0.13333333333333333
logistic_top40_C01,f_152,1,0.06666666666666667
logistic_top40_C01,f_160,3,0.2
logistic_top40_C01,f_163,8,0.5333333333333333
logistic_top40_C01,f_164,2,0.13333333333333333
logistic_top40_C01,f_165,2,0.13333333333333333
logistic_top40_C01,f_170,2,0.13333333333333333
logistic_top40_C01,f_175,4,0.26666666666666666
logistic_top40_C01,f_180,6,0.4
logistic_top40_C01,f_183,3,0.2
logistic_top40_C01,f_196,3,0.2
logistic_top40_C01,f_197,3,0.2
logistic_top40_C01,f_199,3,0.2
logistic_top40_C01,f_200,2,0.13333333333333333
logistic_top40_C01,f_202,1,0.06666666666666667
logistic_top40_C01,f_203,2,0.13333333333333333
logistic_top40_C01,f_204,2,0.13333333333333333
logistic_top40_C01,f_205,12,0.8
logistic_top40_C01,f_207,2,0.13333333333333333
logistic_top40_C01,f_210,10,0.6666666666666666
logistic_top40_C01,f_211,1,0.06666666666666667
logistic_top40_C01,f_213,11,0.7333333333333333
logistic_top40_C01,f_227,4,0.26666666666666666
logistic_top40_C01,f_249,6,0.4
logistic_top40_C01,f_281,1,0.06666666666666667
logistic_top40_C01,f_294,2,0.13333333333333333
logistic_top40_C01,f_295,3,0.2
logistic_top40_C01,f_298,8,0.5333333333333333
logistic_top40_C01,f_299,2,0.13333333333333333
logistic_top40_C01,f_300,2,0.13333333333333333
logistic_top40_C01,f_310,2,0.13333333333333333
logistic_top40_C01,f_316,7,0.4666666666666667
logistic_top40_C01,f_319,3,0.2
logistic_top40_C01,f_332,2,0.13333333333333333
logistic_top40_C01,f_333,3,0.2
logistic_top40_C01,f_335,1,0.06666666666666667
logistic_top40_C01,f_336,2,0.13333333333333333
logistic_top40_C01,f_337,6,0.4
logistic_top40_C01,f_338,1,0.06666666666666667
logistic_top40_C01,f_339,1,0.06666666666666667
logistic_top40_C01,f_340,2,0.13333333333333333
logistic_top40_C01,f_341,10,0.6666666666666666
logistic_top40_C01,f_343,2,0.13333333333333333
logistic_top40_C01,f_348,12,0.8
logistic_top40_C01,f_349,1,0.06666666666666667
logistic_top40_C01,f_351,12,0.8
logistic_top40_C01,f_360,1,0.06666666666666667
logistic_top40_C01,f_365,9,0.6
logistic_top40_C01,f_387,6,0.4
logistic_top40_C01,f_411,1,0.06666666666666667
logistic_top40_C01,f_423,2,0.13333333333333333
logistic_top40_C01,f_430,11,0.7333333333333333
logistic_top40_C01,f_431,13,0.8666666666666667
logistic_top40_C01,f_433,1,0.06666666666666667
logistic_top40_C01,f_434,12,0.8
logistic_top40_C01,f_435,12,0.8
logistic_top40_C01,f_436,12,0.8
logistic_top40_C01,f_441,2,0.13333333333333333
logistic_top40_C01,f_446,2,0.13333333333333333
logistic_top40_C01,f_452,4,0.26666666666666666
logistic_top40_C01,f_455,3,0.2
logistic_top40_C01,f_460,4,0.26666666666666666
logistic_top40_C01,f_468,1,0.06666666666666667
logistic_top40_C01,f_469,3,0.2
logistic_top40_C01,f_471,2,0.13333333333333333
logistic_top40_C01,f_475,3,0.2
logistic_top40_C01,f_477,12,0.8
logistic_top40_C01,f_479,2,0.13333333333333333
logistic_top40_C01,f_494,1,0.06666666666666667
logistic_top40_C01,f_499,3,0.2
logistic_top40_C01,f_510,15,1.0
logistic_top40_C01,f_511,5,0.3333333333333333
logistic_top40_C01,f_521,1,0.06666666666666667
logistic_top40_C01,f_550,2,0.13333333333333333
logistic_top40_C01,f_551,6,0.4
logistic_top40_C01,f_553,1,0.06666666666666667
logistic_top40_C01,f_554,6,0.4
logistic_top40_C01,f_556,2,0.13333333333333333
logistic_top40_C01,f_557,6,0.4
logistic_top40_C01,f_562,2,0.13333333333333333
logistic_top40_C01,f_573,2,0.13333333333333333
logistic_top40_C01,f_584,1,0.06666666666666667
logistic_top40_C01,f_587,1,0.06666666666666667
logistic_top40_C01,f_588,1,0.06666666666666667
random_forest_balanced,f_000,15,1.0
random_forest_balanced,f_001,15,1.0
random_forest_balanced,f_002,15,1.0
random_forest_balanced,f_003,15,1.0
random_forest_balanced,f_004,15,1.0
random_forest_balanced,f_006,15,1.0
random_forest_balanced,f_007,15,1.0
random_forest_balanced,f_008,15,1.0
random_forest_balanced,f_009,15,1.0
random_forest_balanced,f_010,15,1.0
random_forest_balanced,f_011,15,1.0
random_forest_balanced,f_012,15,1.0
random_forest_balanced,f_014,15,1.0
random_forest_balanced,f_015,15,1.0
random_forest_balanced,f_016,15,1.0
random_forest_balanced,f_017,15,1.0
random_forest_balanced,f_018,15,1.0
random_forest_balanced,f_019,15,1.0
random_forest_balanced,f_020,15,1.0
random_forest_balanced,f_021,15,1.0
random_forest_balanced,f_022,15,1.0
random_forest_balanced,f_023,15,1.0
random_forest_balanced,f_024,15,1.0
random_forest_balanced,f_025,15,1.0
random_forest_balanced,f_026,15,1.0
random_forest_balanced,f_027,15,1.0
random_forest_balanced,f_028,15,1.0
random_forest_balanced,f_029,15,1.0
random_forest_balanced,f_030,15,1.0
random_forest_balanced,f_031,15,1.0
random_forest_balanced,f_032,15,1.0
random_forest_balanced,f_033,15,1.0
random_forest_balanced,f_034,15,1.0
random_forest_balanced,f_035,15,1.0
random_forest_balanced,f_036,15,1.0
random_forest_balanced,f_037,15,1.0
random_forest_balanced,f_038,15,1.0
random_forest_balanced,f_039,15,1.0
random_forest_balanced,f_040,15,1.0
random_forest_balanced,f_041,15,1.0
random_forest_balanced,f_043,15,1.0
random_forest_balanced,f_044,15,1.0
random_forest_balanced,f_045,15,1.0
random_forest_balanced,f_046,15,1.0
random_forest_balanced,f_047,15,1.0
random_forest_balanced,f_048,15,1.0
random_forest_balanced,f_050,15,1.0
random_forest_balanced,f_051,15,1.0
random_forest_balanced,f_053,15,1.0
random_forest_balanced,f_054,15,1.0
random_forest_balanced,f_055,15,1.0
random_forest_balanced,f_056,15,1.0
random_forest_balanced,f_057,15,1.0
random_forest_balanced,f_058,15,1.0
random_forest_balanced,f_059,15,1.0
random_forest_balanced,f_060,15,1.0
random_forest_balanced,f_061,15,1.0
random_forest_balanced,f_062,15,1.0
random_forest_balanced,f_063,15,1.0
random_forest_balanced,f_064,15,1.0
random_forest_balanced,f_065,15,1.0
random_forest_balanced,f_066,15,1.0
random_forest_balanced,f_067,15,1.0
random_forest_balanced,f_068,15,1.0
random_forest_balanced,f_070,15,1.0
random_forest_balanced,f_071,15,1.0
random_forest_balanced,f_074,12,0.8
random_forest_balanced,f_075,15,1.0
random_forest_balanced,f_076,15,1.0
random_forest_balanced,f_077,15,1.0
random_forest_balanced,f_078,15,1.0
random_forest_balanced,f_079,15,1.0
random_forest_balanced,f_080,15,1.0
random_forest_balanced,f_081,15,1.0
random_forest_balanced,f_082,15,1.0
random_forest_balanced,f_083,15,1.0
random_forest_balanced,f_084,15,1.0
random_forest_balanced,f_086,15,1.0
random_forest_balanced,f_087,15,1.0
random_forest_balanced,f_088,15,1.0
random_forest_balanced,f_089,15,1.0
random_forest_balanced,f_090,15,1.0
random_forest_balanced,f_091,15,1.0
random_forest_balanced,f_092,15,1.0
random_forest_balanced,f_093,15,1.0
random_forest_balanced,f_094,15,1.0
random_forest_balanced,f_095,15,1.0
random_forest_balanced,f_096,15,1.0
random_forest_balanced,f_098,15,1.0
random_forest_balanced,f_099,15,1.0
random_forest_balanced,f_100,15,1.0
random_forest_balanced,f_101,15,1.0
random_forest_balanced,f_102,15,1.0
random_forest_balanced,f_103,15,1.0
random_forest_balanced,f_104,15,1.0
random_forest_balanced,f_105,15,1.0
random_forest_balanced,f_106,15,1.0
random_forest_balanced,f_107,15,1.0
random_forest_balanced,f_108,15,1.0
random_forest_balanced,f_113,15,1.0
random_forest_balanced,f_114,15,1.0
random_forest_balanced,f_115,15,1.0
random_forest_balanced,f_116,15,1.0
random_forest_balanced,f_117,15,1.0
random_forest_balanced,f_118,15,1.0
random_forest_balanced,f_119,15,1.0
random_forest_balanced,f_120,15,1.0
random_forest_balanced,f_121,15,1.0
random_forest_balanced,f_122,15,1.0
random_forest_balanced,f_123,15,1.0
random_forest_balanced,f_124,15,1.0
random_forest_balanced,f_125,15,1.0
random_forest_balanced,f_126,15,1.0
random_forest_balanced,f_127,15,1.0
random_forest_balanced,f_128,15,1.0
random_forest_balanced,f_129,15,1.0
random_forest_balanced,f_130,15,1.0
random_forest_balanced,f_131,15,1.0
random_forest_balanced,f_132,15,1.0
random_forest_balanced,f_133,15,1.0
random_forest_balanced,f_134,15,1.0
random_forest_balanced,f_135,15,1.0
random_forest_balanced,f_136,15,1.0
random_forest_balanced,f_137,15,1.0
random_forest_balanced,f_138,15,1.0
random_forest_balanced,f_139,15,1.0
random_forest_balanced,f_140,15,1.0
random_forest_balanced,f_142,15,1.0
random_forest_balanced,f_143,15,1.0
random_forest_balanced,f_144,15,1.0
random_forest_balanced,f_145,15,1.0
random_forest_balanced,f_146,15,1.0
random_forest_balanced,f_147,15,1.0
random_forest_balanced,f_148,15,1.0
random_forest_balanced,f_150,15,1.0
random_forest_balanced,f_151,15,1.0
random_forest_balanced,f_152,15,1.0
random_forest_balanced,f_153,15,1.0
random_forest_balanced,f_154,15,1.0
random_forest_balanced,f_155,15,1.0
random_forest_balanced,f_156,15,1.0
random_forest_balanced,f_159,15,1.0
random_forest_balanced,f_160,15,1.0
random_forest_balanced,f_161,15,1.0
random_forest_balanced,f_162,15,1.0
random_forest_balanced,f_163,15,1.0
random_forest_balanced,f_164,15,1.0
random_forest_balanced,f_165,15,1.0
random_forest_balanced,f_166,15,1.0
random_forest_balanced,f_167,15,1.0
random_forest_balanced,f_168,15,1.0
random_forest_balanced,f_169,15,1.0
random_forest_balanced,f_170,15,1.0
random_forest_balanced,f_171,15,1.0
random_forest_balanced,f_172,15,1.0
random_forest_balanced,f_173,15,1.0
random_forest_balanced,f_174,15,1.0
random_forest_balanced,f_175,15,1.0
random_forest_balanced,f_176,15,1.0
random_forest_balanced,f_177,15,1.0
random_forest_balanced,f_180,15,1.0
random_forest_balanced,f_181,15,1.0
random_forest_balanced,f_182,15,1.0
random_forest_balanced,f_183,15,1.0
random_forest_balanced,f_184,15,1.0
random_forest_balanced,f_185,15,1.0
random_forest_balanced,f_187,15,1.0
random_forest_balanced,f_188,15,1.0
random_forest_balanced,f_195,15,1.0
random_forest_balanced,f_196,15,1.0
random_forest_balanced,f_197,15,1.0
random_forest_balanced,f_198,15,1.0
random_forest_balanced,f_199,15,1.0
random_forest_balanced,f_200,15,1.0
random_forest_balanced,f_201,15,1.0
random_forest_balanced,f_202,15,1.0
random_forest_balanced,f_203,15,1.0
random_forest_balanced,f_204,15,1.0
random_forest_balanced,f_205,15,1.0
random_forest_balanced,f_206,12,0.8
random_forest_balanced,f_207,15,1.0
random_forest_balanced,f_208,15,1.0
random_forest_balanced,f_209,12,0.8
random_forest_balanced,f_210,15,1.0
random_forest_balanced,f_211,15,1.0
random_forest_balanced,f_212,15,1.0
random_forest_balanced,f_213,15,1.0
random_forest_balanced,f_214,15,1.0
random_forest_balanced,f_215,15,1.0
random_forest_balanced,f_216,15,1.0
random_forest_balanced,f_217,15,1.0
random_forest_balanced,f_218,15,1.0
random_forest_balanced,f_219,15,1.0
random_forest_balanced,f_221,15,1.0
random_forest_balanced,f_222,15,1.0
random_forest_balanced,f_223,15,1.0
random_forest_balanced,f_224,15,1.0
random_forest_balanced,f_225,15,1.0
random_forest_balanced,f_227,15,1.0
random_forest_balanced,f_228,15,1.0
random_forest_balanced,f_238,15,1.0
random_forest_balanced,f_239,15,1.0
random_forest_balanced,f_248,15,1.0
random_forest_balanced,f_249,15,1.0
random_forest_balanced,f_250,15,1.0
random_forest_balanced,f_251,15,1.0
random_forest_balanced,f_252,15,1.0
random_forest_balanced,f_253,15,1.0
random_forest_balanced,f_254,15,1.0
random_forest_balanced,f_255,15,1.0
random_forest_balanced,f_267,15,1.0
random_forest_balanced,f_268,15,1.0
random_forest_balanced,f_269,15,1.0
random_forest_balanced,f_270,15,1.0
random_forest_balanced,f_271,15,1.0
random_forest_balanced,f_272,15,1.0
random_forest_balanced,f_273,15,1.0
random_forest_balanced,f_274,15,1.0
random_forest_balanced,f_275,15,1.0
random_forest_balanced,f_277,15,1.0
random_forest_balanced,f_278,15,1.0
random_forest_balanced,f_279,15,1.0
random_forest_balanced,f_280,15,1.0
random_forest_balanced,f_281,15,1.0
random_forest_balanced,f_282,15,1.0
random_forest_balanced,f_283,15,1.0
random_forest_balanced,f_285,15,1.0
random_forest_balanced,f_286,15,1.0
random_forest_balanced,f_287,15,1.0
random_forest_balanced,f_288,15,1.0
random_forest_balanced,f_289,15,1.0
random_forest_balanced,f_290,15,1.0
random_forest_balanced,f_291,15,1.0
random_forest_balanced,f_294,15,1.0
random_forest_balanced,f_295,15,1.0
random_forest_balanced,f_296,15,1.0
random_forest_balanced,f_297,15,1.0
random_forest_balanced,f_298,15,1.0
random_forest_balanced,f_299,15,1.0
random_forest_balanced,f_300,15,1.0
random_forest_balanced,f_301,15,1.0
random_forest_balanced,f_302,15,1.0
random_forest_balanced,f_303,15,1.0
random_forest_balanced,f_304,15,1.0
random_forest_balanced,f_305,15,1.0
random_forest_balanced,f_306,15,1.0
random_forest_balanced,f_307,15,1.0
random_forest_balanced,f_308,15,1.0
random_forest_balanced,f_309,15,1.0
random_forest_balanced,f_310,15,1.0
random_forest_balanced,f_311,15,1.0
random_forest_balanced,f_312,15,1.0
random_forest_balanced,f_316,15,1.0
random_forest_balanced,f_317,15,1.0
random_forest_balanced,f_318,15,1.0
random_forest_balanced,f_319,15,1.0
random_forest_balanced,f_320,15,1.0
random_forest_balanced,f_321,15,1.0
random_forest_balanced,f_323,15,1.0
random_forest_balanced,f_324,15,1.0
random_forest_balanced,f_331,15,1.0
random_forest_balanced,f_332,15,1.0
random_forest_balanced,f_333,15,1.0
random_forest_balanced,f_334,15,1.0
random_forest_balanced,f_335,15,1.0
random_forest_balanced,f_336,15,1.0
random_forest_balanced,f_337,15,1.0
random_forest_balanced,f_338,15,1.0
random_forest_balanced,f_339,15,1.0
random_forest_balanced,f_340,15,1.0
random_forest_balanced,f_341,15,1.0
random_forest_balanced,f_342,12,0.8
random_forest_balanced,f_343,15,1.0
random_forest_balanced,f_344,15,1.0
random_forest_balanced,f_347,12,0.8
random_forest_balanced,f_348,15,1.0
random_forest_balanced,f_349,15,1.0
random_forest_balanced,f_350,15,1.0
random_forest_balanced,f_351,15,1.0
random_forest_balanced,f_352,15,1.0
random_forest_balanced,f_353,15,1.0
random_forest_balanced,f_354,15,1.0
random_forest_balanced,f_355,15,1.0
random_forest_balanced,f_356,15,1.0
random_forest_balanced,f_357,15,1.0
random_forest_balanced,f_359,15,1.0
random_forest_balanced,f_360,15,1.0
random_forest_balanced,f_361,15,1.0
random_forest_balanced,f_362,15,1.0
random_forest_balanced,f_363,15,1.0
random_forest_balanced,f_365,15,1.0
random_forest_balanced,f_366,15,1.0
random_forest_balanced,f_367,15,1.0
random_forest_balanced,f_368,15,1.0
random_forest_balanced,f_376,15,1.0
random_forest_balanced,f_377,15,1.0
random_forest_balanced,f_386,15,1.0
random_forest_balanced,f_387,15,1.0
random_forest_balanced,f_388,15,1.0
random_forest_balanced,f_389,15,1.0
random_forest_balanced,f_390,15,1.0
random_forest_balanced,f_391,15,1.0
random_forest_balanced,f_392,15,1.0
random_forest_balanced,f_393,15,1.0
random_forest_balanced,f_405,15,1.0
random_forest_balanced,f_406,15,1.0
random_forest_balanced,f_407,15,1.0
random_forest_balanced,f_408,15,1.0
random_forest_balanced,f_409,15,1.0
random_forest_balanced,f_410,15,1.0
random_forest_balanced,f_411,15,1.0
random_forest_balanced,f_412,15,1.0
random_forest_balanced,f_413,15,1.0
random_forest_balanced,f_415,15,1.0
random_forest_balanced,f_416,15,1.0
random_forest_balanced,f_417,15,1.0
random_forest_balanced,f_418,15,1.0
random_forest_balanced,f_419,15,1.0
random_forest_balanced,f_420,15,1.0
random_forest_balanced,f_421,15,1.0
random_forest_balanced,f_423,15,1.0
random_forest_balanced,f_424,15,1.0
random_forest_balanced,f_425,15,1.0
random_forest_balanced,f_426,15,1.0
random_forest_balanced,f_427,15,1.0
random_forest_balanced,f_428,15,1.0
random_forest_balanced,f_429,15,1.0
random_forest_balanced,f_430,15,1.0
random_forest_balanced,f_431,15,1.0
random_forest_balanced,f_432,15,1.0
random_forest_balanced,f_433,15,1.0
random_forest_balanced,f_434,15,1.0
random_forest_balanced,f_435,15,1.0
random_forest_balanced,f_436,15,1.0
random_forest_balanced,f_437,15,1.0
random_forest_balanced,f_438,15,1.0
random_forest_balanced,f_439,15,1.0
random_forest_balanced,f_440,15,1.0
random_forest_balanced,f_441,15,1.0
random_forest_balanced,f_442,15,1.0
random_forest_balanced,f_443,15,1.0
random_forest_balanced,f_444,15,1.0
random_forest_balanced,f_445,15,1.0
random_forest_balanced,f_446,15,1.0
random_forest_balanced,f_447,15,1.0
random_forest_balanced,f_448,15,1.0
random_forest_balanced,f_452,15,1.0
random_forest_balanced,f_453,15,1.0
random_forest_balanced,f_454,15,1.0
random_forest_balanced,f_455,15,1.0
random_forest_balanced,f_456,15,1.0
random_forest_balanced,f_457,15,1.0
random_forest_balanced,f_459,15,1.0
random_forest_balanced,f_460,15,1.0
random_forest_balanced,f_467,15,1.0
random_forest_balanced,f_468,15,1.0
random_forest_balanced,f_469,15,1.0
random_forest_balanced,f_470,15,1.0
random_forest_balanced,f_471,15,1.0
random_forest_balanced,f_472,15,1.0
random_forest_balanced,f_473,15,1.0
random_forest_balanced,f_474,15,1.0
random_forest_balanced,f_475,15,1.0
random_forest_balanced,f_476,15,1.0
random_forest_balanced,f_477,15,1.0
random_forest_balanced,f_478,12,0.8
random_forest_balanced,f_479,15,1.0
random_forest_balanced,f_480,15,1.0
random_forest_balanced,f_482,15,1.0
random_forest_balanced,f_483,15,1.0
random_forest_balanced,f_484,15,1.0
random_forest_balanced,f_485,15,1.0
random_forest_balanced,f_486,15,1.0
random_forest_balanced,f_487,15,1.0
random_forest_balanced,f_488,15,1.0
random_forest_balanced,f_489,15,1.0
random_forest_balanced,f_490,15,1.0
random_forest_balanced,f_491,15,1.0
random_forest_balanced,f_493,15,1.0
random_forest_balanced,f_494,15,1.0
random_forest_balanced,f_495,15,1.0
random_forest_balanced,f_496,15,1.0
random_forest_balanced,f_497,15,1.0
random_forest_balanced,f_499,15,1.0
random_forest_balanced,f_500,15,1.0
random_forest_balanced,f_510,15,1.0
random_forest_balanced,f_511,15,1.0
random_forest_balanced,f_520,15,1.0
random_forest_balanced,f_521,15,1.0
random_forest_balanced,f_522,15,1.0
random_forest_balanced,f_523,15,1.0
random_forest_balanced,f_524,15,1.0
random_forest_balanced,f_525,15,1.0
random_forest_balanced,f_526,15,1.0
random_forest_balanced,f_527,15,1.0
random_forest_balanced,f_539,15,1.0
random_forest_balanced,f_540,15,1.0
random_forest_balanced,f_541,15,1.0
random_forest_balanced,f_542,15,1.0
random_forest_balanced,f_543,15,1.0
random_forest_balanced,f_544,15,1.0
random_forest_balanced,f_545,15,1.0
random_forest_balanced,f_546,15,1.0
random_forest_balanced,f_547,15,1.0
random_forest_balanced,f_548,15,1.0
random_forest_balanced,f_549,15,1.0
random_forest_balanced,f_550,15,1.0
random_forest_balanced,f_551,15,1.0
random_forest_balanced,f_552,15,1.0
random_forest_balanced,f_553,15,1.0
random_forest_balanced,f_554,15,1.0
random_forest_balanced,f_555,15,1.0
random_forest_balanced,f_556,15,1.0
random_forest_balanced,f_557,15,1.0
random_forest_balanced,f_558,15,1.0
random_forest_balanced,f_559,15,1.0
random_forest_balanced,f_560,15,1.0
random_forest_balanced,f_561,15,1.0
random_forest_balanced,f_562,15,1.0
random_forest_balanced,f_563,15,1.0
random_forest_balanced,f_564,15,1.0
random_forest_balanced,f_565,15,1.0
random_forest_balanced,f_566,15,1.0
random_forest_balanced,f_567,15,1.0
random_forest_balanced,f_568,15,1.0
random_forest_balanced,f_569,15,1.0
random_forest_balanced,f_570,15,1.0
random_forest_balanced,f_571,15,1.0
random_forest_balanced,f_572,15,1.0
random_forest_balanced,f_573,15,1.0
random_forest_balanced,f_574,15,1.0
random_forest_balanced,f_575,15,1.0
random_forest_balanced,f_576,15,1.0
random_forest_balanced,f_577,15,1.0
random_forest_balanced,f_582,15,1.0
random_forest_balanced,f_583,15,1.0
random_forest_balanced,f_584,15,1.0
random_forest_balanced,f_585,15,1.0
random_forest_balanced,f_586,15,1.0
random_forest_balanced,f_587,15,1.0
random_forest_balanced,f_588,15,1.0
random_forest_balanced,f_589,15,1.0
random_forest_unweighted,f_000,15,1.0
random_forest_unweighted,f_001,15,1.0
random_forest_unweighted,f_002,15,1.0
random_forest_unweighted,f_003,15,1.0
random_forest_unweighted,f_004,15,1.0
random_forest_unweighted,f_006,15,1.0
random_forest_unweighted,f_007,15,1.0
random_forest_unweighted,f_008,15,1.0
random_forest_unweighted,f_009,15,1.0
random_forest_unweighted,f_010,15,1.0
random_forest_unweighted,f_011,15,1.0
random_forest_unweighted,f_012,15,1.0
random_forest_unweighted,f_014,15,1.0
random_forest_unweighted,f_015,15,1.0
random_forest_unweighted,f_016,15,1.0
random_forest_unweighted,f_017,15,1.0
random_forest_unweighted,f_018,15,1.0
random_forest_unweighted,f_019,15,1.0
random_forest_unweighted,f_020,15,1.0
random_forest_unweighted,f_021,15,1.0
random_forest_unweighted,f_022,15,1.0
random_forest_unweighted,f_023,15,1.0
random_forest_unweighted,f_024,15,1.0
random_forest_unweighted,f_025,15,1.0
random_forest_unweighted,f_026,15,1.0
random_forest_unweighted,f_027,15,1.0
random_forest_unweighted,f_028,15,1.0
random_forest_unweighted,f_029,15,1.0
random_forest_unweighted,f_030,15,1.0
random_forest_unweighted,f_031,15,1.0
random_forest_unweighted,f_032,15,1.0
random_forest_unweighted,f_033,15,1.0
random_forest_unweighted,f_034,15,1.0
random_forest_unweighted,f_035,15,1.0
random_forest_unweighted,f_036,15,1.0
random_forest_unweighted,f_037,15,1.0
random_forest_unweighted,f_038,15,1.0
random_forest_unweighted,f_039,15,1.0
random_forest_unweighted,f_040,15,1.0
random_forest_unweighted,f_041,15,1.0
random_forest_unweighted,f_043,15,1.0
random_forest_unweighted,f_044,15,1.0
random_forest_unweighted,f_045,15,1.0
random_forest_unweighted,f_046,15,1.0
random_forest_unweighted,f_047,15,1.0
random_forest_unweighted,f_048,15,1.0
random_forest_unweighted,f_050,15,1.0
random_forest_unweighted,f_051,15,1.0
random_forest_unweighted,f_053,15,1.0
random_forest_unweighted,f_054,15,1.0
random_forest_unweighted,f_055,15,1.0
random_forest_unweighted,f_056,15,1.0
random_forest_unweighted,f_057,15,1.0
random_forest_unweighted,f_058,15,1.0
random_forest_unweighted,f_059,15,1.0
random_forest_unweighted,f_060,15,1.0
random_forest_unweighted,f_061,15,1.0
random_forest_unweighted,f_062,15,1.0
random_forest_unweighted,f_063,15,1.0
random_forest_unweighted,f_064,15,1.0
random_forest_unweighted,f_065,15,1.0
random_forest_unweighted,f_066,15,1.0
random_forest_unweighted,f_067,15,1.0
random_forest_unweighted,f_068,15,1.0
random_forest_unweighted,f_070,15,1.0
random_forest_unweighted,f_071,15,1.0
random_forest_unweighted,f_074,12,0.8
random_forest_unweighted,f_075,15,1.0
random_forest_unweighted,f_076,15,1.0
random_forest_unweighted,f_077,15,1.0
random_forest_unweighted,f_078,15,1.0
random_forest_unweighted,f_079,15,1.0
random_forest_unweighted,f_080,15,1.0
random_forest_unweighted,f_081,15,1.0
random_forest_unweighted,f_082,15,1.0
random_forest_unweighted,f_083,15,1.0
random_forest_unweighted,f_084,15,1.0
random_forest_unweighted,f_086,15,1.0
random_forest_unweighted,f_087,15,1.0
random_forest_unweighted,f_088,15,1.0
random_forest_unweighted,f_089,15,1.0
random_forest_unweighted,f_090,15,1.0
random_forest_unweighted,f_091,15,1.0
random_forest_unweighted,f_092,15,1.0
random_forest_unweighted,f_093,15,1.0
random_forest_unweighted,f_094,15,1.0
random_forest_unweighted,f_095,15,1.0
random_forest_unweighted,f_096,15,1.0
random_forest_unweighted,f_098,15,1.0
random_forest_unweighted,f_099,15,1.0
random_forest_unweighted,f_100,15,1.0
random_forest_unweighted,f_101,15,1.0
random_forest_unweighted,f_102,15,1.0
random_forest_unweighted,f_103,15,1.0
random_forest_unweighted,f_104,15,1.0
random_forest_unweighted,f_105,15,1.0
random_forest_unweighted,f_106,15,1.0
random_forest_unweighted,f_107,15,1.0
random_forest_unweighted,f_108,15,1.0
random_forest_unweighted,f_113,15,1.0
random_forest_unweighted,f_114,15,1.0
random_forest_unweighted,f_115,15,1.0
random_forest_unweighted,f_116,15,1.0
random_forest_unweighted,f_117,15,1.0
random_forest_unweighted,f_118,15,1.0
random_forest_unweighted,f_119,15,1.0
random_forest_unweighted,f_120,15,1.0
random_forest_unweighted,f_121,15,1.0
random_forest_unweighted,f_122,15,1.0
random_forest_unweighted,f_123,15,1.0
random_forest_unweighted,f_124,15,1.0
random_forest_unweighted,f_125,15,1.0
random_forest_unweighted,f_126,15,1.0
random_forest_unweighted,f_127,15,1.0
random_forest_unweighted,f_128,15,1.0
random_forest_unweighted,f_129,15,1.0
random_forest_unweighted,f_130,15,1.0
random_forest_unweighted,f_131,15,1.0
random_forest_unweighted,f_132,15,1.0
random_forest_unweighted,f_133,15,1.0
random_forest_unweighted,f_134,15,1.0
random_forest_unweighted,f_135,15,1.0
random_forest_unweighted,f_136,15,1.0
random_forest_unweighted,f_137,15,1.0
random_forest_unweighted,f_138,15,1.0
random_forest_unweighted,f_139,15,1.0
random_forest_unweighted,f_140,15,1.0
random_forest_unweighted,f_142,15,1.0
random_forest_unweighted,f_143,15,1.0
random_forest_unweighted,f_144,15,1.0
random_forest_unweighted,f_145,15,1.0
random_forest_unweighted,f_146,15,1.0
random_forest_unweighted,f_147,15,1.0
random_forest_unweighted,f_148,15,1.0
random_forest_unweighted,f_150,15,1.0
random_forest_unweighted,f_151,15,1.0
random_forest_unweighted,f_152,15,1.0
random_forest_unweighted,f_153,15,1.0
random_forest_unweighted,f_154,15,1.0
random_forest_unweighted,f_155,15,1.0
random_forest_unweighted,f_156,15,1.0
random_forest_unweighted,f_159,15,1.0
random_forest_unweighted,f_160,15,1.0
random_forest_unweighted,f_161,15,1.0
random_forest_unweighted,f_162,15,1.0
random_forest_unweighted,f_163,15,1.0
random_forest_unweighted,f_164,15,1.0
random_forest_unweighted,f_165,15,1.0
random_forest_unweighted,f_166,15,1.0
random_forest_unweighted,f_167,15,1.0
random_forest_unweighted,f_168,15,1.0
random_forest_unweighted,f_169,15,1.0
random_forest_unweighted,f_170,15,1.0
random_forest_unweighted,f_171,15,1.0
random_forest_unweighted,f_172,15,1.0
random_forest_unweighted,f_173,15,1.0
random_forest_unweighted,f_174,15,1.0
random_forest_unweighted,f_175,15,1.0
random_forest_unweighted,f_176,15,1.0
random_forest_unweighted,f_177,15,1.0
random_forest_unweighted,f_180,15,1.0
random_forest_unweighted,f_181,15,1.0
random_forest_unweighted,f_182,15,1.0
random_forest_unweighted,f_183,15,1.0
random_forest_unweighted,f_184,15,1.0
random_forest_unweighted,f_185,15,1.0
random_forest_unweighted,f_187,15,1.0
random_forest_unweighted,f_188,15,1.0
random_forest_unweighted,f_195,15,1.0
random_forest_unweighted,f_196,15,1.0
random_forest_unweighted,f_197,15,1.0
random_forest_unweighted,f_198,15,1.0
random_forest_unweighted,f_199,15,1.0
random_forest_unweighted,f_200,15,1.0
random_forest_unweighted,f_201,15,1.0
random_forest_unweighted,f_202,15,1.0
random_forest_unweighted,f_203,15,1.0
random_forest_unweighted,f_204,15,1.0
random_forest_unweighted,f_205,15,1.0
random_forest_unweighted,f_206,12,0.8
random_forest_unweighted,f_207,15,1.0
random_forest_unweighted,f_208,15,1.0
random_forest_unweighted,f_209,12,0.8
random_forest_unweighted,f_210,15,1.0
random_forest_unweighted,f_211,15,1.0
random_forest_unweighted,f_212,15,1.0
random_forest_unweighted,f_213,15,1.0
random_forest_unweighted,f_214,15,1.0
random_forest_unweighted,f_215,15,1.0
random_forest_unweighted,f_216,15,1.0
random_forest_unweighted,f_217,15,1.0
random_forest_unweighted,f_218,15,1.0
random_forest_unweighted,f_219,15,1.0
random_forest_unweighted,f_221,15,1.0
random_forest_unweighted,f_222,15,1.0
random_forest_unweighted,f_223,15,1.0
random_forest_unweighted,f_224,15,1.0
random_forest_unweighted,f_225,15,1.0
random_forest_unweighted,f_227,15,1.0
random_forest_unweighted,f_228,15,1.0
random_forest_unweighted,f_238,15,1.0
random_forest_unweighted,f_239,15,1.0
random_forest_unweighted,f_248,15,1.0
random_forest_unweighted,f_249,15,1.0
random_forest_unweighted,f_250,15,1.0
random_forest_unweighted,f_251,15,1.0
random_forest_unweighted,f_252,15,1.0
random_forest_unweighted,f_253,15,1.0
random_forest_unweighted,f_254,15,1.0
random_forest_unweighted,f_255,15,1.0
random_forest_unweighted,f_267,15,1.0
random_forest_unweighted,f_268,15,1.0
random_forest_unweighted,f_269,15,1.0
random_forest_unweighted,f_270,15,1.0
random_forest_unweighted,f_271,15,1.0
random_forest_unweighted,f_272,15,1.0
random_forest_unweighted,f_273,15,1.0
random_forest_unweighted,f_274,15,1.0
random_forest_unweighted,f_275,15,1.0
random_forest_unweighted,f_277,15,1.0
random_forest_unweighted,f_278,15,1.0
random_forest_unweighted,f_279,15,1.0
random_forest_unweighted,f_280,15,1.0
random_forest_unweighted,f_281,15,1.0
random_forest_unweighted,f_282,15,1.0
random_forest_unweighted,f_283,15,1.0
random_forest_unweighted,f_285,15,1.0
random_forest_unweighted,f_286,15,1.0
random_forest_unweighted,f_287,15,1.0
random_forest_unweighted,f_288,15,1.0
random_forest_unweighted,f_289,15,1.0
random_forest_unweighted,f_290,15,1.0
random_forest_unweighted,f_291,15,1.0
random_forest_unweighted,f_294,15,1.0
random_forest_unweighted,f_295,15,1.0
random_forest_unweighted,f_296,15,1.0
random_forest_unweighted,f_297,15,1.0
random_forest_unweighted,f_298,15,1.0
random_forest_unweighted,f_299,15,1.0
random_forest_unweighted,f_300,15,1.0
random_forest_unweighted,f_301,15,1.0
random_forest_unweighted,f_302,15,1.0
random_forest_unweighted,f_303,15,1.0
random_forest_unweighted,f_304,15,1.0
random_forest_unweighted,f_305,15,1.0
random_forest_unweighted,f_306,15,1.0
random_forest_unweighted,f_307,15,1.0
random_forest_unweighted,f_308,15,1.0
random_forest_unweighted,f_309,15,1.0
random_forest_unweighted,f_310,15,1.0
random_forest_unweighted,f_311,15,1.0
random_forest_unweighted,f_312,15,1.0
random_forest_unweighted,f_316,15,1.0
random_forest_unweighted,f_317,15,1.0
random_forest_unweighted,f_318,15,1.0
random_forest_unweighted,f_319,15,1.0
random_forest_unweighted,f_320,15,1.0
random_forest_unweighted,f_321,15,1.0
random_forest_unweighted,f_323,15,1.0
random_forest_unweighted,f_324,15,1.0
random_forest_unweighted,f_331,15,1.0
random_forest_unweighted,f_332,15,1.0
random_forest_unweighted,f_333,15,1.0
random_forest_unweighted,f_334,15,1.0
random_forest_unweighted,f_335,15,1.0
random_forest_unweighted,f_336,15,1.0
random_forest_unweighted,f_337,15,1.0
random_forest_unweighted,f_338,15,1.0
random_forest_unweighted,f_339,15,1.0
random_forest_unweighted,f_340,15,1.0
random_forest_unweighted,f_341,15,1.0
random_forest_unweighted,f_342,12,0.8
random_forest_unweighted,f_343,15,1.0
random_forest_unweighted,f_344,15,1.0
random_forest_unweighted,f_347,12,0.8
random_forest_unweighted,f_348,15,1.0
random_forest_unweighted,f_349,15,1.0
random_forest_unweighted,f_350,15,1.0
random_forest_unweighted,f_351,15,1.0
random_forest_unweighted,f_352,15,1.0
random_forest_unweighted,f_353,15,1.0
random_forest_unweighted,f_354,15,1.0
random_forest_unweighted,f_355,15,1.0
random_forest_unweighted,f_356,15,1.0
random_forest_unweighted,f_357,15,1.0
random_forest_unweighted,f_359,15,1.0
random_forest_unweighted,f_360,15,1.0
random_forest_unweighted,f_361,15,1.0
random_forest_unweighted,f_362,15,1.0
random_forest_unweighted,f_363,15,1.0
random_forest_unweighted,f_365,15,1.0
random_forest_unweighted,f_366,15,1.0
random_forest_unweighted,f_367,15,1.0
random_forest_unweighted,f_368,15,1.0
random_forest_unweighted,f_376,15,1.0
random_forest_unweighted,f_377,15,1.0
random_forest_unweighted,f_386,15,1.0
random_forest_unweighted,f_387,15,1.0
random_forest_unweighted,f_388,15,1.0
random_forest_unweighted,f_389,15,1.0
random_forest_unweighted,f_390,15,1.0
random_forest_unweighted,f_391,15,1.0
random_forest_unweighted,f_392,15,1.0
random_forest_unweighted,f_393,15,1.0
random_forest_unweighted,f_405,15,1.0
random_forest_unweighted,f_406,15,1.0
random_forest_unweighted,f_407,15,1.0
random_forest_unweighted,f_408,15,1.0
random_forest_unweighted,f_409,15,1.0
random_forest_unweighted,f_410,15,1.0
random_forest_unweighted,f_411,15,1.0
random_forest_unweighted,f_412,15,1.0
random_forest_unweighted,f_413,15,1.0
random_forest_unweighted,f_415,15,1.0
random_forest_unweighted,f_416,15,1.0
random_forest_unweighted,f_417,15,1.0
random_forest_unweighted,f_418,15,1.0
random_forest_unweighted,f_419,15,1.0
random_forest_unweighted,f_420,15,1.0
random_forest_unweighted,f_421,15,1.0
random_forest_unweighted,f_423,15,1.0
random_forest_unweighted,f_424,15,1.0
random_forest_unweighted,f_425,15,1.0
random_forest_unweighted,f_426,15,1.0
random_forest_unweighted,f_427,15,1.0
random_forest_unweighted,f_428,15,1.0
random_forest_unweighted,f_429,15,1.0
random_forest_unweighted,f_430,15,1.0
random_forest_unweighted,f_431,15,1.0
random_forest_unweighted,f_432,15,1.0
random_forest_unweighted,f_433,15,1.0
random_forest_unweighted,f_434,15,1.0
random_forest_unweighted,f_435,15,1.0
random_forest_unweighted,f_436,15,1.0
random_forest_unweighted,f_437,15,1.0
random_forest_unweighted,f_438,15,1.0
random_forest_unweighted,f_439,15,1.0
random_forest_unweighted,f_440,15,1.0
random_forest_unweighted,f_441,15,1.0
random_forest_unweighted,f_442,15,1.0
random_forest_unweighted,f_443,15,1.0
random_forest_unweighted,f_444,15,1.0
random_forest_unweighted,f_445,15,1.0
random_forest_unweighted,f_446,15,1.0
random_forest_unweighted,f_447,15,1.0
random_forest_unweighted,f_448,15,1.0
random_forest_unweighted,f_452,15,1.0
random_forest_unweighted,f_453,15,1.0
random_forest_unweighted,f_454,15,1.0
random_forest_unweighted,f_455,15,1.0
random_forest_unweighted,f_456,15,1.0
random_forest_unweighted,f_457,15,1.0
random_forest_unweighted,f_459,15,1.0
random_forest_unweighted,f_460,15,1.0
random_forest_unweighted,f_467,15,1.0
random_forest_unweighted,f_468,15,1.0
random_forest_unweighted,f_469,15,1.0
random_forest_unweighted,f_470,15,1.0
random_forest_unweighted,f_471,15,1.0
random_forest_unweighted,f_472,15,1.0
random_forest_unweighted,f_473,15,1.0
random_forest_unweighted,f_474,15,1.0
random_forest_unweighted,f_475,15,1.0
random_forest_unweighted,f_476,15,1.0
random_forest_unweighted,f_477,15,1.0
random_forest_unweighted,f_478,12,0.8
random_forest_unweighted,f_479,15,1.0
random_forest_unweighted,f_480,15,1.0
random_forest_unweighted,f_482,15,1.0
random_forest_unweighted,f_483,15,1.0
random_forest_unweighted,f_484,15,1.0
random_forest_unweighted,f_485,15,1.0
random_forest_unweighted,f_486,15,1.0
random_forest_unweighted,f_487,15,1.0
random_forest_unweighted,f_488,15,1.0
random_forest_unweighted,f_489,15,1.0
random_forest_unweighted,f_490,15,1.0
random_forest_unweighted,f_491,15,1.0
random_forest_unweighted,f_493,15,1.0
random_forest_unweighted,f_494,15,1.0
random_forest_unweighted,f_495,15,1.0
random_forest_unweighted,f_496,15,1.0
random_forest_unweighted,f_497,15,1.0
random_forest_unweighted,f_499,15,1.0
random_forest_unweighted,f_500,15,1.0
random_forest_unweighted,f_510,15,1.0
random_forest_unweighted,f_511,15,1.0
random_forest_unweighted,f_520,15,1.0
random_forest_unweighted,f_521,15,1.0
random_forest_unweighted,f_522,15,1.0
random_forest_unweighted,f_523,15,1.0
random_forest_unweighted,f_524,15,1.0
random_forest_unweighted,f_525,15,1.0
random_forest_unweighted,f_526,15,1.0
random_forest_unweighted,f_527,15,1.0
random_forest_unweighted,f_539,15,1.0
random_forest_unweighted,f_540,15,1.0
random_forest_unweighted,f_541,15,1.0
random_forest_unweighted,f_542,15,1.0
random_forest_unweighted,f_543,15,1.0
random_forest_unweighted,f_544,15,1.0
random_forest_unweighted,f_545,15,1.0
random_forest_unweighted,f_546,15,1.0
random_forest_unweighted,f_547,15,1.0
random_forest_unweighted,f_548,15,1.0
random_forest_unweighted,f_549,15,1.0
random_forest_unweighted,f_550,15,1.0
random_forest_unweighted,f_551,15,1.0
random_forest_unweighted,f_552,15,1.0
random_forest_unweighted,f_553,15,1.0
random_forest_unweighted,f_554,15,1.0
random_forest_unweighted,f_555,15,1.0
random_forest_unweighted,f_556,15,1.0
random_forest_unweighted,f_557,15,1.0
random_forest_unweighted,f_558,15,1.0
random_forest_unweighted,f_559,15,1.0
random_forest_unweighted,f_560,15,1.0
random_forest_unweighted,f_561,15,1.0
random_forest_unweighted,f_562,15,1.0
random_forest_unweighted,f_563,15,1.0
random_forest_unweighted,f_564,15,1.0
random_forest_unweighted,f_565,15,1.0
random_forest_unweighted,f_566,15,1.0
random_forest_unweighted,f_567,15,1.0
random_forest_unweighted,f_568,15,1.0
random_forest_unweighted,f_569,15,1.0
random_forest_unweighted,f_570,15,1.0
random_forest_unweighted,f_571,15,1.0
random_forest_unweighted,f_572,15,1.0
random_forest_unweighted,f_573,15,1.0
random_forest_unweighted,f_574,15,1.0
random_forest_unweighted,f_575,15,1.0
random_forest_unweighted,f_576,15,1.0
random_forest_unweighted,f_577,15,1.0
random_forest_unweighted,f_582,15,1.0
random_forest_unweighted,f_583,15,1.0
random_forest_unweighted,f_584,15,1.0
random_forest_unweighted,f_585,15,1.0
random_forest_unweighted,f_586,15,1.0
random_forest_unweighted,f_587,15,1.0
random_forest_unweighted,f_588,15,1.0
random_forest_unweighted,f_589,15,1.0
xgboost_balanced,f_000,15,1.0
xgboost_balanced,f_001,15,1.0
xgboost_balanced,f_002,15,1.0
xgboost_balanced,f_003,15,1.0
xgboost_balanced,f_004,15,1.0
xgboost_balanced,f_006,15,1.0
xgboost_balanced,f_007,15,1.0
xgboost_balanced,f_008,15,1.0
xgboost_balanced,f_009,15,1.0
xgboost_balanced,f_010,15,1.0
xgboost_balanced,f_011,15,1.0
xgboost_balanced,f_012,15,1.0
xgboost_balanced,f_014,15,1.0
xgboost_balanced,f_015,15,1.0
xgboost_balanced,f_016,15,1.0
xgboost_balanced,f_017,15,1.0
xgboost_balanced,f_018,15,1.0
xgboost_balanced,f_019,15,1.0
xgboost_balanced,f_020,15,1.0
xgboost_balanced,f_021,15,1.0
xgboost_balanced,f_022,15,1.0
xgboost_balanced,f_023,15,1.0
xgboost_balanced,f_024,15,1.0
xgboost_balanced,f_025,15,1.0
xgboost_balanced,f_026,15,1.0
xgboost_balanced,f_027,15,1.0
xgboost_balanced,f_028,15,1.0
xgboost_balanced,f_029,15,1.0
xgboost_balanced,f_030,15,1.0
xgboost_balanced,f_031,15,1.0
xgboost_balanced,f_032,15,1.0
xgboost_balanced,f_033,15,1.0
xgboost_balanced,f_034,15,1.0
xgboost_balanced,f_035,15,1.0
xgboost_balanced,f_036,15,1.0
xgboost_balanced,f_037,15,1.0
xgboost_balanced,f_038,15,1.0
xgboost_balanced,f_039,15,1.0
xgboost_balanced,f_040,15,1.0
xgboost_balanced,f_041,15,1.0
xgboost_balanced,f_043,15,1.0
xgboost_balanced,f_044,15,1.0
xgboost_balanced,f_045,15,1.0
xgboost_balanced,f_046,15,1.0
xgboost_balanced,f_047,15,1.0
xgboost_balanced,f_048,15,1.0
xgboost_balanced,f_050,15,1.0
xgboost_balanced,f_051,15,1.0
xgboost_balanced,f_053,15,1.0
xgboost_balanced,f_054,15,1.0
xgboost_balanced,f_055,15,1.0
xgboost_balanced,f_056,15,1.0
xgboost_balanced,f_057,15,1.0
xgboost_balanced,f_058,15,1.0
xgboost_balanced,f_059,15,1.0
xgboost_balanced,f_060,15,1.0
xgboost_balanced,f_061,15,1.0
xgboost_balanced,f_062,15,1.0
xgboost_balanced,f_063,15,1.0
xgboost_balanced,f_064,15,1.0
xgboost_balanced,f_065,15,1.0
xgboost_balanced,f_066,15,1.0
xgboost_balanced,f_067,15,1.0
xgboost_balanced,f_068,15,1.0
xgboost_balanced,f_070,15,1.0
xgboost_balanced,f_071,15,1.0
xgboost_balanced,f_074,12,0.8
xgboost_balanced,f_075,15,1.0
xgboost_balanced,f_076,15,1.0
xgboost_balanced,f_077,15,1.0
xgboost_balanced,f_078,15,1.0
xgboost_balanced,f_079,15,1.0
xgboost_balanced,f_080,15,1.0
xgboost_balanced,f_081,15,1.0
xgboost_balanced,f_082,15,1.0
xgboost_balanced,f_083,15,1.0
xgboost_balanced,f_084,15,1.0
xgboost_balanced,f_086,15,1.0
xgboost_balanced,f_087,15,1.0
xgboost_balanced,f_088,15,1.0
xgboost_balanced,f_089,15,1.0
xgboost_balanced,f_090,15,1.0
xgboost_balanced,f_091,15,1.0
xgboost_balanced,f_092,15,1.0
xgboost_balanced,f_093,15,1.0
xgboost_balanced,f_094,15,1.0
xgboost_balanced,f_095,15,1.0
xgboost_balanced,f_096,15,1.0
xgboost_balanced,f_098,15,1.0
xgboost_balanced,f_099,15,1.0
xgboost_balanced,f_100,15,1.0
xgboost_balanced,f_101,15,1.0
xgboost_balanced,f_102,15,1.0
xgboost_balanced,f_103,15,1.0
xgboost_balanced,f_104,15,1.0
xgboost_balanced,f_105,15,1.0
xgboost_balanced,f_106,15,1.0
xgboost_balanced,f_107,15,1.0
xgboost_balanced,f_108,15,1.0
xgboost_balanced,f_113,15,1.0
xgboost_balanced,f_114,15,1.0
xgboost_balanced,f_115,15,1.0
xgboost_balanced,f_116,15,1.0
xgboost_balanced,f_117,15,1.0
xgboost_balanced,f_118,15,1.0
xgboost_balanced,f_119,15,1.0
xgboost_balanced,f_120,15,1.0
xgboost_balanced,f_121,15,1.0
xgboost_balanced,f_122,15,1.0
xgboost_balanced,f_123,15,1.0
xgboost_balanced,f_124,15,1.0
xgboost_balanced,f_125,15,1.0
xgboost_balanced,f_126,15,1.0
xgboost_balanced,f_127,15,1.0
xgboost_balanced,f_128,15,1.0
xgboost_balanced,f_129,15,1.0
xgboost_balanced,f_130,15,1.0
xgboost_balanced,f_131,15,1.0
xgboost_balanced,f_132,15,1.0
xgboost_balanced,f_133,15,1.0
xgboost_balanced,f_134,15,1.0
xgboost_balanced,f_135,15,1.0
xgboost_balanced,f_136,15,1.0
xgboost_balanced,f_137,15,1.0
xgboost_balanced,f_138,15,1.0
xgboost_balanced,f_139,15,1.0
xgboost_balanced,f_140,15,1.0
xgboost_balanced,f_142,15,1.0
xgboost_balanced,f_143,15,1.0
xgboost_balanced,f_144,15,1.0
xgboost_balanced,f_145,15,1.0
xgboost_balanced,f_146,15,1.0
xgboost_balanced,f_147,15,1.0
xgboost_balanced,f_148,15,1.0
xgboost_balanced,f_150,15,1.0
xgboost_balanced,f_151,15,1.0
xgboost_balanced,f_152,15,1.0
xgboost_balanced,f_153,15,1.0
xgboost_balanced,f_154,15,1.0
xgboost_balanced,f_155,15,1.0
xgboost_balanced,f_156,15,1.0
xgboost_balanced,f_159,15,1.0
xgboost_balanced,f_160,15,1.0
xgboost_balanced,f_161,15,1.0
xgboost_balanced,f_162,15,1.0
xgboost_balanced,f_163,15,1.0
xgboost_balanced,f_164,15,1.0
xgboost_balanced,f_165,15,1.0
xgboost_balanced,f_166,15,1.0
xgboost_balanced,f_167,15,1.0
xgboost_balanced,f_168,15,1.0
xgboost_balanced,f_169,15,1.0
xgboost_balanced,f_170,15,1.0
xgboost_balanced,f_171,15,1.0
xgboost_balanced,f_172,15,1.0
xgboost_balanced,f_173,15,1.0
xgboost_balanced,f_174,15,1.0
xgboost_balanced,f_175,15,1.0
xgboost_balanced,f_176,15,1.0
xgboost_balanced,f_177,15,1.0
xgboost_balanced,f_180,15,1.0
xgboost_balanced,f_181,15,1.0
xgboost_balanced,f_182,15,1.0
xgboost_balanced,f_183,15,1.0
xgboost_balanced,f_184,15,1.0
xgboost_balanced,f_185,15,1.0
xgboost_balanced,f_187,15,1.0
xgboost_balanced,f_188,15,1.0
xgboost_balanced,f_195,15,1.0
xgboost_balanced,f_196,15,1.0
xgboost_balanced,f_197,15,1.0
xgboost_balanced,f_198,15,1.0
xgboost_balanced,f_199,15,1.0
xgboost_balanced,f_200,15,1.0
xgboost_balanced,f_201,15,1.0
xgboost_balanced,f_202,15,1.0
xgboost_balanced,f_203,15,1.0
xgboost_balanced,f_204,15,1.0
xgboost_balanced,f_205,15,1.0
xgboost_balanced,f_206,12,0.8
xgboost_balanced,f_207,15,1.0
xgboost_balanced,f_208,15,1.0
xgboost_balanced,f_209,12,0.8
xgboost_balanced,f_210,15,1.0
xgboost_balanced,f_211,15,1.0
xgboost_balanced,f_212,15,1.0
xgboost_balanced,f_213,15,1.0
xgboost_balanced,f_214,15,1.0
xgboost_balanced,f_215,15,1.0
xgboost_balanced,f_216,15,1.0
xgboost_balanced,f_217,15,1.0
xgboost_balanced,f_218,15,1.0
xgboost_balanced,f_219,15,1.0
xgboost_balanced,f_221,15,1.0
xgboost_balanced,f_222,15,1.0
xgboost_balanced,f_223,15,1.0
xgboost_balanced,f_224,15,1.0
xgboost_balanced,f_225,15,1.0
xgboost_balanced,f_227,15,1.0
xgboost_balanced,f_228,15,1.0
xgboost_balanced,f_238,15,1.0
xgboost_balanced,f_239,15,1.0
xgboost_balanced,f_248,15,1.0
xgboost_balanced,f_249,15,1.0
xgboost_balanced,f_250,15,1.0
xgboost_balanced,f_251,15,1.0
xgboost_balanced,f_252,15,1.0
xgboost_balanced,f_253,15,1.0
xgboost_balanced,f_254,15,1.0
xgboost_balanced,f_255,15,1.0
xgboost_balanced,f_267,15,1.0
xgboost_balanced,f_268,15,1.0
xgboost_balanced,f_269,15,1.0
xgboost_balanced,f_270,15,1.0
xgboost_balanced,f_271,15,1.0
xgboost_balanced,f_272,15,1.0
xgboost_balanced,f_273,15,1.0
xgboost_balanced,f_274,15,1.0
xgboost_balanced,f_275,15,1.0
xgboost_balanced,f_277,15,1.0
xgboost_balanced,f_278,15,1.0
xgboost_balanced,f_279,15,1.0
xgboost_balanced,f_280,15,1.0
xgboost_balanced,f_281,15,1.0
xgboost_balanced,f_282,15,1.0
xgboost_balanced,f_283,15,1.0
xgboost_balanced,f_285,15,1.0
xgboost_balanced,f_286,15,1.0
xgboost_balanced,f_287,15,1.0
xgboost_balanced,f_288,15,1.0
xgboost_balanced,f_289,15,1.0
xgboost_balanced,f_290,15,1.0
xgboost_balanced,f_291,15,1.0
xgboost_balanced,f_294,15,1.0
xgboost_balanced,f_295,15,1.0
xgboost_balanced,f_296,15,1.0
xgboost_balanced,f_297,15,1.0
xgboost_balanced,f_298,15,1.0
xgboost_balanced,f_299,15,1.0
xgboost_balanced,f_300,15,1.0
xgboost_balanced,f_301,15,1.0
xgboost_balanced,f_302,15,1.0
xgboost_balanced,f_303,15,1.0
xgboost_balanced,f_304,15,1.0
xgboost_balanced,f_305,15,1.0
xgboost_balanced,f_306,15,1.0
xgboost_balanced,f_307,15,1.0
xgboost_balanced,f_308,15,1.0
xgboost_balanced,f_309,15,1.0
xgboost_balanced,f_310,15,1.0
xgboost_balanced,f_311,15,1.0
xgboost_balanced,f_312,15,1.0
xgboost_balanced,f_316,15,1.0
xgboost_balanced,f_317,15,1.0
xgboost_balanced,f_318,15,1.0
xgboost_balanced,f_319,15,1.0
xgboost_balanced,f_320,15,1.0
xgboost_balanced,f_321,15,1.0
xgboost_balanced,f_323,15,1.0
xgboost_balanced,f_324,15,1.0
xgboost_balanced,f_331,15,1.0
xgboost_balanced,f_332,15,1.0
xgboost_balanced,f_333,15,1.0
xgboost_balanced,f_334,15,1.0
xgboost_balanced,f_335,15,1.0
xgboost_balanced,f_336,15,1.0
xgboost_balanced,f_337,15,1.0
xgboost_balanced,f_338,15,1.0
xgboost_balanced,f_339,15,1.0
xgboost_balanced,f_340,15,1.0
xgboost_balanced,f_341,15,1.0
xgboost_balanced,f_342,12,0.8
xgboost_balanced,f_343,15,1.0
xgboost_balanced,f_344,15,1.0
xgboost_balanced,f_347,12,0.8
xgboost_balanced,f_348,15,1.0
xgboost_balanced,f_349,15,1.0
xgboost_balanced,f_350,15,1.0
xgboost_balanced,f_351,15,1.0
xgboost_balanced,f_352,15,1.0
xgboost_balanced,f_353,15,1.0
xgboost_balanced,f_354,15,1.0
xgboost_balanced,f_355,15,1.0
xgboost_balanced,f_356,15,1.0
xgboost_balanced,f_357,15,1.0
xgboost_balanced,f_359,15,1.0
xgboost_balanced,f_360,15,1.0
xgboost_balanced,f_361,15,1.0
xgboost_balanced,f_362,15,1.0
xgboost_balanced,f_363,15,1.0
xgboost_balanced,f_365,15,1.0
xgboost_balanced,f_366,15,1.0
xgboost_balanced,f_367,15,1.0
xgboost_balanced,f_368,15,1.0
xgboost_balanced,f_376,15,1.0
xgboost_balanced,f_377,15,1.0
xgboost_balanced,f_386,15,1.0
xgboost_balanced,f_387,15,1.0
xgboost_balanced,f_388,15,1.0
xgboost_balanced,f_389,15,1.0
xgboost_balanced,f_390,15,1.0
xgboost_balanced,f_391,15,1.0
xgboost_balanced,f_392,15,1.0
xgboost_balanced,f_393,15,1.0
xgboost_balanced,f_405,15,1.0
xgboost_balanced,f_406,15,1.0
xgboost_balanced,f_407,15,1.0
xgboost_balanced,f_408,15,1.0
xgboost_balanced,f_409,15,1.0
xgboost_balanced,f_410,15,1.0
xgboost_balanced,f_411,15,1.0
xgboost_balanced,f_412,15,1.0
xgboost_balanced,f_413,15,1.0
xgboost_balanced,f_415,15,1.0
xgboost_balanced,f_416,15,1.0
xgboost_balanced,f_417,15,1.0
xgboost_balanced,f_418,15,1.0
xgboost_balanced,f_419,15,1.0
xgboost_balanced,f_420,15,1.0
xgboost_balanced,f_421,15,1.0
xgboost_balanced,f_423,15,1.0
xgboost_balanced,f_424,15,1.0
xgboost_balanced,f_425,15,1.0
xgboost_balanced,f_426,15,1.0
xgboost_balanced,f_427,15,1.0
xgboost_balanced,f_428,15,1.0
xgboost_balanced,f_429,15,1.0
xgboost_balanced,f_430,15,1.0
xgboost_balanced,f_431,15,1.0
xgboost_balanced,f_432,15,1.0
xgboost_balanced,f_433,15,1.0
xgboost_balanced,f_434,15,1.0
xgboost_balanced,f_435,15,1.0
xgboost_balanced,f_436,15,1.0
xgboost_balanced,f_437,15,1.0
xgboost_balanced,f_438,15,1.0
xgboost_balanced,f_439,15,1.0
xgboost_balanced,f_440,15,1.0
xgboost_balanced,f_441,15,1.0
xgboost_balanced,f_442,15,1.0
xgboost_balanced,f_443,15,1.0
xgboost_balanced,f_444,15,1.0
xgboost_balanced,f_445,15,1.0
xgboost_balanced,f_446,15,1.0
xgboost_balanced,f_447,15,1.0
xgboost_balanced,f_448,15,1.0
xgboost_balanced,f_452,15,1.0
xgboost_balanced,f_453,15,1.0
xgboost_balanced,f_454,15,1.0
xgboost_balanced,f_455,15,1.0
xgboost_balanced,f_456,15,1.0
xgboost_balanced,f_457,15,1.0
xgboost_balanced,f_459,15,1.0
xgboost_balanced,f_460,15,1.0
xgboost_balanced,f_467,15,1.0
xgboost_balanced,f_468,15,1.0
xgboost_balanced,f_469,15,1.0
xgboost_balanced,f_470,15,1.0
xgboost_balanced,f_471,15,1.0
xgboost_balanced,f_472,15,1.0
xgboost_balanced,f_473,15,1.0
xgboost_balanced,f_474,15,1.0
xgboost_balanced,f_475,15,1.0
xgboost_balanced,f_476,15,1.0
xgboost_balanced,f_477,15,1.0
xgboost_balanced,f_478,12,0.8
xgboost_balanced,f_479,15,1.0
xgboost_balanced,f_480,15,1.0
xgboost_balanced,f_482,15,1.0
xgboost_balanced,f_483,15,1.0
xgboost_balanced,f_484,15,1.0
xgboost_balanced,f_485,15,1.0
xgboost_balanced,f_486,15,1.0
xgboost_balanced,f_487,15,1.0
xgboost_balanced,f_488,15,1.0
xgboost_balanced,f_489,15,1.0
xgboost_balanced,f_490,15,1.0
xgboost_balanced,f_491,15,1.0
xgboost_balanced,f_493,15,1.0
xgboost_balanced,f_494,15,1.0
xgboost_balanced,f_495,15,1.0
xgboost_balanced,f_496,15,1.0
xgboost_balanced,f_497,15,1.0
xgboost_balanced,f_499,15,1.0
xgboost_balanced,f_500,15,1.0
xgboost_balanced,f_510,15,1.0
xgboost_balanced,f_511,15,1.0
xgboost_balanced,f_520,15,1.0
xgboost_balanced,f_521,15,1.0
xgboost_balanced,f_522,15,1.0
xgboost_balanced,f_523,15,1.0
xgboost_balanced,f_524,15,1.0
xgboost_balanced,f_525,15,1.0
xgboost_balanced,f_526,15,1.0
xgboost_balanced,f_527,15,1.0
xgboost_balanced,f_539,15,1.0
xgboost_balanced,f_540,15,1.0
xgboost_balanced,f_541,15,1.0
xgboost_balanced,f_542,15,1.0
xgboost_balanced,f_543,15,1.0
xgboost_balanced,f_544,15,1.0
xgboost_balanced,f_545,15,1.0
xgboost_balanced,f_546,15,1.0
xgboost_balanced,f_547,15,1.0
xgboost_balanced,f_548,15,1.0
xgboost_balanced,f_549,15,1.0
xgboost_balanced,f_550,15,1.0
xgboost_balanced,f_551,15,1.0
xgboost_balanced,f_552,15,1.0
xgboost_balanced,f_553,15,1.0
xgboost_balanced,f_554,15,1.0
xgboost_balanced,f_555,15,1.0
xgboost_balanced,f_556,15,1.0
xgboost_balanced,f_557,15,1.0
xgboost_balanced,f_558,15,1.0
xgboost_balanced,f_559,15,1.0
xgboost_balanced,f_560,15,1.0
xgboost_balanced,f_561,15,1.0
xgboost_balanced,f_562,15,1.0
xgboost_balanced,f_563,15,1.0
xgboost_balanced,f_564,15,1.0
xgboost_balanced,f_565,15,1.0
xgboost_balanced,f_566,15,1.0
xgboost_balanced,f_567,15,1.0
xgboost_balanced,f_568,15,1.0
xgboost_balanced,f_569,15,1.0
xgboost_balanced,f_570,15,1.0
xgboost_balanced,f_571,15,1.0
xgboost_balanced,f_572,15,1.0
xgboost_balanced,f_573,15,1.0
xgboost_balanced,f_574,15,1.0
xgboost_balanced,f_575,15,1.0
xgboost_balanced,f_576,15,1.0
xgboost_balanced,f_577,15,1.0
xgboost_balanced,f_582,15,1.0
xgboost_balanced,f_583,15,1.0
xgboost_balanced,f_584,15,1.0
xgboost_balanced,f_585,15,1.0
xgboost_balanced,f_586,15,1.0
xgboost_balanced,f_587,15,1.0
xgboost_balanced,f_588,15,1.0
xgboost_balanced,f_589,15,1.0
xgboost_unweighted,f_000,15,1.0
xgboost_unweighted,f_001,15,1.0
xgboost_unweighted,f_002,15,1.0
xgboost_unweighted,f_003,15,1.0
xgboost_unweighted,f_004,15,1.0
xgboost_unweighted,f_006,15,1.0
xgboost_unweighted,f_007,15,1.0
xgboost_unweighted,f_008,15,1.0
xgboost_unweighted,f_009,15,1.0
xgboost_unweighted,f_010,15,1.0
xgboost_unweighted,f_011,15,1.0
xgboost_unweighted,f_012,15,1.0
xgboost_unweighted,f_014,15,1.0
xgboost_unweighted,f_015,15,1.0
xgboost_unweighted,f_016,15,1.0
xgboost_unweighted,f_017,15,1.0
xgboost_unweighted,f_018,15,1.0
xgboost_unweighted,f_019,15,1.0
xgboost_unweighted,f_020,15,1.0
xgboost_unweighted,f_021,15,1.0
xgboost_unweighted,f_022,15,1.0
xgboost_unweighted,f_023,15,1.0
xgboost_unweighted,f_024,15,1.0
xgboost_unweighted,f_025,15,1.0
xgboost_unweighted,f_026,15,1.0
xgboost_unweighted,f_027,15,1.0
xgboost_unweighted,f_028,15,1.0
xgboost_unweighted,f_029,15,1.0
xgboost_unweighted,f_030,15,1.0
xgboost_unweighted,f_031,15,1.0
xgboost_unweighted,f_032,15,1.0
xgboost_unweighted,f_033,15,1.0
xgboost_unweighted,f_034,15,1.0
xgboost_unweighted,f_035,15,1.0
xgboost_unweighted,f_036,15,1.0
xgboost_unweighted,f_037,15,1.0
xgboost_unweighted,f_038,15,1.0
xgboost_unweighted,f_039,15,1.0
xgboost_unweighted,f_040,15,1.0
xgboost_unweighted,f_041,15,1.0
xgboost_unweighted,f_043,15,1.0
xgboost_unweighted,f_044,15,1.0
xgboost_unweighted,f_045,15,1.0
xgboost_unweighted,f_046,15,1.0
xgboost_unweighted,f_047,15,1.0
xgboost_unweighted,f_048,15,1.0
xgboost_unweighted,f_050,15,1.0
xgboost_unweighted,f_051,15,1.0
xgboost_unweighted,f_053,15,1.0
xgboost_unweighted,f_054,15,1.0
xgboost_unweighted,f_055,15,1.0
xgboost_unweighted,f_056,15,1.0
xgboost_unweighted,f_057,15,1.0
xgboost_unweighted,f_058,15,1.0
xgboost_unweighted,f_059,15,1.0
xgboost_unweighted,f_060,15,1.0
xgboost_unweighted,f_061,15,1.0
xgboost_unweighted,f_062,15,1.0
xgboost_unweighted,f_063,15,1.0
xgboost_unweighted,f_064,15,1.0
xgboost_unweighted,f_065,15,1.0
xgboost_unweighted,f_066,15,1.0
xgboost_unweighted,f_067,15,1.0
xgboost_unweighted,f_068,15,1.0
xgboost_unweighted,f_070,15,1.0
xgboost_unweighted,f_071,15,1.0
xgboost_unweighted,f_074,12,0.8
xgboost_unweighted,f_075,15,1.0
xgboost_unweighted,f_076,15,1.0
xgboost_unweighted,f_077,15,1.0
xgboost_unweighted,f_078,15,1.0
xgboost_unweighted,f_079,15,1.0
xgboost_unweighted,f_080,15,1.0
xgboost_unweighted,f_081,15,1.0
xgboost_unweighted,f_082,15,1.0
xgboost_unweighted,f_083,15,1.0
xgboost_unweighted,f_084,15,1.0
xgboost_unweighted,f_086,15,1.0
xgboost_unweighted,f_087,15,1.0
xgboost_unweighted,f_088,15,1.0
xgboost_unweighted,f_089,15,1.0
xgboost_unweighted,f_090,15,1.0
xgboost_unweighted,f_091,15,1.0
xgboost_unweighted,f_092,15,1.0
xgboost_unweighted,f_093,15,1.0
xgboost_unweighted,f_094,15,1.0
xgboost_unweighted,f_095,15,1.0
xgboost_unweighted,f_096,15,1.0
xgboost_unweighted,f_098,15,1.0
xgboost_unweighted,f_099,15,1.0
xgboost_unweighted,f_100,15,1.0
xgboost_unweighted,f_101,15,1.0
xgboost_unweighted,f_102,15,1.0
xgboost_unweighted,f_103,15,1.0
xgboost_unweighted,f_104,15,1.0
xgboost_unweighted,f_105,15,1.0
xgboost_unweighted,f_106,15,1.0
xgboost_unweighted,f_107,15,1.0
xgboost_unweighted,f_108,15,1.0
xgboost_unweighted,f_113,15,1.0
xgboost_unweighted,f_114,15,1.0
xgboost_unweighted,f_115,15,1.0
xgboost_unweighted,f_116,15,1.0
xgboost_unweighted,f_117,15,1.0
xgboost_unweighted,f_118,15,1.0
xgboost_unweighted,f_119,15,1.0
xgboost_unweighted,f_120,15,1.0
xgboost_unweighted,f_121,15,1.0
xgboost_unweighted,f_122,15,1.0
xgboost_unweighted,f_123,15,1.0
xgboost_unweighted,f_124,15,1.0
xgboost_unweighted,f_125,15,1.0
xgboost_unweighted,f_126,15,1.0
xgboost_unweighted,f_127,15,1.0
xgboost_unweighted,f_128,15,1.0
xgboost_unweighted,f_129,15,1.0
xgboost_unweighted,f_130,15,1.0
xgboost_unweighted,f_131,15,1.0
xgboost_unweighted,f_132,15,1.0
xgboost_unweighted,f_133,15,1.0
xgboost_unweighted,f_134,15,1.0
xgboost_unweighted,f_135,15,1.0
xgboost_unweighted,f_136,15,1.0
xgboost_unweighted,f_137,15,1.0
xgboost_unweighted,f_138,15,1.0
xgboost_unweighted,f_139,15,1.0
xgboost_unweighted,f_140,15,1.0
xgboost_unweighted,f_142,15,1.0
xgboost_unweighted,f_143,15,1.0
xgboost_unweighted,f_144,15,1.0
xgboost_unweighted,f_145,15,1.0
xgboost_unweighted,f_146,15,1.0
xgboost_unweighted,f_147,15,1.0
xgboost_unweighted,f_148,15,1.0
xgboost_unweighted,f_150,15,1.0
xgboost_unweighted,f_151,15,1.0
xgboost_unweighted,f_152,15,1.0
xgboost_unweighted,f_153,15,1.0
xgboost_unweighted,f_154,15,1.0
xgboost_unweighted,f_155,15,1.0
xgboost_unweighted,f_156,15,1.0
xgboost_unweighted,f_159,15,1.0
xgboost_unweighted,f_160,15,1.0
xgboost_unweighted,f_161,15,1.0
xgboost_unweighted,f_162,15,1.0
xgboost_unweighted,f_163,15,1.0
xgboost_unweighted,f_164,15,1.0
xgboost_unweighted,f_165,15,1.0
xgboost_unweighted,f_166,15,1.0
xgboost_unweighted,f_167,15,1.0
xgboost_unweighted,f_168,15,1.0
xgboost_unweighted,f_169,15,1.0
xgboost_unweighted,f_170,15,1.0
xgboost_unweighted,f_171,15,1.0
xgboost_unweighted,f_172,15,1.0
xgboost_unweighted,f_173,15,1.0
xgboost_unweighted,f_174,15,1.0
xgboost_unweighted,f_175,15,1.0
xgboost_unweighted,f_176,15,1.0
xgboost_unweighted,f_177,15,1.0
xgboost_unweighted,f_180,15,1.0
xgboost_unweighted,f_181,15,1.0
xgboost_unweighted,f_182,15,1.0
xgboost_unweighted,f_183,15,1.0
xgboost_unweighted,f_184,15,1.0
xgboost_unweighted,f_185,15,1.0
xgboost_unweighted,f_187,15,1.0
xgboost_unweighted,f_188,15,1.0
xgboost_unweighted,f_195,15,1.0
xgboost_unweighted,f_196,15,1.0
xgboost_unweighted,f_197,15,1.0
xgboost_unweighted,f_198,15,1.0
xgboost_unweighted,f_199,15,1.0
xgboost_unweighted,f_200,15,1.0
xgboost_unweighted,f_201,15,1.0
xgboost_unweighted,f_202,15,1.0
xgboost_unweighted,f_203,15,1.0
xgboost_unweighted,f_204,15,1.0
xgboost_unweighted,f_205,15,1.0
xgboost_unweighted,f_206,12,0.8
xgboost_unweighted,f_207,15,1.0
xgboost_unweighted,f_208,15,1.0
xgboost_unweighted,f_209,12,0.8
xgboost_unweighted,f_210,15,1.0
xgboost_unweighted,f_211,15,1.0
xgboost_unweighted,f_212,15,1.0
xgboost_unweighted,f_213,15,1.0
xgboost_unweighted,f_214,15,1.0
xgboost_unweighted,f_215,15,1.0
xgboost_unweighted,f_216,15,1.0
xgboost_unweighted,f_217,15,1.0
xgboost_unweighted,f_218,15,1.0
xgboost_unweighted,f_219,15,1.0
xgboost_unweighted,f_221,15,1.0
xgboost_unweighted,f_222,15,1.0
xgboost_unweighted,f_223,15,1.0
xgboost_unweighted,f_224,15,1.0
xgboost_unweighted,f_225,15,1.0
xgboost_unweighted,f_227,15,1.0
xgboost_unweighted,f_228,15,1.0
xgboost_unweighted,f_238,15,1.0
xgboost_unweighted,f_239,15,1.0
xgboost_unweighted,f_248,15,1.0
xgboost_unweighted,f_249,15,1.0
xgboost_unweighted,f_250,15,1.0
xgboost_unweighted,f_251,15,1.0
xgboost_unweighted,f_252,15,1.0
xgboost_unweighted,f_253,15,1.0
xgboost_unweighted,f_254,15,1.0
xgboost_unweighted,f_255,15,1.0
xgboost_unweighted,f_267,15,1.0
xgboost_unweighted,f_268,15,1.0
xgboost_unweighted,f_269,15,1.0
xgboost_unweighted,f_270,15,1.0
xgboost_unweighted,f_271,15,1.0
xgboost_unweighted,f_272,15,1.0
xgboost_unweighted,f_273,15,1.0
xgboost_unweighted,f_274,15,1.0
xgboost_unweighted,f_275,15,1.0
xgboost_unweighted,f_277,15,1.0
xgboost_unweighted,f_278,15,1.0
xgboost_unweighted,f_279,15,1.0
xgboost_unweighted,f_280,15,1.0
xgboost_unweighted,f_281,15,1.0
xgboost_unweighted,f_282,15,1.0
xgboost_unweighted,f_283,15,1.0
xgboost_unweighted,f_285,15,1.0
xgboost_unweighted,f_286,15,1.0
xgboost_unweighted,f_287,15,1.0
xgboost_unweighted,f_288,15,1.0
xgboost_unweighted,f_289,15,1.0
xgboost_unweighted,f_290,15,1.0
xgboost_unweighted,f_291,15,1.0
xgboost_unweighted,f_294,15,1.0
xgboost_unweighted,f_295,15,1.0
xgboost_unweighted,f_296,15,1.0
xgboost_unweighted,f_297,15,1.0
xgboost_unweighted,f_298,15,1.0
xgboost_unweighted,f_299,15,1.0
xgboost_unweighted,f_300,15,1.0
xgboost_unweighted,f_301,15,1.0
xgboost_unweighted,f_302,15,1.0
xgboost_unweighted,f_303,15,1.0
xgboost_unweighted,f_304,15,1.0
xgboost_unweighted,f_305,15,1.0
xgboost_unweighted,f_306,15,1.0
xgboost_unweighted,f_307,15,1.0
xgboost_unweighted,f_308,15,1.0
xgboost_unweighted,f_309,15,1.0
xgboost_unweighted,f_310,15,1.0
xgboost_unweighted,f_311,15,1.0
xgboost_unweighted,f_312,15,1.0
xgboost_unweighted,f_316,15,1.0
xgboost_unweighted,f_317,15,1.0
xgboost_unweighted,f_318,15,1.0
xgboost_unweighted,f_319,15,1.0
xgboost_unweighted,f_320,15,1.0
xgboost_unweighted,f_321,15,1.0
xgboost_unweighted,f_323,15,1.0
xgboost_unweighted,f_324,15,1.0
xgboost_unweighted,f_331,15,1.0
xgboost_unweighted,f_332,15,1.0
xgboost_unweighted,f_333,15,1.0
xgboost_unweighted,f_334,15,1.0
xgboost_unweighted,f_335,15,1.0
xgboost_unweighted,f_336,15,1.0
xgboost_unweighted,f_337,15,1.0
xgboost_unweighted,f_338,15,1.0
xgboost_unweighted,f_339,15,1.0
xgboost_unweighted,f_340,15,1.0
xgboost_unweighted,f_341,15,1.0
xgboost_unweighted,f_342,12,0.8
xgboost_unweighted,f_343,15,1.0
xgboost_unweighted,f_344,15,1.0
xgboost_unweighted,f_347,12,0.8
xgboost_unweighted,f_348,15,1.0
xgboost_unweighted,f_349,15,1.0
xgboost_unweighted,f_350,15,1.0
xgboost_unweighted,f_351,15,1.0
xgboost_unweighted,f_352,15,1.0
xgboost_unweighted,f_353,15,1.0
xgboost_unweighted,f_354,15,1.0
xgboost_unweighted,f_355,15,1.0
xgboost_unweighted,f_356,15,1.0
xgboost_unweighted,f_357,15,1.0
xgboost_unweighted,f_359,15,1.0
xgboost_unweighted,f_360,15,1.0
xgboost_unweighted,f_361,15,1.0
xgboost_unweighted,f_362,15,1.0
xgboost_unweighted,f_363,15,1.0
xgboost_unweighted,f_365,15,1.0
xgboost_unweighted,f_366,15,1.0
xgboost_unweighted,f_367,15,1.0
xgboost_unweighted,f_368,15,1.0
xgboost_unweighted,f_376,15,1.0
xgboost_unweighted,f_377,15,1.0
xgboost_unweighted,f_386,15,1.0
xgboost_unweighted,f_387,15,1.0
xgboost_unweighted,f_388,15,1.0
xgboost_unweighted,f_389,15,1.0
xgboost_unweighted,f_390,15,1.0
xgboost_unweighted,f_391,15,1.0
xgboost_unweighted,f_392,15,1.0
xgboost_unweighted,f_393,15,1.0
xgboost_unweighted,f_405,15,1.0
xgboost_unweighted,f_406,15,1.0
xgboost_unweighted,f_407,15,1.0
xgboost_unweighted,f_408,15,1.0
xgboost_unweighted,f_409,15,1.0
xgboost_unweighted,f_410,15,1.0
xgboost_unweighted,f_411,15,1.0
xgboost_unweighted,f_412,15,1.0
xgboost_unweighted,f_413,15,1.0
xgboost_unweighted,f_415,15,1.0
xgboost_unweighted,f_416,15,1.0
xgboost_unweighted,f_417,15,1.0
xgboost_unweighted,f_418,15,1.0
xgboost_unweighted,f_419,15,1.0
xgboost_unweighted,f_420,15,1.0
xgboost_unweighted,f_421,15,1.0
xgboost_unweighted,f_423,15,1.0
xgboost_unweighted,f_424,15,1.0
xgboost_unweighted,f_425,15,1.0
xgboost_unweighted,f_426,15,1.0
xgboost_unweighted,f_427,15,1.0
xgboost_unweighted,f_428,15,1.0
xgboost_unweighted,f_429,15,1.0
xgboost_unweighted,f_430,15,1.0
xgboost_unweighted,f_431,15,1.0
xgboost_unweighted,f_432,15,1.0
xgboost_unweighted,f_433,15,1.0
xgboost_unweighted,f_434,15,1.0
xgboost_unweighted,f_435,15,1.0
xgboost_unweighted,f_436,15,1.0
xgboost_unweighted,f_437,15,1.0
xgboost_unweighted,f_438,15,1.0
xgboost_unweighted,f_439,15,1.0
xgboost_unweighted,f_440,15,1.0
xgboost_unweighted,f_441,15,1.0
xgboost_unweighted,f_442,15,1.0
xgboost_unweighted,f_443,15,1.0
xgboost_unweighted,f_444,15,1.0
xgboost_unweighted,f_445,15,1.0
xgboost_unweighted,f_446,15,1.0
xgboost_unweighted,f_447,15,1.0
xgboost_unweighted,f_448,15,1.0
xgboost_unweighted,f_452,15,1.0
xgboost_unweighted,f_453,15,1.0
xgboost_unweighted,f_454,15,1.0
xgboost_unweighted,f_455,15,1.0
xgboost_unweighted,f_456,15,1.0
xgboost_unweighted,f_457,15,1.0
xgboost_unweighted,f_459,15,1.0
xgboost_unweighted,f_460,15,1.0
xgboost_unweighted,f_467,15,1.0
xgboost_unweighted,f_468,15,1.0
xgboost_unweighted,f_469,15,1.0
xgboost_unweighted,f_470,15,1.0
xgboost_unweighted,f_471,15,1.0
xgboost_unweighted,f_472,15,1.0
xgboost_unweighted,f_473,15,1.0
xgboost_unweighted,f_474,15,1.0
xgboost_unweighted,f_475,15,1.0
xgboost_unweighted,f_476,15,1.0
xgboost_unweighted,f_477,15,1.0
xgboost_unweighted,f_478,12,0.8
xgboost_unweighted,f_479,15,1.0
xgboost_unweighted,f_480,15,1.0
xgboost_unweighted,f_482,15,1.0
xgboost_unweighted,f_483,15,1.0
xgboost_unweighted,f_484,15,1.0
xgboost_unweighted,f_485,15,1.0
xgboost_unweighted,f_486,15,1.0
xgboost_unweighted,f_487,15,1.0
xgboost_unweighted,f_488,15,1.0
xgboost_unweighted,f_489,15,1.0
xgboost_unweighted,f_490,15,1.0
xgboost_unweighted,f_491,15,1.0
xgboost_unweighted,f_493,15,1.0
xgboost_unweighted,f_494,15,1.0
xgboost_unweighted,f_495,15,1.0
xgboost_unweighted,f_496,15,1.0
xgboost_unweighted,f_497,15,1.0
xgboost_unweighted,f_499,15,1.0
xgboost_unweighted,f_500,15,1.0
xgboost_unweighted,f_510,15,1.0
xgboost_unweighted,f_511,15,1.0
xgboost_unweighted,f_520,15,1.0
xgboost_unweighted,f_521,15,1.0
xgboost_unweighted,f_522,15,1.0
xgboost_unweighted,f_523,15,1.0
xgboost_unweighted,f_524,15,1.0
xgboost_unweighted,f_525,15,1.0
xgboost_unweighted,f_526,15,1.0
xgboost_unweighted,f_527,15,1.0
xgboost_unweighted,f_539,15,1.0
xgboost_unweighted,f_540,15,1.0
xgboost_unweighted,f_541,15,1.0
xgboost_unweighted,f_542,15,1.0
xgboost_unweighted,f_543,15,1.0
xgboost_unweighted,f_544,15,1.0
xgboost_unweighted,f_545,15,1.0
xgboost_unweighted,f_546,15,1.0
xgboost_unweighted,f_547,15,1.0
xgboost_unweighted,f_548,15,1.0
xgboost_unweighted,f_549,15,1.0
xgboost_unweighted,f_550,15,1.0
xgboost_unweighted,f_551,15,1.0
xgboost_unweighted,f_552,15,1.0
xgboost_unweighted,f_553,15,1.0
xgboost_unweighted,f_554,15,1.0
xgboost_unweighted,f_555,15,1.0
xgboost_unweighted,f_556,15,1.0
xgboost_unweighted,f_557,15,1.0
xgboost_unweighted,f_558,15,1.0
xgboost_unweighted,f_559,15,1.0
xgboost_unweighted,f_560,15,1.0
xgboost_unweighted,f_561,15,1.0
xgboost_unweighted,f_562,15,1.0
xgboost_unweighted,f_563,15,1.0
xgboost_unweighted,f_564,15,1.0
xgboost_unweighted,f_565,15,1.0
xgboost_unweighted,f_566,15,1.0
xgboost_unweighted,f_567,15,1.0
xgboost_unweighted,f_568,15,1.0
xgboost_unweighted,f_569,15,1.0
xgboost_unweighted,f_570,15,1.0
xgboost_unweighted,f_571,15,1.0
xgboost_unweighted,f_572,15,1.0
xgboost_unweighted,f_573,15,1.0
xgboost_unweighted,f_574,15,1.0
xgboost_unweighted,f_575,15,1.0
xgboost_unweighted,f_576,15,1.0
xgboost_unweighted,f_577,15,1.0
xgboost_unweighted,f_582,15,1.0
xgboost_unweighted,f_583,15,1.0
xgboost_unweighted,f_584,15,1.0
xgboost_unweighted,f_585,15,1.0
xgboost_unweighted,f_586,15,1.0
xgboost_unweighted,f_587,15,1.0
xgboost_unweighted,f_588,15,1.0
xgboost_unweighted,f_589,15,1.0
