row_index,rank,feature,contribution,observed_value
1377,1,f_059,0.023700425531914912,8.9964
1377,2,f_130,-0.015556270096463001,0.6676
1377,3,f_454,-0.011999999999999969,10.5642
1377,4,f_144,0.008000000000000007,0.0824
1377,5,f_281,0.008000000000000007,0.0128
1212,1,f_281,0.015659574468085094,0.0098
1212,2,f_033,-0.011532051282051287,8.2914
1212,3,f_310,-0.008000000000000007,0.2438
1212,4,f_390,-0.007472178060413379,0.4584
1212,5,f_160,-0.0040000000000000036,671.0
907,1,f_127,-0.007526020816653323,1.006
907,2,f_432,-0.004,43.6783
907,3,f_136,0.004,177.2
907,4,f_489,0.004,638.6308
907,5,f_487,0.004,0.0
766,1,f_059,-0.008000000000000021,-1.7136
766,2,f_033,-0.008000000000000021,8.5407
766,3,f_021,0.007999999999999993,-5098.25
766,4,f_307,-0.0077480851063829875,0.115
766,5,f_281,0.007714042553191483,0.0102
600,1,f_217,0.008,0.1327
600,2,f_168,0.008,0.248
600,3,f_021,-0.007901161059839248,-5761.0
600,4,f_273,0.007482553191489362,17.463
600,5,f_377,0.0040000000000000036,0.0017
297,1,f_031,-0.011999999999999983,4.6477
297,2,f_446,-0.01174808510638295,1.0494
297,3,f_103,0.011707234042553222,-0.0051
297,4,f_452,-0.011496012759170643,6.688
297,5,f_488,0.008000000000000007,0.0
820,1,f_366,-0.008,0.003
820,2,f_510,0.008,70.2635
820,3,f_349,0.004234893617021278,0.0363
820,4,f_272,0.0040000000000000036,27.1976
820,5,f_219,0.0040000000000000036,0.0045
500,1,f_021,0.020304567734985166,-5246.75
500,2,f_028,0.011267297412398,63.6889
500,3,f_539,0.008000000000000007,1.3443
500,4,f_007,-0.007999999999999993,0.1247
500,5,f_575,-0.007999999999999993,0.1378
1123,1,f_014,0.007805957446808516,4.7196
1123,2,f_295,0.0075380914194065896,2004.8779
1123,3,f_268,0.0040000000000000036,23.556
1123,4,f_162,0.0040000000000000036,15082.0
1123,5,f_467,0.0040000000000000036,6.4177
1213,1,f_033,-0.02000000000000001,8.322
1213,2,f_103,0.008,-0.0063
1213,3,f_312,-0.008,0.0486
1213,4,f_168,0.007754893617021273,0.217
1213,5,f_510,0.007731063829787242,77.4704
1543,1,f_117,-0.011370212765957451,59.898
1543,2,f_460,-0.008000000000000004,13.4113
1543,3,f_455,-0.007226093402520391,2.4262
1543,4,f_093,-0.0040000000000000036,-0.0008
1543,5,f_560,-0.0040000000000000036,0.3169
1157,1,f_183,0.008000000000000007,15.591
1157,2,f_059,-0.007925410020220167,-1.4355
1157,3,f_184,0.007864496260448758,0.246
1157,4,f_539,0.007741276595744695,3.8656
1157,5,f_043,-0.007683404255319146,365.5291
108,1,f_341,0.026579453072340657,4.0428
108,2,f_103,0.01517347709259291,-0.0075
108,3,f_310,-0.011714042553191473,0.256
108,4,f_455,-0.01141890853189853,2.1206
108,5,f_045,-0.008000000000000007,123.3918
170,1,f_059,0.04799999999999996,17.7927
170,2,f_103,0.023707234042553177,-0.0022
170,3,f_499,-0.016000000000000014,971.9626
170,4,f_030,-0.01200000000000001,0.2489
170,5,f_091,-0.01200000000000001,0.1297
570,1,f_031,-0.01174468085106381,4.6542
570,2,f_059,-0.007999999999999993,-2.0764
570,3,f_539,0.007840707964601762,0.9382
570,4,f_081,0.007734468085106375,0.0
570,5,f_499,-0.004373914990992739,993.722
1134,1,f_489,0.011999999999999983,953.5211
1134,2,f_440,-0.008000000000000007,21.1147
1134,3,f_089,0.007999999999999993,0.1657
1134,4,f_059,-0.007734468085106375,-0.5745
1134,5,f_210,0.007727659574468082,0.2919
1448,1,f_095,-0.008000000000000007,0.0001
1448,2,f_007,-0.008000000000000007,0.0
1448,3,f_417,-0.0075380914194065896,9.755
1448,4,f_238,-0.0042484041529051095,0.0028
1448,5,f_460,0.0040000000000000036,44.8191
216,1,f_031,-0.028047659574468087,4.6686
216,2,f_159,-0.02343829787234042,243.0
216,3,f_103,0.01999999999999999,-0.0066
216,4,f_037,-0.019155744680851072,65.7964
216,5,f_059,0.01895474058019675,18.8673
850,1,f_511,-0.0075623491552695085,772.8814
850,2,f_130,-0.007465531914893613,0.6108
850,3,f_125,-0.006956481673696096,1.532
850,4,f_577,-0.004135503739551256,14.8682
850,5,f_424,-0.004,1.2791
1049,1,f_319,0.008000000000000007,8.8999
1049,2,f_351,-0.008,0.0108
1049,3,f_281,0.0040000000000000036,0.0109
1049,4,f_353,0.0040000000000000036,0.0169
1049,5,f_152,-0.0040000000000000036,0.3621
1477,1,f_213,-0.007052825512703517,0.0226
1477,2,f_010,-0.004,-0.0068
1477,3,f_184,-0.004,0.2226
1477,4,f_076,-0.004,-0.0015
1477,5,f_468,-0.004,941.678
62,1,f_075,-0.007999999999999993,-0.0609
62,2,f_469,-0.007999999999999993,4.4514
62,3,f_202,-0.007679999999999992,4.751
62,4,f_176,0.00734645155759768,0.3867
62,5,f_103,-0.004289361702127653,-0.0057
42,1,f_215,-0.011775319148936175,0.1195
42,2,f_460,-0.011390638297872346,20.9587
42,3,f_488,0.008581091468101473,0.0
42,4,f_333,-0.008251914893617027,4.8977
42,5,f_487,-0.007999999999999993,0.0
628,1,f_064,0.011499574468085104,25.1655
628,2,f_323,0.008,4.4174
628,3,f_207,-0.007999999999999993,12.56
628,4,f_100,0.007744680851063827,0.0012
628,5,f_452,-0.0040000000000000036,4.5357
1156,1,f_351,-0.01178893617021276,0.0111
1156,2,f_477,0.008000000000000007,7.3859
1156,3,f_489,0.008000000000000007,834.3126
1156,4,f_059,0.008000000000000007,3.6536
1156,5,f_125,-0.007999999999999993,1.465
140,1,f_103,0.02232775750062771,-0.0034
140,2,f_064,0.015217732411741819,29.2836
140,3,f_031,-0.01449199045761794,4.6439
140,4,f_065,0.012527821939586625,39.6517
140,5,f_090,-0.008000000000000007,9375.7899
866,1,f_059,0.011727659574468086,6.8491
866,2,f_076,-0.011472340425531913,-0.0065
866,3,f_075,-0.011442596991290577,-0.0379
866,4,f_460,-0.011424960505529227,20.2307
866,5,f_065,0.011407659574468099,13.5705
369,1,f_175,-0.011999999999999997,0.6651
369,2,f_279,0.008,0.0264
369,3,f_181,-0.007812765957446816,0.927
369,4,f_021,0.004797047970479709,-5493.0
369,5,f_033,-0.004265531914893622,8.5266
996,1,f_130,-0.008000000000000007,0.5833
996,2,f_129,-0.008000000000000007,-3.732
996,3,f_105,0.0072602930838328306,0.0105
996,4,f_296,-0.004285957446808514,6782.3588
996,5,f_174,0.0040000000000000036,0.3867
258,1,f_175,-0.008000000000000007,0.6217
258,2,f_033,-0.008000000000000007,8.536
258,3,f_084,-0.008000000000000007,0.1254
258,4,f_488,0.008,0.0
258,5,f_041,0.008,37.88
1033,1,f_577,-0.018560492819466076,18.3953
1033,2,f_129,-0.01200000000000001,-3.119
1033,3,f_510,-0.008000000000000007,28.1843
1033,4,f_059,-0.008000000000000007,-5.4691
1033,5,f_354,-0.007751489361702127,0.0338
355,1,f_547,-0.008,398.274
355,2,f_238,-0.007860854249229415,0.0058
355,3,f_026,0.007761702127659573,2.04
355,4,f_453,-0.007758297872340433,10.2744
355,5,f_454,-0.007496012759170653,11.6768
840,1,f_033,-0.011748085106382984,8.2981
840,2,f_021,0.01168340425531915,-5085.75
840,3,f_028,-0.011466243050039716,75.6778
840,4,f_099,0.008,0.0856
840,5,f_059,0.008,4.4445
1394,1,f_064,0.015768510638297872,26.2591
1394,2,f_129,0.008,0.6623
1394,3,f_423,-0.008,48.4891
1394,4,f_336,-0.007683404255319139,8.1231
1394,5,f_086,-0.007506382978723421,2.3829
1478,1,f_029,0.0040000000000000036,1.9444
1478,2,f_424,0.0040000000000000036,1.5913
1478,3,f_338,0.0040000000000000036,4.1574
1478,4,f_217,0.0040000000000000036,0.2297
1478,5,f_483,-0.004,385.0394
1421,1,f_494,0.0072183567727609164,5.3315
1421,2,f_153,0.004,0.0145
1421,3,f_008,0.004,1.5823
1421,4,f_028,-0.004,74.6667
1421,5,f_310,-0.004,0.2241
195,1,f_183,-0.01604167775117496,15.687
195,2,f_510,0.011595560090235976,95.5975
195,3,f_153,0.008000000000000007,0.0197
195,4,f_202,0.008000000000000007,4.551
195,5,f_000,-0.007999999999999993,3030.17
455,1,f_058,-0.016000000000000007,4.457
455,2,f_056,-0.011999999999999997,0.919
455,3,f_135,-0.008,593.0
455,4,f_224,0.007448510638297871,0.5193
455,5,f_572,0.0040000000000000036,7.19
587,1,f_162,-0.008000000000000007,74.0
587,2,f_033,-0.008000000000000007,8.5459
587,3,f_446,-0.008000000000000007,0.9033
587,4,f_296,0.007999999999999993,4074.5996
587,5,f_488,0.007999999999999993,0.0
1092,1,f_510,-0.008461908580593425,22.2997
1092,2,f_270,0.008000000000000007,18.2466
1092,3,f_028,-0.007999999999999993,75.8
1092,4,f_021,-0.007999999999999993,-5630.25
1092,5,f_078,-0.007999999999999993,0.0235
1090,1,f_510,-0.012000000000000004,20.9709
1090,2,f_129,-0.008627450980392158,-2.08
1090,3,f_095,0.008,0.0001
1090,4,f_008,-0.008,1.3661
1090,5,f_413,-0.003999999999999997,6.814
65,1,f_059,0.02775148936170213,18.8309
65,2,f_103,0.015714042553191476,-0.0064
65,3,f_183,-0.01149601275917067,22.051
65,4,f_390,-0.008000000000000007,1.688
65,5,f_286,-0.008000000000000007,2.4669
1498,1,f_064,0.0116731914893617,26.7227
1498,2,f_295,-0.008,128.3001
1498,3,f_577,-0.008,20.5512
1498,4,f_036,0.0040000000000000036,49.8561
1498,5,f_361,0.0040000000000000036,59.3795
220,1,f_033,-0.024000000000000007,8.5266
220,2,f_310,-0.016,0.2484
220,3,f_103,0.01230389660350617,-0.0007
220,4,f_225,-0.008000000000000007,1837.5996
220,5,f_143,-0.008000000000000007,0.0052
1307,1,f_021,0.015999999999999986,-5070.75
1307,2,f_059,0.015765106382978705,7.1009
1307,3,f_086,-0.008000000000000007,2.3817
1307,4,f_300,-0.008000000000000007,0.1548
1307,5,f_577,-0.007999999999999993,15.1731
537,1,f_317,-0.008000000000000021,0.2793
537,2,f_183,-0.008000000000000007,36.687
537,3,f_341,0.007999999999999993,4.189
537,4,f_040,0.007999999999999993,65.74
537,5,f_336,0.007748085106382974,12.603
1191,1,f_269,0.011175411549932623,7.3173
1191,2,f_059,0.01114357493274254,6.2755
1191,3,f_316,0.008000000000000007,5.0043
1191,4,f_475,0.008000000000000007,4.9857
1191,5,f_455,0.008000000000000007,4.8208
234,1,f_031,-0.019562349155269526,4.645
234,2,f_213,-0.015768510638297872,0.0308
234,3,f_040,0.011751489361702103,14.26
234,4,f_341,0.011472834013902908,3.415
234,5,f_227,-0.008380716934487026,0.012
51,1,f_205,-0.011999999999999997,4.5
51,2,f_446,-0.01186267605633802,0.9126
51,3,f_075,-0.01171744680851064,-0.0447
51,4,f_511,0.008000000000000007,757.8947
51,5,f_032,0.008000000000000007,84.0432
233,1,f_205,0.019499574468085118,15.59
233,2,f_064,0.01472680851063829,30.2673
233,3,f_307,-0.01200000000000001,0.0936
233,4,f_014,0.011410040427429907,5.8573
233,5,f_477,0.011369383092155377,9.8766
572,1,f_563,-0.011999999999999997,0.8106
572,2,f_123,0.008000000000000007,15.96
572,3,f_341,0.008000000000000007,2.9031
572,4,f_445,-0.007999999999999993,0.4387
572,5,f_066,-0.007999999999999993,722.7613
450,1,f_488,0.008,0.0
450,2,f_047,-0.007792340425531917,0.9145
450,3,f_270,-0.007765106382978733,43.4094
450,4,f_107,-0.007754893617021273,0.1126
450,5,f_174,-0.007731063829787228,0.4311
1048,1,f_129,-0.007999999999999997,-3.543
1048,2,f_351,-0.007999999999999997,0.0155
1048,3,f_210,-0.007999999999999997,0.1013
1048,4,f_488,0.007792340425531915,0.0
1048,5,f_317,-0.007679999999999999,0.2406
68,1,f_059,0.020000000000000004,11.6818
68,2,f_103,0.016,-0.007
68,3,f_446,-0.015999999999999986,1.0222
68,4,f_065,0.011999999999999997,38.8044
68,5,f_459,-0.011999999999999983,2.0117
705,1,f_323,-0.007761702127659573,3.9975
705,2,f_331,0.007673191489361707,0.1036
705,3,f_307,-0.007347115017458161,0.0669
705,4,f_055,-0.006998408879724041,2872.0
705,5,f_067,0.0040000000000000036,1.458
390,1,f_125,-0.011472340425531913,1.347
390,2,f_180,-0.008,25.15
390,3,f_386,0.007754893617021273,0.0145
390,4,f_316,-0.00754414125200642,8.6585
390,5,f_569,-0.0040000000000000036,12.9491
1081,1,f_033,-0.011999999999999997,8.1166
1081,2,f_460,-0.008000000000000007,15.0665
1081,3,f_318,-0.008000000000000007,2.0473
1081,4,f_585,0.007896150402864809,9.1037
1081,5,f_488,0.007741276595744681,0.0
621,1,f_585,-0.008000000000000007,1.7063
621,2,f_006,-0.008000000000000007,103.4733
621,3,f_143,-0.0044980047885075855,0.0059
621,4,f_339,0.0040000000000000036,8.6436
621,5,f_541,0.0040000000000000036,14.4719
190,1,f_059,0.023999999999999994,10.0236
190,2,f_033,-0.020268936170212748,8.5155
190,3,f_341,0.018841533971177327,3.8452
190,4,f_445,-0.016000000000000014,0.4788
190,5,f_205,0.01592843902774907,11.65
706,1,f_031,-0.019526020816653326,4.6556
706,2,f_410,-0.008,1.2465
706,3,f_510,0.008,120.603
706,4,f_103,0.007835264030777396,-0.0075
706,5,f_392,-0.007496012759170653,0.0094
798,1,f_423,0.011358668286096552,121.6136
798,2,f_499,-0.007734468085106375,525.523
798,3,f_558,-0.007460317460317445,0.999
798,4,f_311,0.004000000000000017,0.0688
798,5,f_020,0.004000000000000017,1.4327
1,1,f_455,-0.012231489361702111,2.2568
1,2,f_200,-0.011999999999999983,8.02
1,3,f_170,0.008000000000000007,1.0498
1,4,f_324,-0.00799999999999998,23.623
1,5,f_160,-0.00799999999999998,59.0
604,1,f_175,-0.008,0.4616
604,2,f_417,-0.007751489361702127,9.5078
604,3,f_014,0.007538091419406576,4.0524
604,4,f_282,-0.0040000000000000036,0.0036
604,5,f_295,-0.0040000000000000036,271.4693
1437,1,f_568,0.007485957446808508,5.1174
1437,2,f_174,-0.0040000000000000036,0.2023
1437,3,f_472,-0.0040000000000000036,107.5628
1437,4,f_497,-0.0040000000000000036,4.4723
1437,5,f_475,0.004,2.6956
434,1,f_054,-0.011748085106382991,4.896
434,2,f_031,-0.011744680851063852,4.6857
434,3,f_428,0.011714042553191487,5.1301
434,4,f_425,0.007999999999999993,10.7967
434,5,f_045,0.007999999999999993,126.7882
714,1,f_169,-0.008,0.615
714,2,f_224,-0.008,0.0204
714,3,f_333,-0.008,5.1255
714,4,f_443,-0.007385790679908327,0.4253
714,5,f_336,-0.0040000000000000036,7.3376
914,1,f_250,-0.015999999999999986,56.6546
914,2,f_388,-0.008000000000000007,18.5149
914,3,f_365,-0.008000000000000007,0.0032
914,4,f_359,-0.008000000000000007,0.0116
914,5,f_160,-0.008000000000000007,363.0
24,1,f_009,-0.008797047970479713,0.0194
24,2,f_477,-0.008234893617021288,4.0729
24,3,f_275,-0.008000000000000021,0.0356
24,4,f_207,-0.008000000000000021,11.37
24,5,f_310,-0.008000000000000021,0.236
1432,1,f_486,-0.008,770.336
1432,2,f_031,-0.004289361702127653,4.6909
1432,3,f_487,0.004,443.6019
1432,4,f_388,0.004,39.8135
1432,5,f_316,0.004,4.9396
1103,1,f_129,-0.01974127659574467,-2.175
1103,2,f_173,-0.008,0.6637
1103,3,f_308,-0.008,0.2379
1103,4,f_008,-0.00775148936170212,1.3728
1103,5,f_469,-0.007466243050039713,4.6773
837,1,f_428,0.012000000000000004,5.4411
837,2,f_429,0.008,4.5255
837,3,f_030,-0.008,0.1033
837,4,f_475,0.007441702127659565,5.4659
837,5,f_033,-0.006577741923006794,8.3179
345,1,f_510,0.015237631467538926,247.343
345,2,f_214,-0.011871761089152388,0.1023
345,3,f_174,-0.011731063829787225,0.2366
345,4,f_033,-0.011040311567253505,8.3324
345,5,f_417,0.008381372887976593,4.5688
1122,1,f_129,-0.011744680851063831,-3.072
1122,2,f_434,0.008,13.8012
1122,3,f_425,0.0040000000000000036,7.6368
1122,4,f_316,0.0040000000000000036,6.8109
1122,5,f_289,0.0040000000000000036,3.0003
1189,1,f_033,-0.011768510638297876,8.2776
1189,2,f_452,-0.008,6.513
1189,3,f_467,-0.008,1.8493
1189,4,f_081,0.007999999999999997,0.0046
1189,5,f_351,-0.007492765957446808,0.0088
903,1,f_218,0.007737872340425528,1.8106
903,2,f_331,0.006809215592808483,0.1187
903,3,f_037,-0.0040000000000000036,66.1061
903,4,f_354,-0.0040000000000000036,0.0604
903,5,f_125,-0.0040000000000000036,1.617
877,1,f_213,-0.01200000000000001,0.0271
877,2,f_078,-0.007999999999999993,0.0233
877,3,f_137,-0.007999999999999993,51.3
877,4,f_270,0.007369383092155367,25.7213
877,5,f_341,0.0040000000000000036,3.3488
1529,1,f_061,0.011389386448845927,9.5052
1529,2,f_446,0.0073394777960497995,0.8109
1529,3,f_081,0.007052041633306645,-0.0982
1529,4,f_333,0.0040000000000000036,7.2207
1529,5,f_476,0.0040000000000000036,10.145
215,1,f_059,0.016000000000000014,13.7255
215,2,f_019,-0.015218625518319595,12.3741
215,3,f_307,-0.011999999999999983,0.0779
215,4,f_522,-0.011999999999999983,5.9426
215,5,f_445,-0.011748085106382977,0.4182
569,1,f_037,-0.008,66.0928
569,2,f_062,-0.008,113.1591
569,3,f_225,-0.008,2011.7998
569,4,f_022,-0.0077855319148936175,3060.25
569,5,f_175,-0.0077344680851063816,0.5985
1446,1,f_213,-0.008,0.0173
1446,2,f_251,0.008,0.0386
1446,3,f_561,-0.007703829787234044,12.7229
1446,4,f_317,0.007523546099290776,0.241
1446,5,f_588,-0.004292765957446806,0.0029
1057,1,f_351,-0.011768510638297872,0.0082
1057,2,f_324,-0.007999999999999997,6.7584
1057,3,f_377,-0.007999999999999997,0.0017
1057,4,f_213,-0.007999999999999997,0.0165
1057,5,f_129,-0.007788936170212767,-3.779
1162,1,f_488,0.011761702127659576,0.0
1162,2,f_336,-0.008000000000000007,8.0543
1162,3,f_489,0.007999999999999993,934.7518
1162,4,f_010,-0.00425872340425533,-0.0117
1162,5,f_255,-0.004000000000000017,0.2188
96,1,f_103,0.01971404255319148,-0.0052
96,2,f_341,0.019466243050039717,6.1589
96,3,f_075,-0.016000000000000014,-0.0416
96,4,f_205,0.015993191489361708,19.65
96,5,f_065,0.011734468085106392,39.2802
765,1,f_021,-0.012000000000000004,-6489.25
765,2,f_445,-0.011434893617021276,0.5063
765,3,f_031,-0.011328798185941041,4.6657
765,4,f_430,-0.007871761089152392,8.3523
765,5,f_170,-0.007328798185941038,0.5139
1038,1,f_468,-0.008000000000000007,433.9764
1038,2,f_122,0.007999999999999993,3.108
1038,3,f_099,0.007999999999999993,0.0502
1038,4,f_436,0.007792340425531924,1.2925
1038,5,f_455,0.0074840764331210174,4.0691
533,1,f_341,0.015118491422594194,6.5467
533,2,f_205,0.01187538394032471,27.18
533,3,f_031,-0.008000000000000007,4.6661
533,4,f_001,-0.008000000000000007,2357.99
533,5,f_058,-0.008000000000000007,4.4987
1563,1,f_065,0.008000000000000004,31.4027
1563,2,f_361,0.0040000000000000105,52.6728
1563,3,f_123,0.0040000000000000105,15.91
1563,4,f_116,0.0040000000000000105,0.9899
1563,5,f_068,0.0040000000000000105,144.7736
11,1,f_059,0.023508986988116237,25.0836
11,2,f_205,0.011999999999999997,12.1
11,3,f_250,-0.011789247634985164,53.6078
11,4,f_307,-0.01175148936170213,0.1588
11,5,f_183,-0.008000000000000021,36.218
1254,1,f_272,-0.011999999999999997,67.0387
1254,2,f_100,0.011999999999999997,0.0005
1254,3,f_021,0.011462127659574467,-5469.5
1254,4,f_562,-0.008279148936170225,268.058
1254,5,f_348,0.008000000000000007,0.0446
1334,1,f_561,-0.015846221829429977,10.4366
1334,2,f_140,-0.008000000000000007,0.0893
1334,3,f_499,-0.008000000000000007,952.1472
1334,4,f_311,-0.008000000000000007,0.1456
1334,5,f_059,-0.008000000000000007,-4.8873
1453,1,f_477,0.008278437801024122,9.6409
1453,2,f_159,-0.008,190.0
1453,3,f_488,0.00776170212765958,0.0
1453,4,f_213,-0.007519999999999999,0.0338
1453,5,f_497,0.0040000000000000105,19.5166
50,1,f_539,0.011734468085106378,0.8516
50,2,f_059,0.011087403955071448,23.9555
50,3,f_307,-0.011086036671368149,0.0758
50,4,f_445,-0.008265531914893653,0.4958
50,5,f_309,-0.008000000000000007,0.0758
399,1,f_103,0.011999999999999997,-0.0047
399,2,f_031,-0.011418908531898544,4.6759
399,3,f_091,-0.008000000000000021,0.2902
399,4,f_489,0.007999999999999993,704.918
399,5,f_081,0.0077208510638297895,-0.0073
1472,1,f_460,-0.007805957446808506,11.9288
1472,2,f_076,-0.00775489361702127,0.0178
1472,3,f_090,-0.004,7946.64
1472,4,f_188,0.004,26.972
1472,5,f_510,-0.004,52.4053
693,1,f_031,-0.015873573309920987,4.6887
693,2,f_200,-0.008000000000000007,10.35
693,3,f_295,-0.008000000000000007,167.3248
693,4,f_064,0.007707234042553187,24.4482
693,5,f_182,-0.007556270096463036,17.11
320,1,f_059,0.03993993518111463,22.6936
320,2,f_103,0.019828455520139093,-0.0083
320,3,f_341,0.015169247597419971,3.972
320,4,f_210,0.011202952029520291,0.2285
320,5,f_033,-0.008251914893617013,8.531
1385,1,f_134,-0.015717446808510636,43.8116
1385,2,f_428,-0.011765106382978723,9.8811
1385,3,f_577,-0.008,15.1731
1385,4,f_118,-0.008,0.5906
1385,5,f_130,-0.007754893617021277,0.6676
26,1,f_539,0.015697021276595724,1.0297
26,2,f_577,-0.010986431390619694,18.2982
26,3,f_103,-0.008000000000000021,-0.0062
26,4,f_455,0.00799999999999998,4.7225
26,5,f_151,-0.007879000438404227,5.072
553,1,f_213,-0.011999999999999997,0.0276
553,2,f_125,-0.008,1.399
553,3,f_187,-0.008,23.14
553,4,f_033,-0.008,8.5779
553,5,f_561,-0.008,8.5751
712,1,f_033,-0.008,8.4896
712,2,f_018,-0.007717446808510636,194.7522
712,3,f_355,0.00767319148936171,0.0477
712,4,f_288,0.0040000000000000036,0.0063
712,5,f_078,0.0040000000000000036,-0.0475
153,1,f_183,-0.011999999999999997,20.861
153,2,f_088,-0.011737872340425531,1710.6147
153,3,f_248,0.008,0.0376
153,4,f_039,-0.007999999999999993,117.6882
153,5,f_059,0.007294602656171129,15.8609
846,1,f_014,0.011999999999999997,4.7006
846,2,f_030,-0.011748085106382977,0.1351
846,3,f_213,0.01142127659574467,0.1524
846,4,f_446,-0.008000000000000007,1.0277
846,5,f_495,-0.008000000000000007,11.6294
1495,1,f_033,-0.0076086951792428935,8.1605
1495,2,f_213,-0.007319927364922742,0.0127
1495,3,f_410,-0.006960000000000001,1.1911
1495,4,f_323,-0.004,3.8476
1495,5,f_475,-0.004,3.2327
269,1,f_031,-0.01200000000000001,4.6767
269,2,f_208,-0.01168340425531915,119.772
269,3,f_559,-0.008000000000000007,0.9412
269,4,f_287,0.007999999999999993,0.2328
269,5,f_290,0.007999999999999993,0.18
909,1,f_033,-0.007741276595744674,8.3663
909,2,f_130,-0.007568438003220601,0.5812
909,3,f_431,0.007530212765957452,20.6961
909,4,f_021,0.0040000000000000036,-5001.0
909,5,f_336,0.0040000000000000036,10.234
165,1,f_064,0.015999999999999986,27.1636
165,2,f_200,-0.015238892771373386,10.44
165,3,f_343,-0.011700425531914888,3.7071
165,4,f_333,-0.01164595744680852,3.6581
165,5,f_197,-0.00822808510638301,11.2
255,1,f_341,0.012000000000000004,3.544
255,2,f_091,-0.011727659574468079,0.1134
255,3,f_205,0.008,11.02
255,4,f_428,-0.008,5.1301
255,5,f_070,-0.008,634.3027
689,1,f_103,0.023999999999999994,0.0203
689,2,f_489,-0.015734468085106368,0.0
689,3,f_408,-0.008467948717948731,7.5736
689,4,f_428,0.008214468085106369,7.4462
689,5,f_577,-0.00813550373955127,17.3695
752,1,f_477,0.015765106382978733,9.7437
752,2,f_124,-0.015761702127659566,15.63
752,3,f_510,0.01573106382978723,94.8454
752,4,f_017,-0.008000000000000007,0.9586
752,5,f_569,-0.008000000000000007,13.4948
209,1,f_059,0.03598832967915258,20.7782
209,2,f_205,0.03518116852414724,17.29
209,3,f_341,0.032,5.9355
209,4,f_562,-0.020000000000000018,268.766
209,5,f_477,0.019724255319148926,12.0902
1540,1,f_182,-0.015717446808510643,14.93
1540,2,f_059,0.01155020080321284,5.6382
1540,3,f_496,0.007999999999999993,98.4432
1540,4,f_282,0.007999999999999993,0.0022
1540,5,f_488,0.007860854249229401,199.1312
1328,1,f_103,0.03171404255319148,-0.0055
1328,2,f_577,-0.016000000000000014,61.8956
1328,3,f_510,0.015999999999999986,107.5171
1328,4,f_008,-0.015714042553191532,1.3719
1328,5,f_455,-0.01200000000000001,2.8151
242,1,f_059,0.03149003984063742,12.1609
242,2,f_103,0.016151943462897528,-0.007
242,3,f_064,0.015965957446808482,27.8391
242,4,f_527,-0.01200000000000001,9.2517
242,5,f_333,-0.011744680851063838,5.2441
1486,1,f_162,0.008,24315.0
1486,2,f_130,-0.008,0.6289
1486,3,f_139,-0.007758297872340426,717.9661
1486,4,f_488,0.007507987220447286,0.0
1486,5,f_214,0.0040000000000000036,0.0948
149,1,f_343,-0.01573106382978723,3.8384
149,2,f_103,0.011479148936170233,-0.0073
149,3,f_488,0.011411063829787238,0.0
149,4,f_333,-0.008248510638297901,4.5992
149,5,f_065,0.008000000000000007,49.0237
730,1,f_490,0.004,31.2791
730,2,f_188,-0.004,22.999
730,3,f_563,-0.004,0.8303
730,4,f_474,0.004,20.8591
730,5,f_409,0.004,1.5528
1411,1,f_033,0.010876730757639681,8.3675
1411,2,f_056,-0.008000000000000007,0.9175
1411,3,f_021,0.007717446808510636,-5313.75
1411,4,f_041,0.006876730757639678,1.582
1411,5,f_467,-0.0040000000000000036,2.4264
1175,1,f_488,0.011999999999999997,0.0
1175,2,f_218,0.008000000000000007,2.3302
1175,3,f_129,-0.007999999999999993,-2.222
1175,4,f_320,0.007862676056338044,0.0682
1175,5,f_078,0.006995143033937834,0.0011
1565,1,f_200,-0.008,9.49
1565,2,f_130,-0.007748085106382977,0.655
1565,3,f_452,-0.0075441412520064165,7.1859
1565,4,f_510,0.007349491790461302,78.4993
1565,5,f_577,-0.004,19.2104
1034,1,f_002,-0.008,2153.9778
1034,2,f_353,0.007731063829787242,0.0131
1034,3,f_294,-0.004090272805733798,167.9134
1034,4,f_134,0.0040000000000000105,43.3282
1034,5,f_477,0.0040000000000000105,6.5737
246,1,f_031,-0.023918511957484505,4.6613
246,2,f_059,0.015700425531914898,14.4382
246,3,f_417,-0.01199999999999999,9.5121
246,4,f_510,0.008000000000000007,73.5254
246,5,f_115,-0.007999999999999986,795.6297
816,1,f_028,-0.007758297872340426,74.0111
816,2,f_585,0.0076510440198860885,7.7901
816,3,f_033,-0.0040000000000000036,8.2395
816,4,f_277,-0.0040000000000000036,2.8257
816,5,f_129,-0.0040000000000000036,-1.135
817,1,f_304,-0.008,0.2116
817,2,f_279,0.008,0.0261
817,3,f_354,0.007807088901801283,0.1344
817,4,f_076,-0.007754893617021273,-0.0016
817,5,f_130,0.007034160579235907,0.6697
1351,1,f_033,-0.016,8.2061
1351,2,f_455,-0.008,1.93
1351,3,f_300,-0.007853550948389944,0.2636
1351,4,f_035,-0.0040000000000000036,64.4522
1351,5,f_200,-0.0040000000000000036,15.5
792,1,f_213,-0.008,0.0257
792,2,f_028,-0.008,72.4333
792,3,f_377,-0.008,0.0017
792,4,f_446,-0.008,0.9992
792,5,f_200,-0.008,9.37
1166,1,f_059,-0.008126426690079014,-1.9382
1166,2,f_123,-0.008000000000000007,15.73
1166,3,f_561,-0.007496012759170653,13.7863
1166,4,f_321,-0.0040000000000000036,0.6802
1166,5,f_121,-0.0040000000000000036,15.73
893,1,f_035,-0.014968940887861493,64.4228
893,2,f_351,-0.01178893617021276,0.0124
893,3,f_282,0.007873573309920973,0.0017
893,4,f_496,0.007731063829787235,124.9075
893,5,f_408,-0.0077208510638297895,8.8319
876,1,f_351,-0.02334495830174374,0.0098
876,2,f_205,-0.011857205817540767,4.83
876,3,f_563,-0.01171744680851064,0.8979
876,4,f_499,-0.008000000000000007,540.0
876,5,f_215,-0.008000000000000007,0.1233
1003,1,f_317,-0.008000000000000004,0.211
1003,2,f_130,-0.004521877486077963,0.6304
1003,3,f_431,-0.0040000000000000036,2.5228
1003,4,f_177,-0.0040000000000000036,1.026
1003,5,f_213,-0.0040000000000000036,0.0271
283,1,f_059,0.027499574468085097,23.7109
283,2,f_469,-0.011999999999999983,4.742
283,3,f_302,-0.011999999999999983,0.2667
283,4,f_125,-0.008268936170212751,1.569
283,5,f_307,-0.0068375260330702375,0.0887
146,1,f_031,-0.01976510638297871,4.6681
146,2,f_341,0.01951659574468085,3.2989
146,3,f_252,-0.01200000000000001,5.1503
146,4,f_159,-0.008000000000000007,241.0
146,5,f_469,-0.008000000000000007,4.5313
1491,1,f_454,-0.01153702127659574,12.9571
1491,2,f_479,-0.007690212765957445,1.3322
1491,3,f_541,0.004,6.214
1491,4,f_075,0.004,-0.024
1491,5,f_577,0.004,19.2104
557,1,f_033,-0.01537927180101887,8.3324
557,2,f_366,-0.008,0.0059
557,3,f_306,0.008,0.1041
557,4,f_056,-0.0076336633663366335,0.9236
557,5,f_409,0.0040000000000000036,2.0657
232,1,f_064,0.027119095191931536,32.0473
232,2,f_065,0.01999999999999999,38.5498
232,3,f_214,-0.015707234042553225,0.1142
232,4,f_477,0.015369383092155381,10.8564
232,5,f_076,-0.012248510638297877,0.0313
1314,1,f_563,-0.008,0.8112
1314,2,f_175,-0.008,0.6776
1314,3,f_019,-0.008,9.8773
1314,4,f_140,-0.007768510638297879,0.0522
1314,5,f_099,0.0077344680851063816,0.0828
58,1,f_152,0.023244255319148893,4.5412
58,2,f_075,-0.02321361702127661,-0.0578
58,3,f_287,0.011886993101253351,1.3642
58,4,f_059,0.008248510638297846,15.9527
58,5,f_310,-0.008000000000000007,0.2561
342,1,f_103,0.01951398880895283,-0.0072
342,2,f_316,-0.01619918295026268,8.067
342,3,f_510,0.008000000000000007,76.6551
342,4,f_250,-0.007999999999999993,61.7571
342,5,f_090,-0.00775489361702128,9064.1301
549,1,f_202,-0.0077719148936170115,4.745
549,2,f_205,-0.007532051282051276,5.07
549,3,f_523,0.007472178060413358,0.0306
549,4,f_577,-0.007472178060413344,17.9606
549,5,f_561,-0.003999999999999997,8.3522
116,1,f_059,0.016000000000000014,24.2918
116,2,f_469,-0.011765106382978716,3.8603
116,3,f_577,0.008000000000000014,9.8559
116,4,f_214,-0.007999999999999993,0.1051
116,5,f_175,-0.007999999999999993,0.6467
175,1,f_031,-0.023587394084433305,4.6761
175,2,f_341,0.019182349134331034,3.2699
175,3,f_103,0.01916255319148938,-0.0019
175,4,f_059,0.00841928692044197,27.7282
175,5,f_227,-0.008000000000000007,0.0135
1361,1,f_059,-0.012041244791232544,-5.68
1361,2,f_125,-0.01200000000000001,1.376
1361,3,f_459,-0.008000000000000007,1.4704
1361,4,f_488,-0.007720851063829803,961.9048
1361,5,f_065,0.007438297872340405,37.8425
1152,1,f_213,-0.011854674008549504,0.021
1152,2,f_351,-0.011744680851063824,0.0101
1152,3,f_296,-0.008000000000000007,4245.4823
1152,4,f_058,-0.008000000000000007,4.5077
1152,5,f_129,-0.008000000000000007,-2.647
435,1,f_059,0.03927982111397206,14.7345
435,2,f_445,-0.016000000000000014,0.5355
435,3,f_064,0.011751489361702117,25.2655
435,4,f_227,-0.008000000000000007,0.0104
435,5,f_275,-0.008000000000000007,0.0218
183,1,f_103,0.026942061219647206,-0.0047
183,2,f_075,-0.012000000000000038,-0.0344
183,3,f_510,0.011532051282051287,86.7725
183,4,f_459,-0.011364527046599238,2.2858
183,5,f_488,-0.008000000000000007,782.7027
795,1,f_127,-0.0040000000000000036,0.788
795,2,f_542,-0.0040000000000000036,0.1143
795,3,f_522,-0.0040000000000000036,4.2135
795,4,f_294,-0.0040000000000000036,134.9975
795,5,f_075,-0.0040000000000000036,-0.0178
1225,1,f_059,0.01975148936170215,4.1591
1225,2,f_268,0.008000000000000007,22.328
1225,3,f_336,0.008000000000000007,13.2979
1225,4,f_207,-0.008000000000000007,23.46
1225,5,f_091,-0.008000000000000007,-0.0377
946,1,f_294,0.007492765957446804,133.7672
946,2,f_125,-0.0040000000000000036,1.739
946,3,f_412,-0.0040000000000000036,23.1049
946,4,f_024,-0.0040000000000000036,-11532.25
946,5,f_140,-0.0040000000000000036,3.225
1442,1,f_577,-0.012000000000000004,16.9589
1442,2,f_056,0.011720851063829786,0.9332
1442,3,f_549,-0.0040000000000000036,0.8552
1442,4,f_035,-0.0040000000000000036,64.415
1442,5,f_448,-0.0040000000000000036,0.0873
264,1,f_031,-0.028282553191489354,4.7112
264,2,f_059,0.01918638297872341,18.63
264,3,f_428,0.008000000000000007,3.8409
264,4,f_078,-0.007999999999999993,-0.0928
264,5,f_571,-0.007768510638297865,2.3553
1236,1,f_510,0.015482553191489348,76.1221
1236,2,f_333,0.01178893617021276,7.8184
1236,3,f_183,-0.008000000000000007,20.297
1236,4,f_489,-0.008000000000000007,0.0
1236,5,f_377,0.007999999999999993,0.0018
1229,1,f_021,0.015441702127659565,-5215.5
1229,2,f_183,-0.011999999999999997,16.446
1229,3,f_182,-0.008,15.52
1229,4,f_187,-0.00730631034364615,11.93
1229,5,f_455,-0.0042314893617021315,2.1806
44,1,f_064,0.0239508423340922,31.6955
44,2,f_059,0.016000000000000042,8.3045
44,3,f_510,0.015353191489361706,76.8946
44,4,f_225,-0.012758364312267678,2080.8999
44,5,f_392,-0.01200000000000001,0.0084
449,1,f_255,-0.015472178060413344,0.6329
449,2,f_577,-0.011999999999999997,22.631
449,3,f_341,0.011748085106382984,3.169
449,4,f_587,0.008000000000000007,0.0355
449,5,f_007,-0.00799999999999998,0.1243
1316,1,f_405,0.01141787234042553,0.0076
1316,2,f_282,0.011199999999999995,0.0099
1316,3,f_539,0.010981140192534197,0.9627
1316,4,f_027,-0.008000000000000007,7.3317
1316,5,f_182,-0.0077072340425531904,15.41
31,1,f_175,-0.01200000000000001,0.6817
31,2,f_510,0.011864496260448734,59.4595
31,3,f_075,-0.011328798185941041,-0.0404
31,4,f_059,0.008620428234956734,13.1482
31,5,f_153,-0.008000000000000007,0.0213
1315,1,f_344,-0.008000000000000007,46.2632
1315,2,f_272,-0.008000000000000007,59.807
1315,3,f_062,-0.008000000000000007,130.4936
1315,4,f_199,0.007999999999999993,25.55
1315,5,f_488,0.007999999999999993,0.0
1005,1,f_577,-0.016000000000000007,96.9601
1005,2,f_455,0.008,4.3292
1005,3,f_035,-0.008,64.3447
1005,4,f_021,0.008,-5187.75
1005,5,f_129,-0.007788936170212764,-2.93
1424,1,f_078,-0.008000000000000004,0.0127
1424,2,f_571,-0.004,1.4106
1424,3,f_161,-0.004,693.0
1424,4,f_215,-0.004,0.1239
1424,5,f_323,-0.004,4.3203
465,1,f_033,-0.023328798185941045,8.3324
465,2,f_341,-0.008,2.8448
465,3,f_295,-0.008,158.3098
465,4,f_080,-0.008,0.0836
465,5,f_305,0.007751489361702127,0.3511
41,1,f_019,-0.008000000000000007,12.4222
41,2,f_485,-0.007751489361702127,0.0
41,3,f_460,-0.007700425531914884,17.6569
41,4,f_103,0.007489361702127648,-0.0077
41,5,f_180,-0.004309787234042559,22.25
1431,1,f_483,-0.008000000000000007,0.0
1431,2,f_488,0.008,0.0
1431,3,f_065,0.007741276595744674,34.4785
1431,4,f_489,-0.0040000000000000105,471.1044
1431,5,f_187,-0.0040000000000000105,14.31
459,1,f_103,0.015021084358439823,-0.0078
459,2,f_130,-0.011690212765957456,0.6556
459,3,f_510,0.01157536591068506,77.707
459,4,f_499,-0.008000000000000007,817.0213
459,5,f_287,0.007778723404255318,0.2465
130,1,f_075,-0.020000000000000004,-0.0425
130,2,f_333,-0.01200000000000001,4.3306
130,3,f_059,0.011292295194379076,15.7936
130,4,f_390,-0.008000000000000007,1.4381
130,5,f_541,-0.007999999999999993,6.7186
709,1,f_310,-0.027720079465774317,0.222
709,2,f_059,0.024276925969058186,16.6491
709,3,f_103,0.0191466478533652,-0.008
709,4,f_204,-0.011472340425531913,0.9009
709,5,f_477,0.01123588106928533,12.4472
461,1,f_014,0.011999999999999983,2.9193
461,2,f_550,0.007999999999999993,13.11
461,3,f_333,0.007869947275922662,6.3776
461,4,f_091,-0.007703829787234051,-0.0246
461,5,f_007,-0.007599029911075195,0.1256
104,1,f_310,-0.015436708860759492,0.256
104,2,f_090,-0.008,8246.59
104,3,f_208,-0.007768510638297865,124.799
104,4,f_079,-0.0075805693887459474,0.0725
104,5,f_124,-0.007336866010598027,15.68
1345,1,f_059,0.02625883077208673,5.17
1345,2,f_033,-0.01586267605633805,8.2061
1345,3,f_417,0.007999999999999993,5.5611
1345,4,f_455,-0.007768510638297893,2.1706
1345,5,f_539,0.007744680851063834,0.9972
1031,1,f_125,-0.008000000000000007,1.418
1031,2,f_281,0.008,0.0114
1031,3,f_066,-0.007414468085106388,715.7954
1031,4,f_091,0.004073042991595693,0.1479
1031,5,f_120,-0.0040000000000000036,6.3604
713,1,f_075,-0.0040000000000000036,-0.0441
713,2,f_563,-0.0040000000000000036,0.8327
713,3,f_522,-0.0040000000000000036,9.7869
713,4,f_446,-0.0040000000000000036,1.0821
713,5,f_201,-0.0040000000000000036,3.09
652,1,f_103,0.023482553191489355,-0.0063
652,2,f_021,0.01579914893617021,-4621.0
652,3,f_003,-0.008000000000000007,880.2317
652,4,f_287,-0.008000000000000007,0.3387
652,5,f_033,-0.008000000000000007,8.5288
1097,1,f_213,-0.01175148936170213,0.017
1097,2,f_091,-0.008000000000000007,0.1019
1097,3,f_103,0.008,-0.0144
1097,4,f_477,0.008,6.4921
1097,5,f_499,-0.007761702127659573,720.8122
1242,1,f_103,0.01919187286632143,-0.0057
1242,2,f_021,0.01200000000000001,-5333.0
1242,3,f_223,-0.011754893617021284,70.627
1242,4,f_169,-0.011748085106382977,0.698
1242,5,f_124,0.011710638297872361,16.07
1439,1,f_432,-0.007526020816653316,40.5447
1439,2,f_121,-0.00712375533428165,15.71
1439,3,f_317,-0.0048571428571428585,0.2506
1439,4,f_037,-0.004,66.0584
1439,5,f_227,-0.004,0.0102
1140,1,f_446,-0.008,0.9829
1140,2,f_443,-0.007999999999999993,0.4642
1140,3,f_316,0.007717446808510643,2.7882
1140,4,f_438,-0.007717446808510636,28.9157
1140,5,f_500,0.007507987220447286,994.7826
1004,1,f_119,-0.007903657448706514,0.9788
1004,2,f_563,-0.004,0.838
1004,3,f_103,-0.004,-0.0119
1004,4,f_017,-0.004,0.9595
1004,5,f_216,0.004,0.0984
1552,1,f_460,0.008000000000000014,10.9048
1552,2,f_317,-0.007999999999999986,0.2396
1552,3,f_339,0.007775319148936172,11.9491
1552,4,f_033,-0.004115744680851054,8.1605
1552,5,f_572,-0.0040000000000000036,5.83
928,1,f_122,-0.008,6.355
928,2,f_033,-0.007999999999999993,8.3436
928,3,f_059,0.007851721094439539,6.25
928,4,f_146,0.007851721094439539,0.0396
928,5,f_130,-0.00775489361702128,0.5638
48,1,f_341,0.011744680851063831,5.6218
48,2,f_205,0.011560851063829786,19.73
48,3,f_307,-0.011086036671368135,0.0758
48,4,f_213,-0.008382495948136157,0.0208
48,5,f_036,-0.007999999999999993,42.3337
527,1,f_002,-0.008,2124.8444
527,2,f_175,-0.008,0.5985
527,3,f_025,0.007448510638297878,0.9857
527,4,f_324,-0.007324784397722779,24.5707
527,5,f_091,-0.004258723404255316,0.0746
967,1,f_129,-0.007999999999999993,-3.591
967,2,f_239,-0.0040000000000000036,0.0057
967,3,f_207,-0.0040000000000000036,13.65
967,4,f_408,-0.0040000000000000036,7.5658
967,5,f_335,-0.0040000000000000036,1.5916
535,1,f_205,0.020000000000000004,13.57
535,2,f_270,0.016,23.2572
535,3,f_059,0.01200000000000001,3.1382
535,4,f_252,-0.008000000000000007,1.9069
535,5,f_586,-0.008000000000000007,-0.0012
828,1,f_045,0.011576477645515046,153.43
828,2,f_446,-0.010911078524864372,0.9938
828,3,f_027,0.008,7.3373
828,4,f_051,0.008,231.561
828,5,f_316,0.007717446808510636,4.5792
1354,1,f_056,-0.011778723404255315,0.9168
1354,2,f_405,0.008,0.0101
1354,3,f_523,0.007441702127659572,3.8191
1354,4,f_223,-0.0040000000000000105,206.0121
1354,5,f_098,-0.0040000000000000105,0.86
726,1,f_341,-0.011785531914893616,3.4869
726,2,f_025,-0.007999999999999998,1.0088
726,3,f_343,-0.007999999999999998,2.7805
726,4,f_136,0.004,77.2
726,5,f_051,0.004,231.656
1370,1,f_175,-0.012000000000000004,0.6553
1370,2,f_091,-0.008,0.1398
1370,3,f_561,-0.008,12.2248
1370,4,f_479,-0.007838866755201415,2.0012
1370,5,f_061,-0.007272999252056843,10.5591
1294,1,f_405,0.016000000000000056,0.0062
1294,2,f_121,0.014811823192700219,16.07
1294,3,f_539,0.01472078462390261,0.9362
1294,4,f_075,0.008000000000000035,0.0133
1294,5,f_021,0.008000000000000035,-5400.25
630,1,f_202,-0.008,5.892
630,2,f_457,-0.008,2.575
630,3,f_022,-0.008,2943.5
630,4,f_268,-0.007073479037004872,35.267
630,5,f_103,0.004151943462897531,-0.008
268,1,f_059,0.024000000000000007,14.0382
268,2,f_103,0.019703829787234048,-0.0084
268,3,f_310,-0.015565763647631042,0.255
268,4,f_131,-0.01200000000000001,0.9948
268,5,f_181,-0.01200000000000001,0.965
844,1,f_103,0.020000000000000018,-0.0079
844,2,f_033,-0.015731063829787215,8.5407
844,3,f_196,-0.00799999999999998,3.28
844,4,f_084,0.0077685106382979,0.127
844,5,f_351,-0.007272999252056822,0.0039
1204,1,f_078,-0.011999999999999997,0.0134
1204,2,f_129,-0.011707234042553194,-2.789
1204,3,f_252,-0.008000000000000007,1.7199
1204,4,f_431,-0.008000000000000007,1.627
1204,5,f_298,-0.008000000000000007,0.0364
1259,1,f_577,-0.01175148936170213,60.1633
1259,2,f_121,0.008,16.02
1259,3,f_132,0.008,2.1919
1259,4,f_008,-0.007999999999999993,1.3873
1259,5,f_563,-0.007999999999999993,0.8173
366,1,f_059,0.016010212765957446,6.3436
366,2,f_048,-0.008000000000000007,146.0945
366,3,f_214,-0.004503987240829357,0.1936
366,4,f_131,-0.004000000000000017,1.009
366,5,f_446,-0.004000000000000017,1.0048
1184,1,f_118,-0.011717446808510647,0.6071
1184,2,f_317,-0.008,0.2055
1184,3,f_571,0.008,2.22
1184,4,f_065,0.008,40.4031
1184,5,f_469,-0.00771404255319149,4.498
1095,1,f_479,-0.012000000000000004,2.4191
1095,2,f_296,-0.008,244.4945
1095,3,f_021,0.008,-5404.0
1095,4,f_017,0.0040000000000000036,0.9794
1095,5,f_055,0.0040000000000000036,2877.0
1528,1,f_059,0.008000000000000007,4.4209
1528,2,f_182,-0.007465531914893624,15.64
1528,3,f_569,0.0040000000000000036,45.6547
1528,4,f_541,0.0040000000000000036,6.401
1528,5,f_523,0.0040000000000000036,0.0802
1239,1,f_497,-0.008000000000000007,6.9173
1239,2,f_116,0.007999999999999993,0.9887
1239,3,f_317,-0.007679999999999992,0.2228
1239,4,f_102,-0.007568438003220615,0.0095
1239,5,f_081,0.004073527164672117,0.0187
397,1,f_125,-0.015782127659574458,1.347
397,2,f_477,0.015431489361702147,11.173
397,3,f_014,-0.011778723404255315,11.9853
397,4,f_317,-0.011507987220447269,0.2521
397,5,f_510,0.008000000000000007,55.0607
17,1,f_103,0.014951800826474508,-0.0066
17,2,f_033,-0.008,8.5762
17,3,f_078,0.007744680851063834,-0.3482
17,4,f_200,-0.004255319148936169,11.45
17,5,f_500,0.0040000000000000036,927.4576
1205,1,f_213,-0.01947217806041336,0.0124
1205,2,f_351,-0.015717446808510643,0.0063
1205,3,f_129,-0.008000000000000007,-3.072
1205,4,f_355,0.007999999999999993,0.0151
1205,5,f_091,0.0076166605360693945,0.1278
899,1,f_059,0.027992227397049624,5.7945
899,2,f_086,-0.011734468085106392,2.3828
899,3,f_475,0.008000000000000007,4.9074
899,4,f_250,-0.007999999999999993,56.6223
899,5,f_135,-0.007999999999999993,173.0
112,1,f_075,-0.016000000000000014,-0.0785
112,2,f_250,-0.015836126501410364,47.786
112,3,f_287,0.01200000000000001,0.2971
112,4,f_103,0.011691248957430456,-0.0066
112,5,f_446,-0.010303770029358783,0.9577
530,1,f_059,0.011748085106382984,3.43
530,2,f_023,0.008000000000000021,-6286.75
530,3,f_425,-0.007999999999999993,2.6543
530,4,f_587,0.0077480851063829875,0.0299
530,5,f_452,0.007407407407407404,4.3925
364,1,f_434,0.011999999999999997,14.4158
364,2,f_175,-0.011499574468085125,0.6545
364,3,f_021,0.008466735490368874,-5319.25
364,4,f_323,-0.008000000000000007,2.8649
364,5,f_214,-0.008000000000000007,0.1999
754,1,f_205,0.0228092437523075,16.4
754,2,f_571,-0.01185355094838994,2.407
754,3,f_354,0.011566014855406731,0.0561
754,4,f_473,-0.007999999999999993,14.8467
754,5,f_522,-0.007999999999999993,4.994
1032,1,f_021,0.011441702127659562,-5181.75
1032,2,f_281,0.007999999999999993,0.0111
1032,3,f_324,-0.007734468085106375,6.3303
1032,4,f_304,-0.0040000000000000036,0.2011
1032,5,f_320,-0.0040000000000000036,0.0198
708,1,f_048,0.010722142538312746,151.9255
708,2,f_075,-0.008,-0.0398
708,3,f_006,-0.008,107.17
708,4,f_477,0.008,11.1753
708,5,f_275,-0.008,0.0389
1148,1,f_033,-0.011731063829787232,8.2776
1148,2,f_297,0.00736022809481255,0.0
1148,3,f_333,-0.004734876773711726,4.8941
1148,4,f_363,0.0040000000000000036,275.3786
1148,5,f_586,0.0040000000000000036,0.0275
189,1,f_103,0.039196595744680846,-0.0054
189,2,f_059,0.019999999999999976,21.7573
189,3,f_183,-0.01200000000000001,16.346
189,4,f_510,0.011532051282051259,171.1628
189,5,f_250,-0.008000000000000007,55.2815
460,1,f_130,-0.022854205806733377,0.6556
460,2,f_103,0.019225339677588757,-0.0082
460,3,f_576,-0.007999999999999993,1.4934
460,4,f_561,-0.007999999999999993,13.6884
460,5,f_425,0.007860854249229415,9.1278
666,1,f_095,0.007448494453248813,0.0001
666,2,f_571,0.007424960505529224,2.2723
666,3,f_029,-0.00736121673003802,2.8444
666,4,f_296,-0.0040000000000000036,14954.1704
666,5,f_207,-0.0040000000000000036,15.61
1367,1,f_460,-0.008,21.7939
1367,2,f_200,-0.007568438003220615,10.89
1367,3,f_350,-0.0041427941824592335,0.0113
1367,4,f_071,0.0040000000000000036,203.129
1367,5,f_488,0.0040000000000000036,0.0
531,1,f_031,-0.011202952029520298,4.656
531,2,f_089,0.007690212765957452,0.148
531,3,f_286,-0.004569169960474309,2.1095
531,4,f_161,-0.0040000000000000036,1617.0
531,5,f_103,-0.0040000000000000036,-0.0147
1027,1,f_033,-0.020000000000000004,8.1161
1027,2,f_008,-0.016,1.365
1027,3,f_316,0.008000000000000007,4.8051
1027,4,f_510,-0.007999999999999993,24.5059
1027,5,f_102,0.00799999999999998,-0.0173
725,1,f_205,0.007788936170212771,13.74
725,2,f_182,-0.007765106382978726,14.85
725,3,f_028,0.007496012759170653,67.2444
725,4,f_317,0.00721835677276092,0.2095
725,5,f_549,-0.004027234042553188,2.896
627,1,f_202,-0.008000000000000007,5.14
627,2,f_540,0.008,3.4897
627,3,f_103,0.00754414125200642,-0.0088
627,4,f_268,-0.007509700205685435,35.267
627,5,f_452,0.00736121673003802,4.8066
868,1,f_333,0.008000000000000007,7.424
868,2,f_273,-0.007748085106382974,16.7877
868,3,f_336,0.007703829787234051,9.8671
868,4,f_212,-0.0040000000000000036,0.0848
868,5,f_020,-0.0040000000000000036,1.4223
1037,1,f_081,0.008006808510638293,0.0116
1037,2,f_488,0.0043397143967688,0.0
1037,3,f_365,0.0040000000000000036,0.0082
1037,4,f_091,0.0040000000000000036,0.1215
1037,5,f_572,0.0040000000000000036,436.52
21,1,f_054,-0.008000000000000007,4.94
21,2,f_003,-0.008000000000000007,962.5317
21,3,f_021,0.007999999999999986,-5434.0
21,4,f_279,0.0077582978723404195,0.0215
21,5,f_076,-0.00775489361702128,0.0054
1209,1,f_455,-0.008000000000000007,2.4612
1209,2,f_446,-0.008000000000000007,1.0307
1209,3,f_333,-0.007670331795863711,7.3491
1209,4,f_291,0.007372549019607842,0.0586
1209,5,f_317,-0.0041903026670662286,0.2799
1412,1,f_033,-0.011999999999999997,8.3267
1412,2,f_252,-0.007999999999999993,1.5603
1412,3,f_075,-0.007724255319148929,-0.0355
1412,4,f_548,0.0069443561208267085,71.2
1412,5,f_254,0.0040000000000000036,0.0218
707,1,f_341,0.011454401268834263,4.4696
707,2,f_510,-0.008,58.2659
707,3,f_333,0.007869947275922669,7.1372
707,4,f_496,-0.007460317460317466,9.2193
707,5,f_116,-0.003999999999999997,0.9908
959,1,f_287,0.007737872340425528,0.332
959,2,f_124,-0.007369383092155367,15.7
959,3,f_572,-0.0040000000000000036,10.19
959,4,f_360,-0.0040000000000000036,0.0021
959,5,f_563,-0.0040000000000000036,0.8154
1336,1,f_527,0.008,4.6217
1336,2,f_558,-0.00786267605633801,0.9274
1336,3,f_336,-0.007771914893617025,7.5909
1336,4,f_564,-0.004238297872340431,12.04
1336,5,f_368,-0.004153778170570034,0.0019
154,1,f_031,-0.023288855807821196,4.7036
154,2,f_059,0.01960905520011904,26.7745
154,3,f_103,0.011700425531914901,-0.006
154,4,f_455,-0.011265130361328493,2.353
154,5,f_459,-0.00828255319148935,1.4895
1353,1,f_006,-0.012000000000000004,116.8167
1353,2,f_475,0.008,2.6701
1353,3,f_075,-0.008,-0.0298
1353,4,f_184,0.007864496260448745,0.2468
1353,5,f_573,-0.007768510638297879,1.2571
1116,1,f_216,0.01534473825966208,0.1639
1116,2,f_214,0.007999999999999993,0.0338
1116,3,f_316,0.007999999999999993,5.1178
1116,4,f_034,0.007768510638297865,50.8216
1116,5,f_058,-0.007680000000000006,4.4779
1231,1,f_281,0.011659574468085104,0.0104
1231,2,f_033,-0.008000000000000007,8.322
1231,3,f_218,0.007999999999999993,2.0832
1231,4,f_143,0.007999999999999993,0.0028
1231,5,f_417,-0.007751489361702127,20.2193
1142,1,f_499,-0.008000000000000007,720.9486
1142,2,f_183,-0.007906147906147909,19.238
1142,3,f_063,0.007768510638297865,22.2982
1142,4,f_316,-0.007765106382978726,7.4353
1142,5,f_021,0.007442596991290573,-5357.5
23,1,f_059,0.012473979183346695,18.3936
23,2,f_015,-0.01200000000000001,434.7942
23,3,f_075,-0.011751489361702144,-0.0665
23,4,f_165,0.011195376870930945,3.043
23,5,f_202,0.008000000000000035,5.553
751,1,f_059,0.015492765957446808,4.1464
751,2,f_124,-0.011778723404255315,15.63
751,3,f_510,0.011737872340425531,62.7054
751,4,f_030,-0.00824510638297872,0.1143
751,5,f_377,-0.008000000000000007,0.0024
25,1,f_460,-0.01546624305003974,18.1568
25,2,f_019,-0.01200000000000001,12.4222
25,3,f_213,-0.008178587015821082,0.0213
25,4,f_200,-0.008000000000000007,11.35
25,5,f_195,-0.008000000000000007,0.238
1433,1,f_488,0.011686697057604643,0.0
1433,2,f_183,-0.007538091419406576,16.639
1433,3,f_352,-0.004313302942395354,0.0128
1433,4,f_475,0.0040000000000000036,3.2895
1433,5,f_281,0.0040000000000000036,0.0119
973,1,f_125,-0.008237851437727747,1.909
973,2,f_130,-0.008128238910847602,0.5949
973,3,f_351,-0.008,0.0128
973,4,f_129,-0.007868131868131865,-3.591
973,5,f_144,0.0040000000000000036,0.0663
383,1,f_281,0.008008618709895304,0.0103
383,2,f_079,-0.008000000000000021,0.0317
383,3,f_076,-0.008000000000000021,-0.0086
383,4,f_452,-0.008000000000000021,5.9822
383,5,f_453,-0.008000000000000021,11.2822
811,1,f_270,0.0040000000000000036,26.7157
811,2,f_434,0.0040000000000000036,15.7824
811,3,f_139,0.0040000000000000036,1079.6809
811,4,f_146,0.0040000000000000036,0.0424
811,5,f_071,0.0040000000000000036,126.9576
1137,1,f_469,-0.008000000000000007,4.8391
1137,2,f_000,0.008,2895.09
1137,3,f_440,-0.008,17.7261
1137,4,f_212,-0.008,0.0223
1137,5,f_024,-0.008,-4170.5
571,1,f_130,-0.015506382978723407,0.6627
571,2,f_446,-0.008,1.0821
571,3,f_341,0.008,2.7846
571,4,f_340,-0.008,0.104
571,5,f_058,-0.008,4.5122
698,1,f_310,-0.015117739799457651,0.222
698,2,f_473,0.007530212765957445,45.9519
698,3,f_034,-0.0040000000000000036,49.8348
698,4,f_424,-0.0040000000000000036,3.5871
698,5,f_377,-0.0040000000000000036,0.0018
678,1,f_182,-0.01571404255319149,21.17
678,2,f_365,-0.011741276595744699,0.003
678,3,f_454,-0.008000000000000007,16.06
678,4,f_499,-0.008000000000000007,485.7831
678,5,f_341,0.007999999999999993,3.2029
989,1,f_033,-0.011999999999999997,8.1161
989,2,f_068,0.008000000000000004,144.3109
989,3,f_477,0.008000000000000004,8.1214
989,4,f_270,-0.007999999999999993,20.4571
989,5,f_035,-0.007875383940324707,64.5502
1237,1,f_547,-0.015999999999999973,388.152
1237,2,f_417,-0.011754893617021284,12.4793
1237,3,f_452,0.01168000000000001,4.135
1237,4,f_317,-0.01157942597031908,0.2951
1237,5,f_577,-0.007999999999999993,70.1626
1398,1,f_102,0.008,-0.0518
1398,2,f_317,-0.008,0.3101
1398,3,f_059,-0.008,-6.4945
1398,4,f_182,-0.008,14.8
1398,5,f_064,0.007731063829787228,26.4945
174,1,f_059,0.03178893617021278,17.1673
174,2,f_103,0.014694580577672367,-0.0022
174,3,f_058,-0.01183333333333332,4.4519
174,4,f_469,-0.008238297872340414,4.0895
174,5,f_033,0.008000000000000007,9.2405
1522,1,f_310,-0.008000000000000004,0.2561
1522,2,f_522,-0.007741276595744678,4.4109
1522,3,f_198,0.004,0.81
1522,4,f_026,-0.004,1.954
1522,5,f_437,-0.004,5.6822
288,1,f_563,-0.011751489361702144,0.7931
288,2,f_307,-0.011453072636019329,0.0887
288,3,f_282,0.008545598731165747,0.0101
288,4,f_341,-0.008000000000000007,3.6741
288,5,f_056,-0.008000000000000007,0.9354
1310,1,f_025,0.004,1.314
1310,2,f_002,0.004,2189.6778
1310,3,f_303,0.004,0.0486
1310,4,f_539,0.004,5.5047
1310,5,f_020,0.004,1.4192
643,1,f_310,-0.016,0.2497
643,2,f_552,-0.011765106382978716,0.5507
643,3,f_151,-0.011731063829787253,7.422
643,4,f_351,-0.011724255319148932,0.0122
643,5,f_159,-0.011377574370709381,263.0
1482,1,f_355,0.011927080270508678,0.1099
1482,2,f_130,-0.01152907952115887,0.592
1482,3,f_182,-0.011252744064217453,15.89
1482,4,f_019,0.008,12.9898
1482,5,f_477,0.0040000000000000036,8.3401
847,1,f_333,0.011999999999999997,6.8652
847,2,f_547,-0.011999999999999997,396.752
847,3,f_497,-0.008000000000000007,6.8944
847,4,f_296,-0.008000000000000007,3521.3139
847,5,f_088,-0.008000000000000007,1668.0622
245,1,f_103,0.02340765957446808,-0.0072
245,2,f_250,-0.015040009625606143,41.4401
245,3,f_477,0.011999999999999983,12.6203
245,4,f_175,-0.011799148936170206,0.6217
245,5,f_341,0.011636719154302005,4.7611
219,1,f_059,-0.0117140425531915,5.9945
219,2,f_103,0.008777872340425527,-0.0002
219,3,f_000,0.00799999999999998,2912.76
219,4,f_321,-0.007775319148936186,3.6439
219,5,f_310,-0.007751489361702127,0.2847
1080,1,f_021,0.008000000000000007,-5264.0
1080,2,f_023,0.008000000000000007,-994.0
1080,3,f_136,-0.008,70.8
1080,4,f_167,-0.0040000000000000036,2.2
1080,5,f_213,-0.0040000000000000036,0.0152
545,1,f_198,-0.008234893617021295,0.208
545,2,f_031,-0.007999999999999986,4.6684
545,3,f_250,-0.007999999999999986,68.0631
545,4,f_312,0.007771914893617025,0.0494
545,5,f_033,0.0077344680851063816,8.5135
313,1,f_130,-0.011754893617021284,0.6518
313,2,f_065,0.01175148936170213,31.7642
313,3,f_144,0.008000000000000007,0.0871
313,4,f_319,-0.007999999999999993,5.1863
313,5,f_036,-0.007999999999999993,40.6512
1219,1,f_035,-0.008,64.2989
1219,2,f_129,-0.007744680851063834,-3.072
1219,3,f_522,-0.007507987220447279,6.3636
1219,4,f_440,-0.004455727837541508,22.7345
1219,5,f_542,-0.004262127659574476,0.115
444,1,f_446,-0.015999999999999973,1.0315
444,2,f_341,0.01200000000000001,2.9654
444,3,f_175,-0.011215140262908221,0.6831
444,4,f_281,0.008000000000000021,0.012
444,5,f_225,-0.007999999999999993,559.2002
956,1,f_035,-0.007697021276595745,76.2508
956,2,f_446,-0.007164485529818812,1.0044
956,3,f_213,-0.004117389399912394,0.0143
956,4,f_453,-0.0040000000000000036,7.7498
956,5,f_079,-0.0040000000000000036,-0.0037
296,1,f_162,-0.01175489361702127,96.0
296,2,f_021,-0.007944673971618466,-6483.75
296,3,f_472,0.0040000000000000036,120.8935
296,4,f_070,0.0040000000000000036,611.3082
296,5,f_215,0.0040000000000000036,0.0859
344,1,f_059,0.015717446808510636,14.0673
344,2,f_152,0.012228085106382972,1.0018
344,3,f_296,-0.007855379188712514,229.9947
344,4,f_295,-0.00775489361702128,135.5089
344,5,f_287,0.007538091419406576,0.2706
972,1,f_129,-0.012,-2.647
972,2,f_468,-0.007999999999999997,279.8434
972,3,f_577,-0.007724255319148932,17.0028
972,4,f_051,-0.004,230.6777
972,5,f_021,-0.004,-5274.25
720,1,f_033,-0.011999999999999997,8.3436
720,2,f_459,-0.008,2.3468
720,3,f_351,-0.007737872340425542,0.0089
720,4,f_203,0.0040000000000000036,38.811
720,5,f_156,0.0040000000000000036,0.0616
1138,1,f_125,-0.011407407407407408,1.617
1138,2,f_147,0.00788732394366197,0.006
1138,3,f_023,0.007851721094439539,-3360.75
1138,4,f_135,-0.0077719148936170185,139.0
1138,5,f_248,-0.004265531914893608,0.0065
563,1,f_341,0.01201288997522925,5.9046
563,2,f_446,-0.011999999999999983,0.9937
563,3,f_175,-0.011999999999999983,0.6583
563,4,f_058,-0.011999999999999983,4.4937
563,5,f_066,-0.007999999999999993,727.4027
1541,1,f_425,0.011255538227917215,11.4608
1541,2,f_033,-0.008,8.3267
1541,3,f_035,0.004,63.9771
1541,4,f_438,0.004,66.9767
1541,5,f_351,-0.004,0.008
1098,1,f_007,-0.008,0.1203
1098,2,f_216,0.007634099961789733,0.179
1098,3,f_552,-0.007368258859784281,0.3581
1098,4,f_215,0.0040000000000000036,0.1143
1098,5,f_432,0.0040000000000000036,27.3428
187,1,f_103,0.023758297872340406,-0.0018
187,2,f_064,0.023492765957446787,39.5164
187,3,f_058,-0.019336073920534075,4.45
187,4,f_445,-0.01200000000000001,0.4182
187,5,f_065,0.011999999999999983,49.9263
786,1,f_033,-0.019999999999999997,8.3006
786,2,f_028,-0.012000000000000004,73.6889
786,3,f_250,-0.011209425071972472,48.709
786,4,f_163,0.008,0.211
786,5,f_195,-0.008,0.2
228,1,f_205,0.02748595744680854,13.31
228,2,f_064,0.019652765957446833,41.8473
228,3,f_103,0.015999999999999986,-0.0049
228,4,f_341,0.015731063829787256,3.5894
228,5,f_065,0.015689633660697228,52.5657
18,1,f_103,0.015159148936170215,-0.0052
18,2,f_416,-0.011869947275922665,4.3793
18,3,f_268,-0.007999999999999993,36.442
18,4,f_377,-0.007999999999999993,0.0019
18,5,f_102,-0.007999999999999993,0.0373
674,1,f_317,-0.008,0.2648
674,2,f_033,-0.008,8.3331
674,3,f_021,0.007748085106382977,-5249.25
674,4,f_103,0.00771404255319149,-0.0082
674,5,f_377,-0.0040000000000000036,0.0019
905,1,f_213,-0.01200000000000001,0.0066
905,2,f_351,-0.011999999999999997,0.0029
905,3,f_286,-0.008000000000000007,22.1841
905,4,f_331,0.008,0.1065
905,5,f_490,0.008,23.1934
176,1,f_064,0.01573446808510638,33.1245
176,2,f_459,-0.011999999999999997,1.6746
176,3,f_200,-0.011999999999999997,12.24
176,4,f_477,-0.011999999999999997,2.9643
176,5,f_460,-0.011857205817540767,13.4659
352,1,f_348,0.016000000000000007,0.0592
352,2,f_130,-0.007849775271297946,0.6518
352,3,f_059,0.007845654779742292,6.3364
352,4,f_487,-0.0040000000000000036,0.0
352,5,f_549,-0.0040000000000000036,1.0509
887,1,f_281,0.012000000000000004,0.0116
887,2,f_336,0.007703829787234044,9.7387
887,3,f_200,0.007421276595744687,23.24
887,4,f_542,0.006647212694798267,0.1066
887,5,f_213,-0.0040000000000000036,0.0217
173,1,f_510,0.019004229342464624,160.0
173,2,f_059,0.01585061753742159,26.0509
173,3,f_031,-0.015727319149813998,4.6918
173,4,f_335,-0.008000000000000007,1.5614
173,5,f_420,0.007659574468085101,9.5641
1407,1,f_033,-0.008,8.2963
1407,2,f_031,-0.008,3.2527
1407,3,f_446,-0.008,0.9151
1407,4,f_223,-0.008,73.5779
1407,5,f_205,-0.008,4.17
1352,1,f_175,-0.008,0.6553
1352,2,f_574,0.0040000000000000105,3.4925
1352,3,f_250,0.0040000000000000105,34.2129
1352,4,f_290,0.0040000000000000105,0.1207
1352,5,f_018,0.0040000000000000105,188.5466
520,1,f_205,-0.011805957446808513,4.55
520,2,f_431,-0.011697021276595741,8.7419
520,3,f_527,-0.01168669705760464,8.9418
520,4,f_510,-0.008,119.174
520,5,f_368,-0.007741276595744674,0.0024
834,1,f_014,0.01200000000000001,3.448
834,2,f_586,0.011257872340425523,0.0545
834,3,f_316,0.008000000000000007,5.009
834,4,f_175,-0.007999999999999993,0.6522
834,5,f_001,-0.007999999999999993,2435.34
464,1,f_254,-0.01199999999999999,0.0354
464,2,f_341,0.00825191489361702,3.3149
464,3,f_208,-0.007999999999999993,106.253
464,4,f_460,-0.007869947275922669,9.6613
464,5,f_255,-0.004797047970479702,0.6452
476,1,f_059,0.011748085106382977,9.4864
476,2,f_563,-0.008000000000000007,0.8092
476,3,f_174,-0.008000000000000007,0.4023
476,4,f_078,0.008,-0.0654
476,5,f_065,0.008,36.6135
515,1,f_103,0.016000000000000028,-0.0081
515,2,f_125,-0.015703829787234003,1.418
515,3,f_059,0.01403709622752064,9.2827
515,4,f_117,-0.01212642669007899,59.8385
515,5,f_135,-0.011999999999999983,308.0
953,1,f_130,-0.012000000000000004,0.5949
953,2,f_122,-0.011999999999999997,6.086
953,3,f_577,-0.011734468085106392,17.0028
953,4,f_121,-0.008000000000000007,15.72
953,5,f_146,0.008,0.0294
440,1,f_417,0.016,3.4708
440,2,f_349,0.008,0.0954
440,3,f_115,0.007458723404255324,647.2282
440,4,f_577,-0.006811565077441704,34.5557
440,5,f_415,0.0040000000000000036,2.4696
872,1,f_033,-0.015349491790461293,8.3542
872,2,f_125,-0.011737872340425524,1.824
872,3,f_130,-0.007999999999999993,0.5952
872,4,f_009,-0.004101341281669141,0.0142
872,5,f_059,0.0040000000000000036,3.0945
392,1,f_021,0.016,-4929.5
392,2,f_213,-0.015999999999999986,0.0142
392,3,f_059,0.011901161059839238,5.0473
392,4,f_351,-0.008000000000000007,0.0068
392,5,f_316,0.007765106382978719,5.2693
512,1,f_175,-0.008,0.6482
512,2,f_250,-0.008,46.236
512,3,f_000,0.004,3008.5
512,4,f_587,0.004,0.0217
512,5,f_554,0.004,0.286
1456,1,f_205,0.009050126778984993,12.5
1456,2,f_511,0.007744680851063834,971.4286
1456,3,f_253,0.007717446808510636,0.0129
1456,4,f_121,-0.007680000000000006,15.7
1456,5,f_522,-0.0075623491552695155,7.2194
287,1,f_059,0.01970241507974428,22.7173
287,2,f_420,0.01200000000000001,2.7002
287,3,f_309,-0.011999999999999997,0.0888
287,4,f_130,-0.011438297872340422,0.6383
287,5,f_172,-0.007999999999999993,0.2411
121,1,f_064,0.03224900126041726,33.0082
121,2,f_065,0.015999999999999986,44.0701
121,3,f_007,-0.011999999999999983,0.1276
121,4,f_075,-0.011999999999999983,-0.0573
121,5,f_059,0.011550200803212868,6.9918
1094,1,f_144,0.008000000000000035,0.0846
1094,2,f_333,0.008000000000000007,6.8807
1094,3,f_336,0.008000000000000007,13.9702
1094,4,f_015,-0.007999999999999993,434.2063
1094,5,f_359,-0.007999999999999965,0.0117
337,1,f_031,-0.008,4.6656
337,2,f_130,-0.006916306168477833,0.6421
337,3,f_205,0.0042553191489361625,10.54
337,4,f_476,-0.0040000000000000036,35.9214
337,5,f_555,-0.0040000000000000036,207.1889
1249,1,f_105,-0.007614497528830311,0.0034
1249,2,f_140,-0.007312735493594569,0.0938
1249,3,f_025,-0.0040000000000000036,1.2597
1249,4,f_287,0.0040000000000000036,0.2197
1249,5,f_431,-0.0040000000000000036,13.3284
629,1,f_310,-0.011862676056338041,0.2619
629,2,f_446,-0.008,0.9033
629,3,f_033,-0.008,8.5459
629,4,f_102,-0.0040000000000000105,0.0777
629,5,f_146,-0.0040000000000000105,0.0939
1397,1,f_064,0.019768510638297904,26.6443
1397,2,f_076,-0.016000000000000014,0.0004
1397,3,f_065,0.015441702127659593,96.3465
1397,4,f_213,-0.011737872340425504,0.0214
1397,5,f_351,-0.011692821368948225,0.0093
748,1,f_047,-0.01139460221444915,0.8924
748,2,f_059,-0.0077344680851063816,-2.3691
748,3,f_320,-0.004302978723404252,0.0273
748,4,f_121,-0.0040000000000000036,15.59
748,5,f_556,-0.0040000000000000036,3.1904
1274,1,f_341,0.011472340425531916,3.7928
1274,2,f_343,-0.008,3.6773
1274,3,f_479,-0.008,2.198
1274,4,f_576,-0.007734468085106375,83.919
1274,5,f_215,-0.0040000000000000036,0.0865
1106,1,f_577,-0.01130474040632054,54.8262
1106,2,f_510,0.011191391475766432,64.5503
1106,3,f_124,-0.007765106382978726,15.69
1106,4,f_161,-0.00745440126883426,1544.0
1106,5,f_483,-0.0040000000000000036,236.9069
691,1,f_446,-0.015748085106382967,0.8333
691,2,f_417,0.01155020080321286,4.4435
691,3,f_175,-0.008,0.5536
691,4,f_563,-0.007693617021276591,0.8867
691,5,f_291,0.007682006468529033,0.007
1537,1,f_061,0.007499574468085104,9.6991
1537,2,f_033,-0.0040000000000000036,8.5529
1537,3,f_455,-0.0040000000000000036,2.9032
1537,4,f_430,-0.0040000000000000036,6.8893
1537,5,f_573,-0.0040000000000000036,0.5545
20,1,f_103,0.01200000000000001,-0.0051
20,2,f_159,-0.011724255319148946,227.0
20,3,f_007,-0.011507987220447297,0.1195
20,4,f_053,-0.008630616907844627,4.668
20,5,f_200,-0.008000000000000007,11.21
496,1,f_368,-0.008,0.0018
496,2,f_217,0.008,0.1367
496,3,f_452,0.008,4.4805
496,4,f_540,0.007754893617021266,3.7545
496,5,f_319,0.0040000000000000036,10.9154
325,1,f_125,-0.020000000000000018,1.39
325,2,f_510,0.01999999999999999,82.5911
325,3,f_205,0.01945872340425528,20.1
325,4,f_124,-0.01200000000000001,15.67
325,5,f_477,0.011999999999999983,13.7105
1099,1,f_078,-0.008,0.0124
1099,2,f_081,0.008,-0.0098
1099,3,f_155,0.00771063829787234,0.4
1099,4,f_587,-0.0077072340425531835,0.0079
1099,5,f_024,-0.007507987220447286,10981.5
502,1,f_446,-0.01200000000000001,0.8656
502,2,f_319,-0.01200000000000001,11.4179
502,3,f_105,-0.01200000000000001,0.0127
502,4,f_310,-0.011758297872340423,0.212
502,5,f_139,-0.008000000000000007,165.9249
611,1,f_511,0.008000000000000004,940.0
611,2,f_159,-0.007999999999999993,151.0
611,3,f_294,-0.007979574468085102,83.8053
611,4,f_430,-0.007717446808510636,2.3422
611,5,f_267,0.0040000000000000036,0.0291
79,1,f_155,0.011588307672852585,0.52
79,2,f_468,0.011185399466811574,18.6263
79,3,f_200,-0.008262127659574459,11.72
79,4,f_143,-0.007999999999999993,0.0056
79,5,f_426,-0.007999999999999993,2.3661
582,1,f_063,0.011999999999999997,18.1719
582,2,f_102,0.01185355094838994,-0.0952
582,3,f_455,0.008000000000000007,4.8247
582,4,f_523,0.008000000000000007,0.0537
582,5,f_155,0.008000000000000007,0.35
1466,1,f_577,0.0076970212765957455,67.4386
1466,2,f_341,0.004,3.406
1466,3,f_475,0.004,2.8175
1466,4,f_496,-0.003999999999999998,12.8972
1466,5,f_317,-0.003999999999999998,0.2483
776,1,f_033,-0.007731063829787235,8.5801
776,2,f_429,0.0040000000000000036,6.8225
776,3,f_434,0.0040000000000000036,15.0725
776,4,f_542,0.0040000000000000036,0.1079
776,5,f_366,0.0040000000000000036,0.0031
518,1,f_059,0.034531273461746656,13.3709
518,2,f_211,0.011123755334281657,0.2225
518,3,f_577,0.010739366337646702,6.244
518,4,f_126,0.008000000000000007,3.955
518,5,f_125,0.008000000000000007,1.418
818,1,f_033,-0.008,8.5003
818,2,f_549,-0.0040000000000000036,2.1898
818,3,f_563,-0.0040000000000000036,0.8533
818,4,f_181,-0.0040000000000000036,0.214
818,5,f_490,-0.0040000000000000036,30.3754
954,1,f_026,-0.008000000000000004,1.8657
954,2,f_174,-0.007751489361702134,0.4195
954,3,f_122,-0.0040000000000000036,6.063
954,4,f_024,-0.0040000000000000036,1537.75
954,5,f_016,-0.0040000000000000036,9.1953
947,1,f_130,-0.008000000000000007,0.5524
947,2,f_122,-0.007717446808510636,5.999
947,3,f_577,-0.0071237553342816465,16.7005
947,4,f_015,-0.0040000000000000036,402.7519
947,5,f_076,-0.0040000000000000036,-0.0045
658,1,f_175,-0.008,0.5729
658,2,f_031,-0.007744680851063834,4.653
658,3,f_424,0.0077344680851063885,1.1053
658,4,f_488,0.00747234042553192,57.8073
658,5,f_021,-0.007123755334281653,-6551.5
939,1,f_577,-0.008,20.3592
939,2,f_430,-0.0040000000000000036,5.6912
939,3,f_468,-0.0040000000000000036,305.0027
939,4,f_335,-0.0040000000000000036,1.5936
939,5,f_473,-0.0040000000000000036,28.4827
855,1,f_445,-0.008,0.4351
855,2,f_561,0.007896150402864819,11.0253
855,3,f_130,-0.007435270534867228,0.6717
855,4,f_143,0.0040000000000000036,0.0028
855,5,f_489,0.0040000000000000036,19.5564
1360,1,f_454,-0.008000000000000021,10.7115
1360,2,f_432,-0.008000000000000021,36.1147
1360,3,f_561,-0.008000000000000021,12.2248
1360,4,f_270,0.007999999999999993,27.4915
1360,5,f_021,0.007999999999999993,-5393.5
178,1,f_146,-0.011999999999999997,0.1197
178,2,f_333,-0.008734876773711722,4.5093
178,3,f_064,0.008000000000000007,33.3573
178,4,f_056,0.008000000000000007,0.9317
178,5,f_068,0.008000000000000007,143.2891
1129,1,f_047,0.010695076997938618,0.4967
1129,2,f_163,0.008,0.157
1129,3,f_199,-0.007999999999999993,5.12
1129,4,f_021,-0.007999999999999993,-5741.75
1129,5,f_081,0.007923416789396169,0.0266
1150,1,f_569,0.007162123385939745,41.9636
1150,2,f_282,0.0040000000000000105,0.0024
1150,3,f_103,0.0040000000000000105,-0.0148
1150,4,f_093,0.0040000000000000036,0.0104
1150,5,f_017,0.0040000000000000036,0.9822
1333,1,f_477,0.019771914893617015,8.6184
1333,2,f_207,-0.011862676056338034,10.14
1333,3,f_059,0.008292044366564402,6.2636
1333,4,f_135,-0.008000000000000007,124.0
1333,5,f_090,-0.008000000000000007,8989.5801
457,1,f_205,0.023761702127659587,320.05
457,2,f_062,-0.012431561996779389,287.1509
457,3,f_286,-0.011754893617021284,1.7263
457,4,f_064,0.011183627459740081,34.17
457,5,f_182,-0.009252830188679256,16.08
1375,1,f_103,0.010514634939789214,-0.0073
1375,2,f_200,-0.007999999999999993,13.8
1375,3,f_227,-0.007999999999999993,0.0127
1375,4,f_295,-0.007700425531914898,97.3961
1375,5,f_408,0.00477390659747963,3.6629
1070,1,f_059,0.007999999999999993,4.8791
1070,2,f_455,-0.007999999999999993,2.4628
1070,3,f_129,-0.007999999999999993,-2.553
1070,4,f_000,0.0040000000000000036,2945.66
1070,5,f_411,0.0040000000000000036,3.3317
141,1,f_064,0.04696922177344395,37.9336
141,2,f_063,0.015507987220447286,29.0909
141,3,f_065,0.01200000000000001,50.0217
141,4,f_103,0.01200000000000001,-0.0045
141,5,f_510,0.011751489361702144,103.8674
1268,1,f_307,-0.012000000000000004,0.0683
1268,2,f_488,0.01168669705760464,51.5337
1268,3,f_162,0.008000000000000007,16595.0
1268,4,f_130,-0.008,0.6778
1268,5,f_122,-0.008,4.269
1344,1,f_455,-0.008,2.1367
1344,2,f_200,-0.008,7.33
1344,3,f_428,-0.008,9.8811
1344,4,f_454,-0.008,14.1817
1344,5,f_497,-0.007737872340425528,20.4416
1396,1,f_341,0.01552602081665333,4.197
1396,2,f_182,-0.008,14.78
1396,3,f_205,0.007792340425531917,12.57
1396,4,f_542,-0.007703829787234044,0.1139
1396,5,f_317,-0.007680000000000013,0.2456
932,1,f_333,-0.008000000000000007,4.944
932,2,f_589,-0.0040000000000000036,116.6826
932,3,f_122,-0.0040000000000000036,6.063
932,4,f_344,-0.0040000000000000036,7.9523
932,5,f_216,-0.0040000000000000036,0.092
1036,1,f_341,0.01514997236168577,3.9688
1036,2,f_452,-0.004581091468101463,7.0885
1036,3,f_417,-0.0040000000000000036,10.0981
1036,4,f_176,-0.0040000000000000036,0.1245
1036,5,f_200,-0.0040000000000000036,9.84
1366,1,f_140,-0.012000000000000004,0.0955
1366,2,f_540,0.007478122513922034,3.4837
1366,3,f_131,-0.0040000000000000036,0.9951
1366,4,f_014,-0.0040000000000000036,11.8035
1366,5,f_549,-0.0040000000000000036,0.8404
865,1,f_577,-0.015438297872340433,17.6552
865,2,f_033,-0.008,8.3273
865,3,f_021,0.007999999999999993,-5348.75
865,4,f_274,-0.007748085106382974,293.4583
865,5,f_527,-0.0040000000000000036,2.5095
1479,1,f_351,-0.010932570886369827,0.0094
1479,2,f_021,0.008,-5115.25
1479,3,f_336,0.008,10.6666
1479,4,f_199,0.0077344680851063885,21.23
1479,5,f_577,-0.007501995211492432,21.7713
1271,1,f_103,0.015226093402520374,-0.0078
1271,2,f_132,0.01174127659574467,2.1911
1271,3,f_155,-0.008000000000000021,0.66
1271,4,f_304,-0.008000000000000021,0.239
1271,5,f_486,-0.008000000000000021,723.622
579,1,f_351,-0.014847563227619452,0.0076
579,2,f_021,0.007901161059839235,-5410.0
579,3,f_153,0.0077719148936170185,0.0043
579,4,f_549,-0.007430830039525695,2.136
579,5,f_490,0.003999999999999997,32.944
524,1,f_577,-0.008,55.411
524,2,f_452,0.008,4.3348
524,3,f_424,-0.006908811913566279,3.51
524,4,f_321,-0.0040000000000000036,2.9255
524,5,f_066,-0.0040000000000000036,716.9754
793,1,f_323,-0.008000000000000007,3.1536
793,2,f_205,0.007999999999999993,13.25
793,3,f_160,0.007999999999999993,802.0
793,4,f_166,0.007799148936170203,1.4
793,5,f_420,0.007737872340425514,2.4361
862,1,f_577,-0.01574127659574468,19.0062
862,2,f_125,-0.007782127659574464,1.607
862,3,f_282,0.00775489361702128,0.0088
862,4,f_033,-0.007741276595744681,8.272
862,5,f_339,0.007597441162355202,12.2961
978,1,f_213,-0.015765106382978723,0.0154
978,2,f_035,-0.012,64.5531
978,3,f_130,-0.012,0.5882
978,4,f_205,-0.007720851063829786,11.51
978,5,f_434,0.0040000000000000036,8.0406
635,1,f_341,0.023765106382978726,4.4041
635,2,f_340,-0.011860854249229419,0.1572
635,3,f_407,-0.008000000000000007,0.7079
635,4,f_033,-0.008000000000000007,8.5788
635,5,f_425,0.007999999999999993,13.7367
912,1,f_008,-0.008000000000000007,1.3527
912,2,f_143,-0.008000000000000007,0.0064
912,3,f_021,0.007617504051863851,-5335.0
912,4,f_475,0.007186366793674341,5.0669
912,5,f_213,-0.004382495948136153,0.0333
750,1,f_341,0.008000000000000021,2.7975
750,2,f_062,0.008000000000000021,95.8909
750,3,f_309,-0.007999999999999993,0.0908
750,4,f_460,-0.007857205817540777,17.7238
750,5,f_218,0.007765106382978726,2.0052
1441,1,f_021,0.008,-5264.5
1441,2,f_037,-0.004,66.0643
1441,3,f_056,-0.004,0.8766
1441,4,f_033,-0.004,8.2061
1441,5,f_366,-0.004,0.0031
1309,1,f_454,-0.011748085106382977,14.8629
1309,2,f_216,0.011100343011829439,0.15
1309,3,f_480,-0.008000000000000007,107.9388
1309,4,f_028,-0.008000000000000007,73.1444
1309,5,f_033,-0.008000000000000007,8.5735
306,1,f_059,0.019788936170212768,23.2655
306,2,f_351,-0.011999999999999997,0.0095
306,3,f_213,-0.008467948717948717,0.0218
306,4,f_172,-0.008234893617021288,0.2411
306,5,f_294,0.008000000000000007,427.0655
1531,1,f_169,-0.012000000000000004,0.769
1531,2,f_377,-0.008,0.0019
1531,3,f_130,-0.008,0.6595
1531,4,f_120,-0.0040000000000000036,6.4947
1531,5,f_425,-0.0040000000000000036,2.6212
769,1,f_103,0.011424680851063837,-0.0028
769,2,f_001,-0.008000000000000007,2368.34
769,3,f_213,-0.008000000000000007,0.0231
769,4,f_468,0.007999999999999993,66.147
769,5,f_341,0.007727659574468096,3.9223
1305,1,f_103,0.016000000000000014,-0.0087
1305,2,f_280,-0.011999999999999983,0.0253
1305,3,f_132,0.011741276595744685,2.1911
1305,4,f_014,0.008000000000000007,4.7356
1305,5,f_316,0.008000000000000007,4.9714
1283,1,f_577,-0.011501995211492436,20.0671
1283,2,f_432,-0.008000000000000021,18.4607
1283,3,f_124,-0.007903657448706511,15.62
1283,4,f_545,-0.007768510638297879,10.4879
1283,5,f_104,0.007714042553191483,-0.0021
326,1,f_059,0.043233853006681505,14.75
326,2,f_031,-0.032,4.6686
326,3,f_477,0.02372425531914893,9.9885
326,4,f_033,-0.01999999999999999,8.531
326,5,f_205,0.015792340425531903,15.69
458,1,f_180,-0.008,21.62
458,2,f_121,-0.008,15.72
458,3,f_393,-0.008,0.2051
458,4,f_021,0.008,-5183.0
458,5,f_333,0.008,6.8021
9,1,f_477,0.011685829452621324,16.9701
9,2,f_103,0.011513988808952852,-0.0073
9,3,f_444,-0.00799999999999998,1.0969
9,4,f_333,-0.00799999999999998,4.6386
9,5,f_307,-0.0077344680851063885,0.1665
615,1,f_275,-0.012000000000000004,0.0383
615,2,f_122,-0.008,4.332
615,3,f_351,-0.007177960534521903,0.0141
615,4,f_007,-0.0040000000000000036,0.1234
615,5,f_084,-0.0040000000000000036,0.1357
1208,1,f_081,0.012195757214928084,0.0225
1208,2,f_059,-0.01200000000000001,-3.01
1208,3,f_015,-0.008000000000000007,401.6595
1208,4,f_544,-0.008000000000000007,0.0021
1208,5,f_028,-0.008000000000000007,75.2667
936,1,f_129,-0.011999999999999993,-3.496
936,2,f_130,-0.011484076433121018,0.5638
936,3,f_028,-0.007778723404255318,75.5556
936,4,f_033,-0.007731063829787232,8.5571
936,5,f_118,0.004,0.6055
1350,1,f_290,0.008,0.1244
1350,2,f_281,-0.007086234897488421,0.0257
1350,3,f_408,0.0040000000000000036,3.6629
1350,4,f_298,0.0040000000000000036,0.0798
1350,5,f_574,0.0040000000000000036,3.4925
1222,1,f_033,-0.01200000000000001,8.3808
1222,2,f_132,0.011999999999999997,2.1996
1222,3,f_121,0.011117238844560812,16.03
1222,4,f_488,0.008074893617021281,46.6476
1222,5,f_215,-0.008000000000000007,0.0944
1218,1,f_103,0.019557769949743994,-0.0056
1218,2,f_075,-0.01171744680851064,-0.0291
1218,3,f_524,-0.008000000000000007,2.6269
1218,4,f_469,-0.008000000000000007,4.4788
1218,5,f_468,-0.008000000000000007,0.0
1197,1,f_213,-0.011328798185941048,0.0333
1197,2,f_075,-0.0040000000000000036,-0.0257
1197,3,f_351,-0.0040000000000000036,0.0136
1197,4,f_210,-0.0040000000000000036,0.0943
1197,5,f_549,-0.0040000000000000036,0.2235
5,1,f_059,0.03920524277141299,28.2955
5,2,f_103,0.03411530245836514,-0.0052
5,3,f_310,-0.019920967266293138,0.2839
5,4,f_205,0.012187162432004406,12.32
5,5,f_091,-0.01200000000000001,-0.113
307,1,f_205,0.01176510638297873,12.44
307,2,f_064,0.01167319148936171,27.8309
307,3,f_446,-0.008,0.9883
307,4,f_467,-0.008,2.0939
307,5,f_341,0.008,3.7986
336,1,f_059,0.012017021276595749,5.8091
336,2,f_064,0.008265531914893598,34.1909
336,3,f_065,-0.008242347305806419,38.9877
336,4,f_499,-0.007999999999999993,676.9231
336,5,f_137,-0.007999999999999993,197.3
1052,1,f_129,-0.015741276595744688,-3.119
1052,2,f_275,-0.012000000000000025,0.0341
1052,3,f_015,-0.0115320512820513,400.5376
1052,4,f_365,-0.008000000000000021,0.0027
1052,5,f_474,-0.008000000000000021,22.1864
1357,1,f_197,-0.008000000000000007,14.23
1357,2,f_287,0.007999999999999993,0.2238
1357,3,f_155,-0.007744680851063834,0.35
1357,4,f_059,0.007736249366258996,-4.8609
1357,5,f_405,0.007714042553191483,0.01
1364,1,f_103,0.027220268078319565,-0.0064
1364,2,f_452,0.01973787234042554,4.4176
1364,3,f_562,-0.015999999999999986,279.47
1364,4,f_227,-0.011999999999999983,0.011
1364,5,f_121,-0.011679999999999996,15.7
1382,1,f_156,-0.008,0.0238
1382,2,f_316,0.008,4.8265
1382,3,f_488,0.007741276595744681,56.4885
1382,4,f_008,-0.007532051282051283,1.2877
1382,5,f_076,0.0040000000000000036,-0.031
1245,1,f_499,-0.008000000000000007,672.3404
1245,2,f_460,0.007999999999999986,15.5744
1245,3,f_081,0.007999999999999986,-0.0097
1245,4,f_014,0.007999999999999986,5.8585
1245,5,f_129,0.007069570296203573,-2.033
640,1,f_365,-0.011367368171895965,0.0024
640,2,f_031,-0.008,4.6586
640,3,f_341,0.008,3.7186
640,4,f_477,0.008,8.9009
640,5,f_429,-0.0040000000000000036,2.2561
1390,1,f_446,-0.011731063829787235,0.9462
1390,2,f_173,-0.004,0.6142
1390,3,f_135,-0.004,212.0
1390,4,f_213,-0.004,0.0357
1390,5,f_223,-0.004,110.3033
576,1,f_510,0.007999999999999993,54.9102
576,2,f_468,-0.007999999999999993,600.6613
576,3,f_352,-0.0077480851063829875,0.0165
576,4,f_541,0.0076336633663366266,13.3877
576,5,f_153,0.007618136723046981,0.0042
1295,1,f_483,-0.008,474.6154
1295,2,f_006,-0.008,112.1367
1295,3,f_175,-0.007999999999999986,0.6553
1295,4,f_021,0.007710638297872351,-5194.75
1295,5,f_037,-0.007496012759170632,66.432
550,1,f_488,0.01138579067990833,0.0
550,2,f_099,0.008000000000000007,0.1395
550,3,f_153,0.007771914893617032,0.004
550,4,f_180,0.007737872340425542,15.51
550,5,f_137,-0.007724255319148929,203.7
372,1,f_250,-0.008000000000000007,70.2481
372,2,f_377,-0.008000000000000007,0.0019
372,3,f_022,-0.008000000000000007,3089.5
372,4,f_103,0.007999999999999993,-0.0085
372,5,f_025,-0.007737872340425528,0.9748
1499,1,f_279,0.007907390917186112,0.015
1499,2,f_546,0.0040000000000000036,0.4936
1499,3,f_082,0.0040000000000000036,-0.0549
1499,4,f_036,0.0040000000000000036,49.7289
1499,5,f_210,0.0040000000000000036,0.1074
231,1,f_160,-0.008,267.0
231,2,f_300,-0.008,0.1975
231,3,f_459,-0.007765106382978719,1.1979
231,4,f_577,-0.0077344680851063816,23.3076
231,5,f_455,-0.007703829787234044,2.1472
672,1,f_454,-0.008,17.1559
672,2,f_213,-0.007920967266293134,0.0231
672,3,f_567,-0.0040000000000000036,0.0382
672,4,f_468,-0.0040000000000000036,0.0
672,5,f_499,-0.0040000000000000036,309.6197
1474,1,f_488,0.008000000000000004,0.0
1474,2,f_154,-0.008,2.969
1474,3,f_130,-0.007332489188721668,0.6159
1474,4,f_065,0.0040000000000000036,29.0454
1474,5,f_460,0.0040000000000000036,20.0416
331,1,f_307,-0.011765106382978716,0.1091
331,2,f_446,-0.008000000000000007,1.0048
331,3,f_079,-0.008000000000000007,0.0461
331,4,f_215,-0.008000000000000007,0.0969
331,5,f_130,-0.008000000000000007,0.6751
1073,1,f_587,0.008,0.016
1073,2,f_561,-0.007999999999999993,14.3464
1073,3,f_071,0.007737872340425535,186.71
1073,4,f_460,-0.007703829787234037,14.8216
1073,5,f_017,0.007631871182261413,0.9688
1525,1,f_170,0.015550200803212857,1.153
1525,2,f_033,-0.008000000000000007,7.6032
1525,3,f_130,-0.007999999999999993,0.4199
1525,4,f_021,0.004473979183346681,-5138.5
1525,5,f_491,0.0040000000000000036,3.1047
753,1,f_454,-0.011748085106382977,16.3495
753,2,f_455,-0.008,2.8321
753,3,f_121,-0.008,15.62
753,4,f_102,0.0040000000000000036,0.187
753,5,f_363,0.0040000000000000036,211.819
715,1,f_424,-0.008289361702127664,1.2273
715,2,f_202,-0.007564255319148942,4.138
715,3,f_033,-0.00424851063829787,8.3273
715,4,f_429,-0.003999999999999997,2.2979
715,5,f_312,0.003999999999999997,0.0944
1226,1,f_169,-0.016,0.92
1226,2,f_359,-0.011999999999999997,0.0094
1226,3,f_316,0.011999999999999997,4.8794
1226,4,f_033,-0.011999999999999997,8.3808
1226,5,f_417,0.008000000000000007,2.7683
930,1,f_130,-0.015311163713484302,0.562
930,2,f_081,0.008,-0.0103
930,3,f_033,-0.008,8.3663
930,4,f_163,0.0040000000000000036,0.123
930,5,f_555,0.0040000000000000036,15.604
1058,1,f_213,-0.011999999999999983,0.0184
1058,2,f_351,-0.007999999999999993,0.0083
1058,3,f_287,-0.007788936170212757,0.0828
1058,4,f_059,-0.007526020816653309,-0.3727
1058,5,f_317,0.0040000000000000105,0.1904
238,1,f_059,0.035999999999999976,8.9764
238,2,f_064,0.03487999999999997,31.0236
238,3,f_341,0.03199999999999997,4.1887
238,4,f_103,0.03175148936170208,-0.0035
238,5,f_065,0.031538091419406555,39.7661
1272,1,f_121,0.015154685653071459,16.07
1272,2,f_103,0.012325113863580373,-0.0065
1272,3,f_405,0.008000000000000007,0.0062
1272,4,f_081,0.008000000000000007,-0.0103
1272,5,f_281,-0.00799999999999998,0.0191
442,1,f_198,-0.012000000000000004,0.206
442,2,f_336,-0.008173147778006089,7.352
442,3,f_113,-0.008000000000000007,0.9283
442,4,f_050,-0.008000000000000007,616.2291
442,5,f_155,0.00790490341753343,0.62
424,1,f_100,-0.015741276595744688,-0.0009
424,2,f_202,-0.011538091419406593,4.696
424,3,f_453,-0.008000000000000007,7.5838
424,4,f_549,-0.007744680851063834,0.9438
424,5,f_552,-0.0077344680851063885,0.4282
1493,1,f_123,-0.007879000438404213,15.54
1493,2,f_008,-0.007710638297872344,1.2634
1493,3,f_540,0.004,0.778
1493,4,f_200,-0.004,14.7
1493,5,f_558,-0.004,1.0046
1282,1,f_033,-0.016000000000000014,8.2345
1282,2,f_132,0.015741276595744674,2.1995
1282,3,f_510,0.008131868131868128,51.0386
1282,4,f_280,-0.008000000000000007,0.0286
1282,5,f_352,-0.008000000000000007,0.0122
